"CASEID","POINT_X","POINT_Y","YEAR_","LOCATION","CHPTYPE","DAYWEEK","CRASHSEV","VIOLCAT","KILLED","INJURED","WEATHER1","PEDCOL","BICCOL","MCCOL","TRUCKCOL","ETOH","TIMECAT","MONTH_","CRASHTYP","INVOLVE","PED","PRIMARYRD","SECONDRD","DISTANCE","DIRECT","INTERSECT_","PROCDATE","JURIS","DATE_","TIME_","BADGE","JURIDIST","SHIFT","POP","SPECIAL","BEATTYPE","LAPDDIV","BEATCLAS","BEATNUMB","WEATHER2","STATEHW","CALTRANC","CALTRAND","STROUTE","ROUTESUF","POSTPRE","POSTMILE","LOCATYPE","RAMP","SIDEHW","TOWAWAY","PARTIES","PCF","VIOLCODE","VIOL","VIOLSUB","HITRUN","ROADSURF","RDCOND1","RDCOND2","LIGHTING","RIGHTWAY","CHPRDTYP","NOTPRIV","STFAULT","CHPFAULT","SEVINJ","OTHERINJ","COP","PEDKILL","PEDINJ","BICKILL","BICINJ","MCKILL","MCINJURE","RAMP1","RAMP2","CITY","COUNTY","STATE","X_CHP","Y_CHP"
"90204318",-121.2060981,38.699933,2016,"3400","5","4","2","03",0,1,"A",,,,,"Y",2100,6,"C","C","A","OAK AVE","WALNUT AVE",30,"E","N","2016-06-17",9260,"2016-06-09",2035,"018276",,"2","9","0","3",,"2","003","-","N",,0,0,,,0,,,,"Y",2,"A","-",22350,,"N","A","H","-","B","A","0","Y","A","01",1,0,0,0,0,0,0,0,0,"-","-","UNINCORPORATED","SACRAMENTO","CA",0,0
"90204262",-121.4880555,38.6394992,2016,"3404","1","6","4","03",0,1,"A",,,,,,1200,5,"C","C","A","INTERSTATE 80 EASTBOUND","NORTHGATE BOULEVARD",3000,"W","N","2016-06-17",9250,"2016-05-28",940,"16290",,"1","7","0","1",,"2","182","-","Y",,0,0,,,0,,,,"Y",6,"A","-",22350,,"N","A","H","-","A","D","0","Y","A","07",0,0,1,0,0,0,0,0,0,"-","-","SACRAMENTO","SACRAMENTO","CA",0,0
"90204241",0,0,2016,"3404","1","6","2","03",0,1,"A",,,"Y",,,1800,6,"C","C","A","INTERSTATE 5 SOUTHBOUND","DEL PASO ROAD OVERCROSSONG",2200,"N","N","2016-06-17",9250,"2016-06-11",1730,"015369",,"2","7","0","1",,"2","106","-","Y",,0,0,,,0,,,,"N",2,"A","-",22350,,"N","A","H","-","A","D","0","Y","C","02",1,0,0,0,0,0,0,0,1,"-","-","SACRAMENTO","SACRAMENTO","CA",-121.53638,38.66155
"90204217",-121.1018908,38.5095207,2016,"3400","5","4","3","08",0,2,"A",,,,,,300,6,"E","J","A","STONEHOUSE RD","ESCUELA DR",1000,"N","N","2016-06-17",9260,"2016-06-09",125,"018691",,"3","9","0","3",,"2","001","-","N",,0,0,,,0,,,,"Y",1,"A","-",22107,,"N","A","H","-","D","D","0","Y","A","01",0,1,1,0,0,0,0,0,0,"-","-","UNINCORPORATED","SACRAMENTO","CA",-121.10187,38.50932
"90204172",-121.5122123,38.6141515,2016,"3404","1","3","4","03",0,4,"A",,,,,,2100,6,"C","C","A","INTERSTATE 5 NORTHBOUND","WEST EL CAMINO AVENUE",250,"S","N","2016-06-17",9250,"2016-06-01",1855,"16290",,"2","7","0","1",,"2","105","-","Y",,0,0,,,0,,,,"Y",3,"A","-",22350,,"N","A","H","-","A","D","0","Y","A","08",0,0,4,0,0,0,0,0,0,"-","-","SACRAMENTO","SACRAMENTO","CA",-121.51189,38.61408
"90204145",0,0,2016,"3400","S","3","3","07",0,3,"A",,,,,,1200,6,"E","I","A","US-50 WB TO I-5","6TH STREET ",100,"W","N","2016-06-17",9252,"2016-06-01",1000,"15367",,"1","9","0","1",,"2","904","-","Y",,0,0,,,0,,,,"Y",1,"A","-",21658,"A","F","A","H","-","A","D","0","Y","A","01",0,2,1,0,0,0,0,0,0,"-","-","UNINCORPORATED","SACRAMENTO","CA",-121.50556,38.56725
"90204058",-121.3517516,38.2909969,2016,"3400","5","2","3","08",0,3,"A",,,,,,1500,6,"F","A","A","TWIN CITIES RD","PELLANDINI RD",100,"W","N","2016-06-17",9252,"2016-06-14",1205,"012179",,"1","9","0","3",,"2","080","-","N",,0,0,,,0,,,,"Y",1,"A","-",22107,,"N","A","H","-","A","D","0","Y","A","08",0,3,0,0,0,0,0,0,0,"-","-","UNINCORPORATED","SACRAMENTO","CA",-121.2159,38.1727
"90203906",0,0,2016,"3400","1","7","2","03",0,2,"A",,,,,,1800,6,"C","C","A","I-80 W/B","NORWOOD AVE",1398,"W","N","2016-06-17",9250,"2016-06-12",1710,"019133",,"2","9","0","1",,"2","187","-","Y",,0,0,,,0,,,,"Y",3,"A","-",22350,,"N","A","D","H","A","D","0","Y","A","01",1,0,1,0,0,0,0,0,0,"-","-","UNINCORPORATED","SACRAMENTO","CA",-121.46196,38.64172
"90203885",0,0,2016,"3400","1","6","2","08",0,3,"A",,,,,,1800,6,"D","C","A","I-5 S/B","ARENA BLVD",1139,"N","N","2016-06-17",9250,"2016-06-11",1720,"019133",,"2","9","0","1",,"2","106","-","Y",,0,0,,,0,,,,"Y",2,"A","-",22107,,"N","A","H","-","A","D","0","Y","A","01",1,2,0,0,0,0,0,0,0,"-","-","UNINCORPORATED","SACRAMENTO","CA",-121.52957,38.64903
"90203868",0,0,2016,"3404","1","6","3","08",0,1,"A",,,"Y",,,1200,6,"F","I","A","I-80 E/B OFF RAMP TO TRUXEL RD.","TRUXEL RD",800,"W","N","2016-06-17",9250,"2016-06-11",920,"018374",,"1","7","0","1",,"2","181","-","Y",,0,0,,,0,,,,"Y",1,"A","-",22107,,"N","A","H","-","A","D","0","Y","C","02",0,1,0,0,0,0,0,0,1,"-","-","SACRAMENTO","SACRAMENTO","CA",0,0
"90203693",0,0,2016,"3404","2","2","4","21",0,1,"A",,,,,,1200,6,"C","C","A","US-50 E/B","STOCKTON BLVD",400,"E","N","2016-06-17",9252,"2016-06-07",1110,"013823",,"1","7","0","1",,"2","151","-","Y",,0,0,,,0,,,,"N",3,"A","-",22106,,"N","A","H","-","A","D","0","Y","D","22",0,0,1,0,0,0,0,0,0,"-","-","SACRAMENTO","SACRAMENTO","CA",-121.54347,38.49347
"90203695",-121.3434581,38.639082,2016,"3400","5","1","4","03",0,2,"A",,,,,,900,6,"C","C","A","CYPRESS AVE","TYRONE WAY",50,"E","N","2016-06-17",9250,"2016-06-06",845,"015272",,"1","9","0","3",,"2","050","-","N",,0,0,,,0,,,,"Y",3,"A","-",22350,,"N","A","H","-","A","D","0","Y","A","01",0,0,2,0,0,0,0,0,0,"-","-","UNINCORPORATED","SACRAMENTO","CA",0,0
"90203688",0,0,2016,"3404","3","2","4","03",0,2,"A",,,,,,1200,6,"C","C","A","SR-99 N/B","5TH AVE O/C",100,"N","N","2016-06-17",9252,"2016-06-07",1014,"013823",,"1","7","0","1",,"2","192","-","Y",,0,0,,,0,,,,"Y",2,"A","-",22350,,"N","A","H","-","A","D","0","Y","A","01",0,0,2,0,0,0,0,0,0,"-","-","SACRAMENTO","SACRAMENTO","CA",-121.54347,38.49347
"90203684",-121.3718018,38.4560903,2016,"3400","5","5","4","03",0,2,"A",,,,,,300,6,"C","C","A","ELK GROVE FLORIN RD","ROBBINS RD",60,"S","N","2016-06-17",9252,"2016-06-10",20,"018961",,"3","9","0","3",,"2","074","-","N",,0,0,,,0,,,,"N",4,"A","-",22350,,"N","A","H","-","C","A","0","Y","A","01",0,0,2,0,0,0,0,0,0,"-","-","UNINCORPORATED","SACRAMENTO","CA",-121.2248,38.2741
"90203679",0,0,2016,"3400","3","1","4","03",0,2,"B",,,,,,900,6,"C","C","A","SR-99 N/B","MARTIN LUTHER KING JR BLVD",800,"S","N","2016-06-17",9252,"2016-06-06",645,"013732",,"1","9","0","1",,"2","192","-","Y",,0,0,,,0,,,,"Y",4,"A","-",22350,,"N","A","H","-","A","D","0","Y","A","01",0,0,2,0,0,0,0,0,0,"-","-","UNINCORPORATED","SACRAMENTO","CA",-121.46371,38.5177
"90203670",0,0,2016,"3404","2","6","2","01",0,2,"A",,,,,"Y",300,6,"E","I","A","US-50 EASTBOUND TO SR-51 NORTHBOUND","US-50",295,"N","N","2016-06-17",9252,"2016-06-04",215,"019279",,"3","7","0","1",,"2","150","-","Y",,0,0,,,0,,,,"Y",1,"A","-",23152,"A","N","A","H","-","C","D","0","Y","A","01",2,0,0,0,0,0,0,0,0,"-","-","SACRAMENTO","SACRAMENTO","CA",-121.47148,38.55942
"90203546",-121.4900379,38.6563653,2016,"3400","5","2","4","07",0,2,"A",,,,,,1800,6,"C","C","A","DEL PASO RD","NATIONAL DR",641,"W","N","2016-06-16",9250,"2016-06-14",1645,"016244",,"2","9","0","3",,"2","080","-","N",,0,0,,,0,,,,"Y",2,"A","-",21658,"A","N","A","H","-","A","D","0","Y","A","07",0,0,2,0,0,0,0,0,0,"-","-","UNINCORPORATED","SACRAMENTO","CA",0,0
"90203514",-121.2916907,38.6363132,2016,"3400","5","3","4","03",0,1,"A",,,,,,1500,6,"C","C","A","FAIR OAKS BLVD.","SAN JUAN AVE",30,"E","N","2016-08-01",9250,"2016-06-01",1415,"018260",,"2","9","0","3",,"2","050","-","N",,0,0,,,0,,,,"N",2,"A","-",22350,,"F","A","H","-","A","A","0","Y","A","01",0,0,1,0,0,0,0,0,0,"-","-","UNINCORPORATED","SACRAMENTO","CA",0,0
"90203468",-121.4087616,38.4807439,2016,"3400","4","7","4","05",0,1,"A",,,,,,1500,6,"D","C","A","POWER INN ROAD","GERBER ROAD",350,"S","N","2016-06-16",9252,"2016-06-12",1435,"014512",,"2","9","0","2",,"2","073","-","N",,0,0,,,0,,,,"N",2,"A","-",21460,,"N","A","H","-","A","D","0","Y","A","08",0,0,1,0,0,0,0,0,0,"-","-","UNINCORPORATED","SACRAMENTO","CA",-121.4088,38.4801
"90203435",0,0,2016,"3404","3","2","4","03",0,1,"A",,,,,,1500,6,"C","C","A","SR-51 S/B TO J STREET","J ST",40,"N","N","2016-06-16",9252,"2016-06-14",1405,"015718",,"2","7","0","1",,"2","193","-","Y",,0,0,,,0,,,,"Y",2,"A","-",22350,,"N","A","H","-","A","A","0","Y","A","01",0,0,1,0,0,0,0,0,0,"-","-","SACRAMENTO","SACRAMENTO","CA",-121.46757,38.57359
"90203406",-121.4572097,38.5129205,2016,"3400","4","1","3","01",0,1,"A",,,,,"Y",2400,6,"B","E","A","43RD ST","44TH AVENUE ",49,"S","N","2016-06-16",9252,"2016-06-13",2130,"018581",,"2","9","0","2",,"1","072","-","N",,0,0,,,0,,,,"Y",2,"A","-",23152,"A","M","A","H","-","D","D","0","Y","A","01",0,1,0,0,0,0,0,0,0,"-","-","UNINCORPORATED","SACRAMENTO","CA",-121.45723,38.51288
"90203242",-121.2948203,38.2621151,2016,"3400","5","7","3","08",0,2,"A",,,,,"Y",1800,6,"E","I","A","SIMMERHORN RD","STEINER RD",1056,"W","N","2016-06-16",9252,"2016-06-12",1720,"018723",,"2","9","0","3",,"2","080","-","N",,0,0,,,0,,,,"Y",1,"A","-",22107,,"N","A","H","-","A","D","0","Y","D","22",0,1,1,0,0,0,0,0,0,"-","-","UNINCORPORATED","SACRAMENTO","CA",-121.2957,38.2621
"90203235",0,0,2016,"3400","4","2","3","05",0,1,"A",,"Y",,,,1500,6,"D","G","A","FOLSOM BLVD.","NORCADE CIR. (W)",365,"W","N","2016-06-16",9260,"2016-06-07",1320,"018316",,"1","9","0","2",,"2","101","-","N",,0,0,,,0,,,,"N",2,"A","-",21650,,"N","A","H","-","A","D","0","Y","L","04",0,1,0,0,0,0,1,0,0,"-","-","UNINCORPORATED","SACRAMENTO","CA",-121.36684,38.55763
"90203226",-121.4552231,38.6839066,2016,"3400","4","3","4","05",0,1,"A",,"Y",,,,1500,5,"D","G","A","ELKHORN BLVD","RIO LINDA BLVD",480,"E","N","2016-06-16",9250,"2016-05-18",1330,"017306",,"1","9","0","2",,"1","064","-","N",,0,0,,,0,,,,"N",3,"A","-",21650,,"N","A","H","-","A","D","0","Y","L","04",0,0,1,0,0,0,1,0,0,"-","-","UNINCORPORATED","SACRAMENTO","CA",0,0
"90203208",-121.415843,38.5962401,2016,"3400","4","4","3","05",0,1,"A",,"Y",,,,1200,6,"D","G","A","ARDEN WAY","HOWE AVE",120,"W","N","2016-06-16",9250,"2016-06-09",1135,"015719",,"1","9","0","2",,"1","046","-","N",,0,0,,,0,,,,"N",2,"A","-",21650,,"N","A","H","-","A","D","0","Y","L","04",0,1,0,0,0,0,1,0,0,"-","-","UNINCORPORATED","SACRAMENTO","CA",0,0
"90203195",0,0,2016,"3404","3","7","3","07",0,1,"A",,,"Y",,,1500,6,"D","C","A","SR-51 N/B","J ST",102,"N","N","2016-09-06",9252,"2016-06-12",1434,"018435",,"2","7","0","1",,"2","193","-","Y",,0,0,,,0,,,,"Y",2,"A","-",21658,"A","N","A","H","-","A","D","0","Y","A","01",0,1,0,0,0,0,0,0,1,"-","-","SACRAMENTO","SACRAMENTO","CA",-121.46702,38.57358
"90203175",0,0,2016,"3404","3","3","4","01",0,1,"A",,,,,,900,5,"D","C","A","SR-51 SOUTHBOUND (CAPITAL CITY FWY)","EL CAMINO AVENUE",200,"N","N","2016-06-16",9250,"2016-05-25",810,"013299",,"1","7","0","1",,"2","152","-","Y",,0,0,,,0,,,,"N",3,"A","-",23152,"E","N","A","H","-","A","D","0","Y","A","01",0,0,1,0,0,0,0,0,0,"-","-","SACRAMENTO","SACRAMENTO","CA",0,0
"90203125",0,0,2016,"3400","4","3","3","10",0,1,"A","Y",,,,,2400,6,"G","B","B","FAIR OAKS BLVD W/B","MUNROE ST",0,,"Y","2016-06-16",9250,"2016-06-08",2110,"015745",,"2","9","0","2",,"1","048","-","N",,0,0,,,0,,,,"N",2,"A","-",21950,"A","N","A","H","-","C","A","0","Y","A","01",0,1,0,0,1,0,0,0,0,"-","-","UNINCORPORATED","SACRAMENTO","CA",0,0
"90202955",-121.4646232,38.5213639,2016,"3400","4","5","4","03",0,2,"A",,,,,,900,6,"C","C","A","MARTIN LUTHER KING JR BLVD","35TH STREET",15,"S","N","2016-06-16",9252,"2016-06-10",855,"015006",,"1","9","0","2",,"2","073","-","N",,0,0,,,0,,,,"N",3,"A","-",22350,,"N","A","H","-","A","D","0","Y","A","01",0,0,2,0,0,0,0,0,0,"-","-","UNINCORPORATED","SACRAMENTO","CA",-121.46461,38.52122
"90202898",-121.3721886,38.5042737,2016,"3400","5","2","3","03",0,2,"A",,,,,,900,5,"C","C","A","SOUTH WATT AVE","ELDER CREEK RD",2475,"S","N","2016-06-16",9252,"2016-05-31",700,"019079",,"1","9","0","3",,"2","074","-","N",,0,0,,,0,,,,"Y",3,"A","-",22350,,"N","A","H","-","A","D","0","Y","A","01",0,1,1,0,0,0,0,0,0,"-","-","UNINCORPORATED","SACRAMENTO","CA",-121.37216,38.50413
"90202892",0,0,2016,"3404","2","1","4","07",0,1,"A",,,,,,900,6,"B","C","A","US-50 W/B","48TH STREET",500,"W","N","2016-06-16",9252,"2016-06-06",825,"013823",,"1","7","0","1",,"2","151","-","Y",,0,0,,,0,,,,"Y",2,"A","-",21658,"A","N","A","H","-","A","D","0","Y","A","08",0,0,1,0,0,0,0,0,0,"-","-","SACRAMENTO","SACRAMENTO","CA",-121.54347,38.49347
"90202874",-121.4010333,38.5887413,2016,"3400","5","2","4","11",0,1,"A","Y",,,,,900,6,"G","B","D","HURLEY WAY","FULTON AVE",120,"E","N","2016-06-16",9250,"2016-06-07",744,"015719",,"1","9","0","3",,"2","040","-","N",,0,0,,,0,,,,"N",2,"A","-",21954,"A","N","A","H","-","A","D","0","Y","N","60",0,0,1,0,1,0,0,0,0,"-","-","UNINCORPORATED","SACRAMENTO","CA",0,0
"90202856",-121.4503631,38.5249951,2016,"3400","4","4","4","12",0,2,"A",,,,,,1500,6,"D","C","A","FRUITRIDGE ROAD","VISTA AVE",0,,"Y","2016-06-16",9252,"2016-06-09",1200,"014512",,"1","9","0","2",,"1","071","-","N",,0,0,,,0,,,,"Y",2,"A","-",21453,"A","N","A","H","-","A","A","0","Y","A","01",0,0,2,0,0,0,0,0,0,"-","-","UNINCORPORATED","SACRAMENTO","CA",-121.4502,38.5248
"90202835",0,0,2016,"3404","1","4","4","03",0,1,"A",,,,,,900,6,"C","C","A","I-5 N/B","FLORIN RD ",2640,"N","N","2016-06-16",9252,"2016-06-09",840,"014288",,"1","7","0","1",,"2","107","-","Y",,0,0,,,0,,,,"Y",2,"A","-",22350,,"N","A","H","-","A","D","0","Y","A","08",0,0,1,0,0,0,0,0,0,"-","-","SACRAMENTO","SACRAMENTO","CA",-121.51977,38.50577
"90202817",0,0,2016,"3404","2","3","4","03",0,1,"A",,,,,,1800,6,"C","C","A","US-50 E/B TO I-5","FRONT ST.",680,"W","N","2016-06-16",9252,"2016-06-08",1750,"016616",,"2","7","0","1",,"2","150","-","Y",,0,0,,,0,,,,"Y",3,"A","-",22350,,"N","A","H","-","A","D","0","Y","A","01",0,0,1,0,0,0,0,0,0,"-","-","SACRAMENTO","SACRAMENTO","CA",-121.51432,38.56959
"90202789",0,0,2016,"3496","1","1","4","03",0,3,"A",,,,,,1800,6,"C","C","A","I-80 E/B","FOOTHILL FARMS PED OVERCROSSING",500,"W","N","2016-06-16",9250,"2016-06-13",1653,"013736",,"2","5","0","1",,"2","184","-","Y",,0,0,,,0,,,,"Y",3,"A","-",22350,,"N","A","H","-","A","D","0","Y","A","07",0,0,3,0,0,0,0,0,0,"-","-","CITRUS HEIGHTS","SACRAMENTO","CA",0,0
"90202768",0,0,2016,"3404","2","3","4","03",0,1,"A",,,,,,1800,6,"C","C","A","US-50 W/B","8TH ST.",10,"W","N","2016-06-16",9252,"2016-06-08",1630,"016616",,"2","7","0","1",,"2","150","-","Y",,0,0,,,0,,,,"Y",3,"A","-",22350,,"N","A","H","-","A","D","0","Y","A","01",0,0,1,0,0,0,0,0,0,"-","-","SACRAMENTO","SACRAMENTO","CA",-121.50245,38.56635
"90202763",0,0,2016,"3404","3","3","4","03",0,1,"A",,,,,,1500,6,"C","C","A","SR-99 N/B","5TH AVE",10,"S","N","2016-06-16",9252,"2016-06-08",1340,"015718",,"1","7","0","1",,"2","192","-","Y",,0,0,,,0,,,,"N",2,"A","-",22350,,"N","A","H","-","A","D","0","Y","D","22",0,0,1,0,0,0,0,0,0,"-","-","SACRAMENTO","SACRAMENTO","CA",-121.47381,38.54922
"90202756",0,0,2016,"3404","3","2","4","03",0,1,"B",,,,,,900,5,"C","C","A","SR-99 N/B","FRUITRIDGE RD",1100,"S","N","2016-06-16",9252,"2016-05-24",720,"013732",,"1","7","0","1",,"2","192","-","Y",,0,0,,,0,,,,"N",2,"A","-",22350,,"N","A","H","-","A","D","0","Y","A","01",0,0,1,0,0,0,0,0,0,"-","-","SACRAMENTO","SACRAMENTO","CA",-121.47138,38.53209
"90202524",-121.4212953,38.4793939,2016,"3400","4","2","3","09",0,2,"A",,,,,,1500,6,"D","C","A","STOCKTON BLVD.","MASSIE CT",190,"N","N","2016-07-25",9252,"2016-06-07",1440,"018723",,"2","9","0","2",,"2","073","-","N",,0,0,,,0,,,,"Y",2,"A","-",21804,"A","N","A","H","-","A","D","0","Y","A","01",0,1,1,0,0,0,0,0,0,"-","-","UNINCORPORATED","SACRAMENTO","CA",-121.4214,38.4796
"90202478",-121.4014732,38.5960151,2016,"3400","4","1","4","12",0,1,"A",,,,,,2400,6,"D","C","A","ARDEN WAY","FULTON AVE",0,,"Y","2016-06-15",9250,"2016-06-13",2125,"017738",,"2","9","0","2",,"1","046","-","N",,0,0,,,0,,,,"N",2,"A","-",21453,"A","N","A","H","-","C","A","0","Y","A","01",0,0,1,0,0,0,0,0,0,"-","-","UNINCORPORATED","SACRAMENTO","CA",0,0
"90202426",-121.4763493,38.5248638,2016,"3404","S","5","4","09",0,2,"A",,,,,,1500,6,"D","C","A","FRUITRIDGE RD. ","28TH ST.",270,"E","N","2016-06-15",9252,"2016-06-03",1303,"016616",,"1","7","0","2",,"2","901","-","N",,0,0,,,0,,,,"Y",2,"A","-",21804,"A","N","A","H","-","A","D","0","Y","A","01",0,0,2,0,0,0,0,0,0,"-","-","SACRAMENTO","SACRAMENTO","CA",-121.47634,38.52486
"90202428",0,0,2016,"3400","2","1","4","03",0,1,"A",,,,,,1800,6,"C","C","A","US-50 E/B","SUNRISE BOULEVARD",2900,"E","N","2016-06-15",9260,"2016-06-06",1750,"018276",,"2","9","0","1",,"2","502","-","Y",,0,0,,,0,,,,"Y",2,"A","-",22350,,"N","A","H","-","A","D","0","Y","A","01",0,0,1,0,0,0,0,0,0,"-","-","UNINCORPORATED","SACRAMENTO","CA",0,0
"90202329",-121.4089131,38.4929151,2016,"3400","4","5","1","17",1,0,"A",,"Y",,,,900,4,"H","G","A","POWER INN ROAD","BLACKHAWK DRIVE",0,,"Y","2016-06-15",9252,"2016-04-08",617,"018649",,"1","9","0","2",,"2","073","-","N",,0,0,,,0,,,,"N",2,"A","-",21208,"B","N","A","H","-","C","D","0","Y","L","04",0,0,0,0,0,1,0,0,0,"-","-","UNINCORPORATED","SACRAMENTO","CA",-121.4089,38.49284
"90202268",-121.4419026,38.4962251,2016,"3400","4","1","4","07",0,1,"A",,,"Y",,,1500,6,"C","C","A","FLORIN RD","55TH ST",100,"W","N","2016-06-15",9252,"2016-06-06",1233,"014561",,"1","9","0","2",,"2","073","-","N",,0,0,,,0,,,,"Y",2,"A","-",21658,"A","N","A","H","-","A","D","0","Y","C","02",0,0,1,0,0,0,0,0,1,"-","-","UNINCORPORATED","SACRAMENTO","CA",-121.4417,38.4954
"90202143",-121.3830631,38.6177951,2016,"3400","4","2","3","12",0,2,"A",,,,,,1800,5,"A","C","A","WATT AVE","MARCONI AVE",0,,"Y","2016-06-16",9250,"2016-05-31",1710,"016907",,"2","9","0","2",,"1","011","-","N",,0,0,,,0,,,,"Y",2,"A","-",21453,"A","N","A","H","-","A","A","0","Y","D","22",0,1,1,0,0,0,0,0,0,"-","-","UNINCORPORATED","SACRAMENTO","CA",0,0
"90202116",-121.3876782,38.6464729,2016,"3400","5","2","2","01",0,1,"A",,,"Y",,"Y",2400,6,"E","I","A","ORANGE GROVE AVE","WAREHOUSE CT",650,"E","N","2016-06-15",9250,"2016-06-07",2327,"018115",,"3","9","0","3",,"2","060","-","N",,0,0,,,0,,,,"N",1,"A","-",23152,"A","N","A","H","-","D","D","0","Y","C","02",1,0,0,0,0,0,0,0,1,"-","-","UNINCORPORATED","SACRAMENTO","CA",0,0
"90202089",0,0,2016,"3400","2","5","4","03",0,1,"A",,,,,,900,5,"C","C","A","US-50 W/B","PRAIRIE CITY RD",1775,"E","N","2016-06-15",9260,"2016-05-27",615,"015262",,"1","9","0","1",,"2","502","-","Y",,0,0,,,0,,,,"Y",2,"A","-",22350,,"N","A","H","-","A","A","0","Y","A","01",0,0,1,0,0,0,0,0,0,"-","-","UNINCORPORATED","SACRAMENTO","CA",-121.15019,38.64191
"90202011",0,0,2016,"3404","1","1","4","07",0,1,"B",,,,,"Y",2400,6,"B","C","A","I-5 N/B","SUTTERVILLE RD",2640,"S","N","2016-06-15",9252,"2016-06-06",2300,"19071",,"3","7","0","1",,"2","107","-","Y",,0,0,,,0,,,,"Y",2,"A","-",21658,"A","N","A","H","-","C","D","0","Y","A","01",0,0,1,0,0,0,0,0,0,"-","-","SACRAMENTO","SACRAMENTO","CA",-121.51649,38.53502
"90201923",-121.3732705,38.4525377,2016,"3400","5","3","3","09",0,1,"A",,,,,,900,6,"D","C","A","CALVINE ROAD","ELK GROVE-FLORIN ROAD",528,"E","N","2016-06-15",9252,"2016-06-01",815,"015006",,"1","9","0","3",,"2","074","-","N",,0,0,,,0,,,,"Y",2,"A","-",21801,"A","N","A","H","-","A","D","0","Y","A","01",0,1,0,0,0,0,0,0,0,"-","-","UNINCORPORATED","SACRAMENTO","CA",-121.6712,38.3121
"90201910",-121.3830032,38.6706197,2016,"3400","4","5","4","03",0,4,"A",,,,,,1800,6,"C","C","A","WATT AVE","NORTH HAVEN DR",100,"N","N","2016-06-15",9250,"2016-06-10",1620,"019069",,"2","9","0","2",,"1","011","-","N",,0,0,,,0,,,,"Y",3,"A","-",22350,,"N","A","H","-","A","A","0","Y","A","01",0,0,4,0,0,0,0,0,0,"-","-","UNINCORPORATED","SACRAMENTO","CA",0,0
"90201891",0,0,2016,"3400","4","6","4","21",0,1,"A",,,,,,1800,6,"C","C","A","ELKHORN BLVD. W/B","DON JULIO BLVD",60,"E","N","2016-06-15",9250,"2016-06-11",1545,"016419",,"2","9","0","2",,"1","014","-","N",,0,0,,,0,,,,"N",2,"A","-",22106,,"N","A","H","-","A","D","0","Y","A","01",0,0,1,0,0,0,0,0,0,"-","-","UNINCORPORATED","SACRAMENTO","CA",-121.35138,38.6929
"90201888",0,0,2016,"3400","4","5","4","03",0,1,"A",,,,,,2100,6,"C","C","A","MADISON AVE. W/B","AUBURN BLVD.",200,"W","N","2016-06-15",9250,"2016-06-10",1830,"016419",,"2","9","0","2",,"1","024","-","N",,0,0,,,0,,,,"Y",3,"A","-",22350,,"F","A","H","-","A","D","0","Y","A","01",0,0,1,0,0,0,0,0,0,"-","-","UNINCORPORATED","SACRAMENTO","CA",-121.34794,38.66101
"90201882",-121.3478649,38.6599747,2016,"3400","4","1","4","09",0,1,"A",,,,,,1800,6,"D","C","A","AUBURN BLVD","MADISON AVE",415,"S","N","2016-06-15",9250,"2016-06-13",1740,"016363",,"2","9","0","2",,"1","021","-","N",,0,0,,,0,,,,"N",2,"A","-",21801,"A","N","A","H","-","A","D","0","Y","A","01",0,0,1,0,0,0,0,0,0,"-","-","UNINCORPORATED","SACRAMENTO","CA",0,0
"90201851",0,0,2016,"3400","4","7","3","11",0,2,"A","Y",,"Y",,"Y",2400,6,"G","B","E","EL CAMINO AVE W/B","ROSLYN WAY",100,"W","N","2016-06-15",9250,"2016-06-05",2210,"017397",,"3","9","0","2",,"1","044","-","N",,0,0,,,0,,,,"Y",2,"A","-",21956,,"N","A","H","-","C","D","0","Y","N","60",0,2,0,0,1,0,0,0,1,"-","-","UNINCORPORATED","SACRAMENTO","CA",0,0
"90201848",-121.3155306,38.7022252,2016,"3496","1","6","4","08",0,1,"B",,,,,,1200,5,"C","C","A","INTERSTATE 80 EASTBOUND","ANTELOPE ROAD",2470,"W","N","2016-06-15",9250,"2016-05-21",1034,"16290",,"1","5","0","1",,"2","184","-","Y",,0,0,,,0,,,,"Y",2,"A","-",22107,,"N","A","H","-","A","D","0","Y","A","07",0,0,1,0,0,0,0,0,0,"-","-","CITRUS HEIGHTS","SACRAMENTO","CA",-121.31502,38.70211
"90201842",-121.3366631,38.683005,2016,"3496","4","3","4","03",0,1,"A",,,,,,1800,6,"C","C","A","GREENBACK LANE","I-80",0,,"Y","2016-06-15",9250,"2016-06-08",1530,"013736",,"2","5","0","2",,"1","022","-","N",,0,0,,,0,,,,"N",4,"A","-",22350,,"N","A","H","-","A","A","0","Y","A","01",0,0,1,0,0,0,0,0,0,"-","-","CITRUS HEIGHTS","SACRAMENTO","CA",0,0
"90201834",0,0,2016,"3400","3","5","3","08",0,1,"A",,,,,,2100,5,"E","I","A","SR-51 SOUTHBOUND","SR-160 S/B",250,"S","N","2016-06-15",9250,"2016-05-27",1825,"015917",,"2","9","0","1",,"2","152","-","Y",,0,0,,,0,,,,"Y",1,"A","-",22107,,"N","A","H","-","A","D","0","Y","A","01",0,1,0,0,0,0,0,0,0,"-","-","UNINCORPORATED","SACRAMENTO","CA",0,0