"CASEID","POINT_X","POINT_Y","YEAR_","LOCATION","CHPTYPE","DAYWEEK","CRASHSEV","VIOLCAT","KILLED","INJURED","WEATHER1","PEDCOL","BICCOL","MCCOL","TRUCKCOL","ETOH","TIMECAT","MONTH_","CRASHTYP","INVOLVE","PED","PRIMARYRD","SECONDRD","DISTANCE","DIRECT","INTERSECT_","PROCDATE","JURIS","DATE_","TIME_","BADGE","JURIDIST","SHIFT","POP","SPECIAL","BEATTYPE","LAPDDIV","BEATCLAS","BEATNUMB","WEATHER2","STATEHW","CALTRANC","CALTRAND","STROUTE","ROUTESUF","POSTPRE","POSTMILE","LOCATYPE","RAMP","SIDEHW","TOWAWAY","PARTIES","PCF","VIOLCODE","VIOL","VIOLSUB","HITRUN","ROADSURF","RDCOND1","RDCOND2","LIGHTING","RIGHTWAY","CHPRDTYP","NOTPRIV","STFAULT","CHPFAULT","SEVINJ","OTHERINJ","COP","PEDKILL","PEDINJ","BICKILL","BICINJ","MCKILL","MCINJURE","RAMP1","RAMP2","CITY","COUNTY","STATE","X_CHP","Y_CHP"
"90186967",0,0,2016,"3404","3","1","4","03",0,2,"A",,,,,,1800,5,"C","C","A","SR-51 S/B","G ST",60,"S","N","2016-05-25",9252,"2016-05-16",1615,"015718",,"2","7","0","1",,"2","193","-","Y",,0,0,,,0,,,,"Y",3,"A","-",22350,,"N","A","H","-","A","D","0","Y","A","01",0,0,2,0,0,0,0,0,0,"-","-","SACRAMENTO","SACRAMENTO","CA",-121.46606,38.57631
"90186955",0,0,2016,"3400","2","2","4","03",0,2,"A",,,,,,900,5,"C","C","A","US 50 W/B","MANLOVE PEDESTRIAN O/C",250,"E","N","2016-05-25",9260,"2016-05-17",740,"013664",,"1","9","0","1",,"2","501","-","Y",,0,0,,,0,,,,"Y",3,"A","-",22350,,"N","A","H","-","A","D","0","Y","A","01",0,0,2,0,0,0,0,0,0,"-","-","UNINCORPORATED","SACRAMENTO","CA",0,0
"90186927",0,0,2016,"3404","3","1","4","03",0,1,"A",,,,,,900,5,"C","C","A","SR-99 N/B","TURNBRIDGE PED O C",100,"N","N","2016-05-25",9252,"2016-05-16",815,"014561",,"1","7","0","1",,"2","192","-","Y",,0,0,,,0,,,,"Y",2,"A","-",22350,,"N","A","H","-","A","D","0","Y","A","01",0,0,1,0,0,0,0,0,0,"-","-","SACRAMENTO","SACRAMENTO","CA",-121.28,38.3015
"90186874",-121.3273985,38.660709,2016,"3400","4","3","4","21",0,2,"A",,,,,,1200,5,"C","C","A","MADISON AVE","MANZANITA AVE",10,"E","N","2016-05-25",9250,"2016-05-18",1140,"014845",,"1","9","0","2",,"1","024","-","N",,0,0,,,0,,,,"N",2,"A","-",22106,,"N","A","H","-","A","A","0","Y","A","07",0,0,2,0,0,0,0,0,0,"-","-","UNINCORPORATED","SACRAMENTO","CA",0,0
"90186871",0,0,2016,"3404","1","7","3","07",0,1,"A",,,"Y",,,300,5,"B","C","A","I-5 N/B","POCKET RD",20,"S","N","2016-06-21",9252,"2016-05-15",105,"018937",,"3","7","0","1",,"2","107","-","Y",,0,0,,,0,,,,"Y",2,"A","-",21658,"A","F","A","H","-","C","D","0","Y","A","01",0,1,0,0,0,0,0,0,1,"-","-","SACRAMENTO","SACRAMENTO","CA",-121.51029,38.4811
"90186870",0,0,2016,"3404","3","7","3","03",0,6,"A",,,,"Y",,1500,5,"C","C","A","SR-51 N/B","J STREET",300,"S","N","2016-12-27",9252,"2016-05-15",1330,"014512",,"1","7","0","1",,"2","193","-","Y",,0,0,,,0,,,,"Y",4,"A","-",22350,,"N","A","H","-","A","D","0","Y","D","22",0,3,3,0,0,0,0,0,0,"-","-","SACRAMENTO","SACRAMENTO","CA",-121.4674,38.5725
"90186841",0,0,2016,"3400","4","2","4","09",0,1,"A",,,,,,1500,5,"D","C","A","FAIR OAKS BLVD","RIO DEL ORO LANE",420,"W","N","2016-05-25",9250,"2016-05-24",1445,"017383",,"2","9","0","2",,"1","048","-","N",,0,0,,,0,,,,"Y",2,"A","-",21802,"A","N","A","H","-","A","A","0","Y","A","07",0,0,1,0,0,0,0,0,0,"-","-","UNINCORPORATED","SACRAMENTO","CA",0,0
"90186824",0,0,2016,"3404","2","2","4","03",0,1,"A",,,"Y",,,1500,4,"F","A","A","SR-51 N/B FROM US-50 E/B","SR-51 N/B",100,"E","N","2016-05-25",9252,"2016-04-26",1330,"013823",,"1","7","0","1",,"2","150","-","Y",,0,0,,,0,,,,"Y",1,"A","-",22350,,"N","A","H","-","A","D","0","Y","C","02",0,0,1,0,0,0,0,0,1,"-","-","SACRAMENTO","SACRAMENTO","CA",-121.54347,38.49347
"90186758",-121.4153532,38.6097806,2016,"3400","4","3","4","09",0,1,"A",,,,,,1500,5,"D","C","A","HOWE AVENUE","EL CAMINO AVENUE",435,"S","N","2016-05-25",9250,"2016-05-18",1420,"017383",,"2","9","0","2",,"1","041","-","N",,0,0,,,0,,,,"N",2,"A","-",21802,"A","N","A","H","-","A","D","0","Y","A","01",0,0,1,0,0,0,0,0,0,"-","-","UNINCORPORATED","SACRAMENTO","CA",0,0
"90186662",0,0,2016,"3404","3","2","4","03",0,3,"A",,,,,,1800,5,"C","C","A","SR-244 E/B","AUBURN BLVD.",1500,"W","N","2016-05-25",9250,"2016-05-17",1515,"013736",,"2","7","0","1",,"1","244","-","Y",,0,0,,,0,,,,"Y",6,"A","-",22350,,"N","A","H","-","A","A","0","Y","A","08",0,0,3,0,0,0,0,0,0,"-","-","SACRAMENTO","SACRAMENTO","CA",0,0
"90186638",-121.329914,38.6810575,2016,"3400","4","5","4","04",0,2,"A",,,,,,1800,5,"C","C","A","GREENBACK LANE WESTBOUND","VERNER AVENUE",1000,"E","N","2016-05-25",9250,"2016-05-13",1720,"017425",,"2","9","0","2",,"1","022","-","N",,0,0,,,0,,,,"Y",2,"A","-",21703,,"N","A","H","-","A","D","0","Y","A","07",0,0,2,0,0,0,0,0,0,"-","-","UNINCORPORATED","SACRAMENTO","CA",0,0
"90186557",-121.3457475,38.595524,2016,"3400","4","6","4","21",0,2,"B",,,,,,1500,5,"C","C","A","FAIR OAKS BLVD","ARDEN WAY",76,"N","N","2016-05-24",9250,"2016-05-21",1358,"017482",,"1","9","0","2",,"1","053","-","N",,0,0,,,0,,,,"N",2,"A","-",22106,,"N","A","H","-","A","A","0","Y","A","01",0,0,2,0,0,0,0,0,0,"-","-","UNINCORPORATED","SACRAMENTO","CA",0,0
"90186550",0,0,2016,"3400","1","3","4","03",0,1,"A",,,,,,900,5,"C","C","A","I-80 W/B","FOOTHILL FARMS PEDESTRIAN CROSSING",200,"E","N","2016-05-24",9250,"2016-05-18",745,"012152",,"1","9","0","1",,"2","183","-","Y",,0,0,,,0,,,,"N",2,"A","-",22350,,"N","A","H","-","A","D","0","Y","A","01",0,0,1,0,0,0,0,0,0,"-","-","UNINCORPORATED","SACRAMENTO","CA",0,0
"90186520",0,0,2016,"3404","3","7","2","08",0,1,"A",,,,,,1200,5,"E","I","A","STATE ROUTE 51 SOUTHBOUND","EL CAMINO AVENUE",1300,"S","N","2016-05-24",9250,"2016-05-15",1020,"16290",,"1","7","0","1",,"2","152","-","Y",,0,0,,,0,,,,"Y",1,"A","-",22107,,"N","A","H","-","A","D","0","Y","A","01",1,0,0,0,0,0,0,0,0,"-","-","SACRAMENTO","SACRAMENTO","CA",-121.42989,38.60835
"90186516",-121.4527357,38.6411262,2016,"3404","1","5","4","03",0,3,"B",,,,"Y",,1500,5,"C","C","A","INTERSTATE 80 WESTBOUND","NORWOOD AVENUE",1200,"E","N","2016-05-24",9250,"2016-05-20",1420,"16290",,"2","7","0","1",,"2","187","-","Y",,0,0,,,0,,,,"N",3,"A","-",22350,,"N","A","D","H","A","D","0","Y","G","25",0,0,3,0,0,0,0,0,0,"-","-","SACRAMENTO","SACRAMENTO","CA",0,0
"90186507",0,0,2016,"3400","3","6","2","03",0,1,"A",,,"Y",,,2100,5,"C","C","A","SR-99 S/B","MACK RD.",3223,"N","N","2016-05-24",9252,"2016-05-14",1943,"018723",,"2","9","0","1",,"2","192","-","Y",,0,0,,,0,,,,"Y",2,"A","-",22350,,"N","A","H","-","B","D","0","Y","C","02",1,0,0,0,0,0,0,0,1,"-","-","UNINCORPORATED","SACRAMENTO","CA",-121.4321,38.483
"90186458",-121.4540754,38.4961579,2016,"3400","4","6","4","03",0,1,"A",,,,,,1500,5,"C","C","A","FLORIN ROAD","BOWLING DR",400,"E","N","2016-05-24",9252,"2016-05-14",1210,"018649",,"1","9","0","2",,"1","072","-","N",,0,0,,,0,,,,"N",2,"A","-",22350,,"F","A","H","-","A","D","0","Y","-","99",0,0,1,0,0,0,0,0,0,"-","-","UNINCORPORATED","SACRAMENTO","CA",-121.45389,38.49613
"90186443",0,0,2016,"3400","4","5","4","21",0,1,"A",,,,,,2100,5,"C","C","A","HOWE AVE N/B","ARDEN WAY",52,"S","N","2016-05-24",9250,"2016-05-13",1830,"015917",,"2","9","0","2",,"1","041","-","N",,0,0,,,0,,,,"Y",3,"A","-",22106,,"N","A","H","-","A","D","0","Y","A","01",0,0,1,0,0,0,0,0,0,"-","-","UNINCORPORATED","SACRAMENTO","CA",-121.41509,38.59574
"90186429",-121.3830232,38.5803339,2016,"3400","4","4","4","03",0,4,"A",,,,,,1500,5,"C","C","A","WATT AVE NORTHBOUND","NORTHROP AVE",350,"S","N","2016-05-24",9250,"2016-05-19",1445,"015917",,"2","9","0","2",,"1","045","-","N",,0,0,,,0,,,,"Y",3,"A","-",22350,,"N","A","H","-","A","D","0","Y","A","01",0,0,4,0,0,0,0,0,0,"-","-","UNINCORPORATED","SACRAMENTO","CA",-121.3837,38.58113
"90186414",-121.4199731,38.6055451,2016,"3400","5","4","4","09",0,1,"B",,,,,,2100,5,"A","C","A","ETHAN WAY","KEITH WAY",0,,"Y","2016-05-24",9250,"2016-05-19",1925,"015917",,"2","9","0","3",,"2","040","-","N",,0,0,,,0,,,,"Y",2,"A","-",21802,"A","N","A","H","-","B","A","0","Y","A","07",0,0,1,0,0,0,0,0,0,"-","-","UNINCORPORATED","SACRAMENTO","CA",-121.41926,38.60549
"90186406",0,0,2016,"3450","3","6","3","08",0,1,"A",,,"Y",,,1500,5,"F","I","A","SR-99 S/B","ELK GROVE BLVD",2640,"N","N","2016-05-24",9252,"2016-05-14",1300,"018648",,"1","5","0","1",,"2","191","-","Y",,0,0,,,0,,,,"Y",1,"A","-",22107,,"N","A","H","-","A","D","0","Y","C","02",0,1,0,0,0,0,0,0,1,"-","-","ELK GROVE","SACRAMENTO","CA",-121.3911,38.41372
"90186365",0,0,2016,"3404","3","6","4","03",0,1,"A",,,,,,1800,5,"C","C","A","SR-99 N/B","5TH AVE",802,"S","N","2016-05-24",9252,"2016-05-14",1701,"018435",,"2","7","0","1",,"2","192","-","Y",,0,0,,,0,,,,"N",3,"A","-",22350,,"N","A","H","-","A","D","0","Y","D","22",0,0,1,0,0,0,0,0,0,"-","-","SACRAMENTO","SACRAMENTO","CA",-121.47361,38.54749
"90186350",0,0,2016,"3450","S","2","4","07",0,1,"A",,,,,,1800,5,"B","C","A","BRUCEVILLE ROAD S/B","LAGUNA BLVD",1056,"S","N","2016-05-24",9252,"2016-05-10",1509,"015718",,"2","5","1","4",,"2","901","-","N",,0,0,,,0,,,,"Y",3,"A","-",21658,"A","M","A","H","-","A","D","0","Y","A","01",0,0,1,0,0,0,0,0,0,"-","-","ELK GROVE","SACRAMENTO","CA",-121.41796,38.42089
"90186335",0,0,2016,"3404","3","6","4","03",0,2,"A",,,,,,1500,5,"C","C","A","SR-99 N/B FROM 12TH AVE.","12TH AVE",30,"N","N","2016-05-24",9252,"2016-05-14",1300,"016616",,"1","7","0","1",,"2","192","-","Y",,0,0,,,0,,,,"N",2,"A","-",22350,,"N","A","H","-","A","D","0","Y","D","22",0,0,2,0,0,0,0,0,0,"-","-","SACRAMENTO","SACRAMENTO","CA",-121.47313,38.54143
"90186115",-121.3719431,38.4651105,2016,"3400","4","6","4","07",0,1,"A",,,,,,1800,5,"B","C","A","ELK GROVE FLORIN RD","VINTAGE PARK DR",100,"S","N","2016-05-24",9252,"2016-05-14",1725,"017971",,"2","9","0","2",,"2","073","-","N",,0,0,,,0,,,,"N",2,"A","-",21658,"A","N","A","H","-","A","A","0","Y","-","-",0,0,1,0,0,0,0,0,0,"-","-","UNINCORPORATED","SACRAMENTO","CA",-121.37202,38.46528
"90186103",0,0,2016,"3404","3","6","4","03",0,2,"A",,,,,,2400,5,"C","C","A","SR-99 S/B","SHELDON RD",2200,"N","N","2016-05-24",9252,"2016-05-14",2110,"019040",,"2","7","0","1",,"2","191","-","Y",,0,0,,,0,,,,"Y",2,"A","-",22350,,"N","A","H","-","D","D","0","Y","A","01",0,0,2,0,0,0,0,0,0,"-","-","SACRAMENTO","SACRAMENTO","CA",-121.4046,38.4438
"90186094",-121.208713,38.631855,2016,"3400","4","1","3","01",0,2,"A",,,,,"Y",600,5,"D","C","A","FOLSOM BOULEVARD","AEROJET ROAD",0,,"Y","2016-05-24",9260,"2016-05-23",550,"018276",,"3","9","0","2",,"2","101","-","N",,0,0,,,0,,,,"Y",2,"A","-",23152,"A","N","A","H","-","B","A","0","Y","D","22",0,2,0,0,0,0,0,0,0,"-","-","UNINCORPORATED","SACRAMENTO","CA",0,0
"90186088",-121.260863,38.496555,2016,"3400","5","3","4","09",0,1,"B",,,,,,900,5,"D","C","A","FLORIN ROAD","EAGLE NEST ROAD",0,,"Y","2016-05-24",9252,"2016-05-04",745,"016895",,"1","9","0","3",,"2","074","-","N",,0,0,,,0,,,,"Y",3,"A","-",21801,"A","N","A","H","-","A","A","0","Y","A","08",0,0,1,0,0,0,0,0,0,"-","-","UNINCORPORATED","SACRAMENTO","CA",-121.2607,38.4967
"90186028",-121.416442,38.5889686,2016,"3400","5","6","4","05",0,1,"A",,"Y",,,,1500,5,"H","G","A","HURLEY WAY","HOWE AVE",280,"W","N","2016-05-24",9250,"2016-05-21",1445,"017818",,"2","9","0","3",,"2","040","-","N",,0,0,,,0,,,,"N",2,"A","-",21650,,"N","A","H","-","A","D","0","Y","L","04",0,0,1,0,0,0,1,0,0,"-","-","UNINCORPORATED","SACRAMENTO","CA",0,0
"90185991",0,0,2016,"3404","2","5","4","03",0,1,"A",,,,,"Y",2100,5,"C","C","A","US-50 W/B","15TH ST",200,"E","N","2016-05-24",9252,"2016-05-13",1804,"018423",,"2","7","0","1",,"2","150","-","Y",,0,0,,,0,,,,"N",2,"A","-",22350,,"N","A","H","-","A","D","0","Y","D","22",0,0,1,0,0,0,0,0,0,"-","-","SACRAMENTO","SACRAMENTO","CA",-121.49222,38.56354
"90185968",-121.4088296,38.4888038,2016,"3400","4","5","4","05",0,1,"A",,"Y",,,,900,5,"H","G","A","POWER INN ROAD","SCOTTSDALE DR",320,"N","N","2016-05-24",9252,"2016-05-13",815,"018649",,"1","9","0","2",,"2","073","-","N",,0,0,,,0,,,,"N",2,"A","-",21650,,"N","A","H","-","A","D","0","Y","L","04",0,0,1,0,0,0,1,0,0,"-","-","UNINCORPORATED","SACRAMENTO","CA",-121.4087,38.4887
"90185950",0,0,2016,"3404","1","5","4","03",0,1,"A",,,,"Y",,1200,5,"C","C","A","I-5 N/B ","ARENA BLVD",2112,"S","N","2016-05-24",9250,"2016-05-20",1120,"016434",,"1","7","0","1",,"2","105","-","Y",,0,0,,,0,,,,"Y",4,"A","-",22350,,"N","A","H","-","A","D","0","Y","D","22",0,0,1,0,0,0,0,0,0,"-","-","SACRAMENTO","SACRAMENTO","CA",0,0
"90185910",0,0,2016,"3404","1","4","4","03",0,2,"A",,,,,,1500,5,"C","C","A","I-5 S/B ","RICHARDS BL ",1584,"S","N","2016-05-24",9252,"2016-05-12",1325,"014288",,"1","7","0","1",,"2","108","-","Y",,0,0,,,0,,,,"Y",3,"A","-",22350,,"N","A","H","-","A","D","0","Y","A","01",0,0,2,0,0,0,0,0,0,"-","-","SACRAMENTO","SACRAMENTO","CA",-121.3026,38.3538
"90185891",0,0,2016,"3400","S","5","3","03",0,1,"B",,,,,,1800,5,"E","I","A","INTERSTATE 80 WESTBOUND","S.R. 244 W/B TO S.R. 51 S/B OVERCROSSING",50,"E","N","2016-05-24",9250,"2016-05-20",1715,"015369",,"2","9","0","1",,"2","185","C","Y",,0,0,,,0,,,,"Y",1,"A","-",22350,,"N","B","H","-","A","D","0","Y","A","01",0,1,0,0,0,0,0,0,0,"-","-","UNINCORPORATED","SACRAMENTO","CA",-121.37665,38.64654
"90185874",0,0,2016,"3404","1","4","4","08",0,2,"A",,,,,,1200,5,"B","C","A","I-5 N/B ","CASILADA WAY ",201,"S","N","2016-05-24",9252,"2016-05-12",1035,"014288",,"1","7","0","1",,"2","107","-","Y",,0,0,,,0,,,,"Y",2,"A","-",22107,,"N","A","H","-","A","D","0","Y","A","01",0,0,2,0,0,0,0,0,0,"-","-","SACRAMENTO","SACRAMENTO","CA",-121.51884,38.52845
"90185867",0,0,2016,"3404","3","4","4","07",0,1,"A",,,,,,900,5,"B","C","A","SR- 51 S/B","CAPITOL AVENUE (UNDER CROSS)",200,"N","N","2016-05-24",9252,"2016-05-12",735,"018649",,"1","7","0","1",,"2","193","-","Y",,0,0,,,0,,,,"Y",2,"A","-",21658,"A","N","A","H","-","A","D","0","Y","D","22",0,0,1,0,0,0,0,0,0,"-","-","SACRAMENTO","SACRAMENTO","CA",-121.46861,38.57083
"90185847",0,0,2016,"3400","1","4","3","08",0,1,"A",,,,,"Y",1800,5,"B","C","A","INTERSTATE 80 EASTBOUND","MADISON AVENUE OVERCROSSING",2650,"W","N","2016-05-24",9250,"2016-05-19",1745,"015369",,"2","9","0","1",,"2","184","-","Y",,0,0,,,0,,,,"Y",2,"A","-",22107,,"N","A","H","-","A","D","0","Y","A","01",0,1,0,0,0,0,0,0,0,"-","-","UNINCORPORATED","SACRAMENTO","CA",-121.36617,38.65533
"90185790",-121.4860424,38.6564231,2016,"3400","5","4","3","05",0,1,"A",,"Y",,,,1500,5,"H","G","A","DEL PASO ROAD","NATIONAL DR",500,"E","N","2016-05-24",9250,"2016-05-12",1205,"016290",,"1","9","0","3",,"2","080","-","N",,0,0,,,0,,,,"N",2,"A","-",21650,,"N","A","H","-","A","D","0","Y","L","04",0,1,0,0,0,0,1,0,0,"-","-","UNINCORPORATED","SACRAMENTO","CA",-121.48586,38.65625
"90185716",0,0,2016,"3400","3","4","3","01",0,4,"A",,,,,"Y",300,5,"E","I","A","SR-99 S/B","FLORIN RD",3696,"S","N","2016-05-24",9252,"2016-05-12",58,"017132",,"3","9","0","1",,"2","192","-","Y",,0,0,,,0,,,,"Y",4,"A","-",23152,"A","N","A","H","-","D","D","0","Y","D","22",0,2,2,0,0,0,0,0,0,"-","-","UNINCORPORATED","SACRAMENTO","CA",-121.4405,38.49072
"90185667",0,0,2016,"3400","5","7","3","01",0,1,"B",,,,,"Y",900,5,"A","E","A","BLACK SAND WAY","PACIFIC PARK WAY",216,"W","N","2016-05-24",9250,"2016-05-22",605,"018461",,"1","9","0","3",,"2","010","-","N",,0,0,,,0,,,,"Y",2,"A","-",23152,"A","N","A","H","-","A","D","0","Y","A","01",0,1,0,0,0,0,0,0,0,"-","-","UNINCORPORATED","SACRAMENTO","CA",0,0
"90185492",0,0,2016,"3404","1","3","4","03",0,1,"A",,,,,,1500,5,"C","C","A","I-80 W/B FROM WINTERS STREET","WINTERS STREET",220,"W","N","2016-05-23",9250,"2016-05-04",1350,"012047",,"1","7","0","1",,"2","181","-","Y",,0,0,,,0,,,,"N",2,"A","-",22350,,"N","A","H","-","A","D","0","Y","A","07",0,0,1,0,0,0,0,0,0,"-","-","SACRAMENTO","SACRAMENTO","CA",0,0
"90185436",0,0,2016,"3450","3","4","4","03",0,2,"A",,,,"Y",,1800,5,"C","C","A","SR-99 N/B","SHELDON RD",417,"S","N","2016-05-23",9252,"2016-05-12",1535,"015718",,"2","5","0","1",,"2","191","-","Y",,0,0,,,0,,,,"Y",2,"A","-",22350,,"N","A","H","-","A","D","0","Y","A","01",0,0,2,0,0,0,0,0,0,"-","-","ELK GROVE","SACRAMENTO","CA",-121.40104,38.43646
"90185367",0,0,2016,"3404","2","4","4","03",0,2,"A",,,,,,1800,5,"C","C","A","US-50 W/B","13TH STREET",100,"W","N","2016-05-23",9252,"2016-05-12",1638,"018575",,"2","7","0","1",,"2","150","-","Y",,0,0,,,0,,,,"N",3,"A","-",22350,,"N","A","H","-","A","D","0","Y","A","01",0,0,2,0,0,0,0,0,0,"-","-","SACRAMENTO","SACRAMENTO","CA",-121.2945,38.3351
"90185296",-121.4410989,38.4962251,2016,"3400","4","4","4","10",0,1,"A","Y",,,,,1800,5,"G","B","F","FLORIN RD.","55TH ST",130,"E","N","2016-05-23",9252,"2016-05-12",1738,"018423",,"2","9","0","2",,"2","073","-","N",,0,0,,,0,,,,"N",2,"A","-",21952,,"N","A","H","-","A","D","0","Y","A","08",0,0,1,0,1,0,0,0,0,"-","-","UNINCORPORATED","SACRAMENTO","CA",-121.44103,38.496
"90185272",-121.3260817,38.622616,2016,"3400","5","3","3","01",0,1,"A",,,,,,1800,5,"E","I","A","PANAMA AVE","STANLEY AVE",95,"N","N","2016-05-23",9250,"2016-05-11",1535,"017383",,"2","9","0","3",,"2","050","-","N",,0,0,,,0,,,,"Y",1,"A","-",23152,"E","N","A","H","-","A","D","0","Y","A","07",0,1,0,0,0,0,0,0,0,"-","-","UNINCORPORATED","SACRAMENTO","CA",0,0
"90185209",-121.225683,38.660405,2016,"3400","4","2","3","09",0,4,"A",,,,,,1800,5,"D","C","A","HAZEL AVE","PHOENIX AVE",0,,"Y","2016-05-23",9260,"2016-05-17",1752,"017084",,"2","9","0","2",,"2","307","-","N",,0,0,,,0,,,,"Y",2,"A","-",21802,"A","N","A","H","-","A","A","0","Y","A","01",0,2,2,0,0,0,0,0,0,"-","-","UNINCORPORATED","SACRAMENTO","CA",-121.13326,38.39374
"90185096",-121.37194,38.4648359,2016,"3400","5","5","4","03",0,1,"B",,,,,,900,5,"C","C","A","ELK GROVE FLORIN ROAD","VINTAGE PARK DRIVE",200,"S","N","2016-05-23",9252,"2016-05-06",830,"016895",,"1","9","0","3",,"2","074","C","N",,0,0,,,0,,,,"Y",2,"A","-",22350,,"N","B","H","-","A","A","0","Y","A","01",0,0,1,0,0,0,0,0,0,"-","-","UNINCORPORATED","SACRAMENTO","CA",-121.3717,38.464
"90185027",0,0,2016,"3404","3","2","4","03",0,1,"A",,,,,,900,5,"C","C","A","SR-99 N/B TO US-50 W/B","SR-51 S/B",10,"W","N","2016-05-23",9252,"2016-05-10",820,"018575",,"1","7","0","1",,"2","192","-","Y",,0,0,,,0,,,,"N",2,"A","-",22350,,"N","A","H","-","A","D","0","Y","A","01",0,0,1,0,0,0,0,0,0,"-","-","SACRAMENTO","SACRAMENTO","CA",-121.2826,38.3337
"90184974",-121.4011925,38.4817081,2016,"3400","4","2","3","01",0,1,"A",,,,,"Y",2100,5,"E","I","A","GERBER RD","WILBUR WAY",1056,"W","N","2016-05-23",9252,"2016-05-10",1831,"018723",,"2","9","0","2",,"2","073","-","N",,0,0,,,0,,,,"Y",1,"A","-",23152,"A","N","A","H","-","A","D","0","Y","A","01",0,1,0,0,0,0,0,0,0,"-","-","UNINCORPORATED","SACRAMENTO","CA",-121.3992,38.4817
"90184960",-121.4606034,38.5112954,2016,"3400","3","2","4","08",0,1,"A",,,,,,2400,5,"H","A","A","SR-99 SOUTHBOUND ","47TH AVENUE ",350,"N","N","2016-05-23",9252,"2016-05-10",2330,"018581",,"3","9","0","1",,"2","192","-","Y",,0,0,,,0,,,,"N",1,"A","-",22107,,"N","A","H","-","D","D","0","Y","A","01",0,0,1,0,0,0,0,0,0,"-","-","UNINCORPORATED","SACRAMENTO","CA",-121.46848,38.52594
"90184918",-121.4726059,38.5103489,2016,"3400","4","2","4","03",0,1,"A",,,,,,1500,5,"C","C","A","47TH AVE","KIESSIG AVE",965,"W","N","2016-05-23",9252,"2016-05-10",1328,"019079",,"1","9","0","2",,"1","072","-","N",,0,0,,,0,,,,"Y",2,"A","-",22350,,"N","A","H","-","A","D","0","Y","A","01",0,0,1,0,0,0,0,0,0,"-","-","UNINCORPORATED","SACRAMENTO","CA",-121.47272,38.51043
"90184772",0,0,2016,"3404","2","6","3","01",0,1,"B",,,,,"Y",600,5,"E","I","A","US-50 E/B","16TH ST",250,"W","N","2016-05-23",9252,"2016-05-07",310,"018167",,"3","7","0","1",,"2","150","-","Y",,0,0,,,0,,,,"Y",2,"A","-",23152,"A","M","A","H","-","D","D","0","Y","A","01",0,1,0,0,0,0,0,0,0,"-","-","SACRAMENTO","SACRAMENTO","CA",-121.49203,38.5632
"90184709",0,0,2016,"3400","5","4","4","09",0,1,"B",,,,,,900,5,"D","C","A","LONGVIEW DRIVE","ROSEVILLE ROAD",200,"W","N","2016-05-23",9250,"2016-05-12",725,"017317",,"1","9","0","3",,"2","010","-","N",,0,0,,,0,,,,"Y",3,"A","-",21801,"A","N","A","H","-","A","D","0","Y","A","01",0,0,1,0,0,0,0,0,0,"-","-","UNINCORPORATED","SACRAMENTO","CA",0,0
"90184650",-121.372623,38.668445,2016,"3400","4","4","3","09",0,3,"A",,,,,,900,5,"A","C","A","ROSEVILLE RD","PALM AVE",0,,"Y","2016-05-23",9250,"2016-05-12",825,"018374",,"1","9","0","2",,"1","015","-","N",,0,0,,,0,,,,"Y",2,"A","-",21802,"A","N","A","H","-","A","A","0","Y","A","01",0,1,2,0,0,0,0,0,0,"-","-","UNINCORPORATED","SACRAMENTO","CA",0,0
"90184646",0,0,2016,"3400","1","6","4","03",0,1,"B",,,,,,1200,5,"C","C","A","I-80 W/B","NORWOOD AVE",1800,"W","N","2016-05-23",9250,"2016-05-14",1030,"018461",,"1","9","0","1",,"2","187","-","Y",,0,0,,,0,,,,"Y",2,"A","-",22350,,"N","A","D","-","A","D","0","Y","A","01",0,0,1,0,0,0,0,0,0,"-","-","UNINCORPORATED","SACRAMENTO","CA",-121.46522,38.64178
"90184645",0,0,2016,"3404","1","6","4","03",0,1,"A",,,,,,1800,5,"C","C","A","I-80 E/B","NORWOOD AVE",4200,"W","N","2016-05-23",9250,"2016-05-14",1710,"017818",,"2","7","0","1",,"2","182","-","Y",,0,0,,,0,,,,"N",2,"A","-",22350,,"N","A","H","-","A","D","0","Y","A","01",0,0,1,0,0,0,0,0,0,"-","-","SACRAMENTO","SACRAMENTO","CA",0,0
"90184617",0,0,2016,"3400","4","6","3","01",0,2,"A",,,,,,2100,5,"B","C","A","WINDING WAY","ARCADE CREEK",100,"E","N","2016-05-23",9250,"2016-05-14",2044,"019266",,"2","9","0","2",,"1","026","-","N",,0,0,,,0,,,,"Y",2,"A","-",23152,"E","N","A","H","-","D","D","0","Y","A","01",0,1,1,0,0,0,0,0,0,"-","-","UNINCORPORATED","SACRAMENTO","CA",-121.34777,38.64506
"90184614",0,0,2016,"3400","3","5","2","01",0,1,"B",,,,,"Y",300,5,"F","A","A","SR-99 S/B TO FLORIN RD E/B","FLORIN RD",210,"S","N","2016-05-23",9252,"2016-05-06",15,"015453",,"3","9","0","1",,"2","192","-","Y",,0,0,,,0,,,,"Y",1,"A","-",23152,"A","N","A","H","-","C","D","0","Y","A","01",1,0,0,0,0,0,0,0,0,"-","-","UNINCORPORATED","SACRAMENTO","CA",-121.44601,38.49519