"CASEID","POINT_X","POINT_Y","YEAR_","LOCATION","CHPTYPE","DAYWEEK","CRASHSEV","VIOLCAT","KILLED","INJURED","WEATHER1","PEDCOL","BICCOL","MCCOL","TRUCKCOL","ETOH","TIMECAT","MONTH_","CRASHTYP","INVOLVE","PED","PRIMARYRD","SECONDRD","DISTANCE","DIRECT","INTERSECT_","PROCDATE","JURIS","DATE_","TIME_","BADGE","JURIDIST","SHIFT","POP","SPECIAL","BEATTYPE","LAPDDIV","BEATCLAS","BEATNUMB","WEATHER2","STATEHW","CALTRANC","CALTRAND","STROUTE","ROUTESUF","POSTPRE","POSTMILE","LOCATYPE","RAMP","SIDEHW","TOWAWAY","PARTIES","PCF","VIOLCODE","VIOL","VIOLSUB","HITRUN","ROADSURF","RDCOND1","RDCOND2","LIGHTING","RIGHTWAY","CHPRDTYP","NOTPRIV","STFAULT","CHPFAULT","SEVINJ","OTHERINJ","COP","PEDKILL","PEDINJ","BICKILL","BICINJ","MCKILL","MCINJURE","RAMP1","RAMP2","CITY","COUNTY","STATE","X_CHP","Y_CHP"
"90169763",-121.380264,38.610445,2016,"3400","4","6","4","08",0,1,"A",,,,,,2100,4,"E","I","A","EL CAMINO AVE.","WATT AVE.",800,"E","N","2016-04-29",9250,"2016-04-16",1955,"019090",,"2","9","0","2",,"1","044","-","N",,0,0,,,0,,,,"Y",1,"A","-",22107,,"N","A","H","-","C","D","0","Y","A","01",0,0,1,0,0,0,0,0,0,"-","-","UNINCORPORATED","SACRAMENTO","CA",0,0
"90169762",0,0,2016,"3400","3","7","3","08",0,1,"B",,,,,,1800,4,"E","I","A","SR-160 N/B","ARDEN WAY",495,"S","N","2016-04-29",9250,"2016-04-10",1615,"017818",,"2","9","0","1",,"2","151","-","Y",,0,0,,,0,,,,"Y",2,"A","-",22107,,"N","A","H","-","A","D","0","Y","A","01",0,1,0,0,0,0,0,0,0,"-","-","UNINCORPORATED","SACRAMENTO","CA",0,0
"90169720",-121.3905394,38.4956409,2016,"3400","4","3","4","08",0,1,"A",,,,,,1500,4,"B","C","A","FRENCH ROAD","FLORIN ROAD",180,"S","N","2016-05-23",9252,"2016-04-20",1310,"018477",,"1","9","0","2",,"2","073","-","N",,0,0,,,0,,,,"Y",2,"A","-",22107,,"N","A","H","-","A","D","0","Y","D","22",0,0,1,0,0,0,0,0,0,"-","-","UNINCORPORATED","SACRAMENTO","CA",-121.3906,38.49545
"90169718",0,0,2016,"3404","2","2","4","03",0,2,"A",,,,,,900,4,"C","C","A","US-50 E/B","FOLSOM BLVD",100,"E","N","2016-04-29",9252,"2016-04-19",840,"014512",,"1","7","0","1",,"2","151","-","Y",,0,0,,,0,,,,"N",3,"A","-",22350,,"N","A","H","-","A","D","0","Y","A","07",0,0,2,0,0,0,0,0,0,"-","-","SACRAMENTO","SACRAMENTO","CA",-121.41762,38.55175
"90169698",-121.3755106,38.563978,2016,"3400","5","7","3","17",0,1,"A",,"Y",,,,1200,4,"D","G","A","LA RIVIERA DR","WOODMAN WAY",382,"E","N","2016-04-29",9260,"2016-04-24",945,"018276",,"1","9","0","3",,"2","001","-","N",,0,0,,,0,,,,"N",2,"A","-",22517,,"N","A","H","-","A","D","0","Y","A","01",0,1,0,0,0,0,1,0,0,"-","-","UNINCORPORATED","SACRAMENTO","CA",0,0
"90169668",0,0,2016,"3400","1","3","4","03",0,2,"A",,,,,,900,4,"C","C","A","I-5 N/B","BEACH LAKE ",500,"S","N","2016-04-29",9252,"2016-04-20",725,"014512",,"1","9","0","1",,"2","107","-","Y",,0,0,,,0,,,,"Y",3,"A","-",22350,,"N","A","H","-","A","D","0","Y","A","07",0,0,2,0,0,0,0,0,0,"-","-","UNINCORPORATED","SACRAMENTO","CA",-121.48977,38.43867
"90169572",-121.401723,38.4817051,2016,"3400","4","2","4","09",0,2,"A",,,,,,1800,4,"D","C","A","GERBER RD","COUNTRY PARK DR",0,,"Y","2016-04-29",9252,"2016-04-19",1715,"018167",,"2","9","0","2",,"2","073","-","N",,0,0,,,0,,,,"Y",2,"A","-",21801,"A","N","A","H","-","A","D","0","Y","A","01",0,0,2,0,0,0,0,0,0,"-","-","UNINCORPORATED","SACRAMENTO","CA",-121.4017,38.48161
"90169570",0,0,2016,"3404","2","2","4","03",0,2,"A",,,,,,1800,4,"C","C","A","US-50 E/B","51ST ST",10,"E","N","2016-04-29",9252,"2016-04-19",1615,"015718",,"2","7","0","1",,"2","151","-","Y",,0,0,,,0,,,,"N",2,"A","-",22350,,"N","A","H","-","A","D","0","Y","A","01",0,0,2,0,0,0,0,0,0,"-","-","SACRAMENTO","SACRAMENTO","CA",-121.44444,38.55646
"90169538",-121.3830631,38.6177951,2016,"3400","5","3","3","03",0,2,"A",,,,,,2100,4,"C","C","A","MARCONI AVE","WATT AVE",0,,"Y","2016-04-29",9250,"2016-04-20",1930,"016907",,"2","9","0","3",,"2","010","-","N",,0,0,,,0,,,,"Y",2,"A","-",22350,,"N","A","H","-","B","A","0","Y","A","08",0,1,1,0,0,0,0,0,0,"-","-","UNINCORPORATED","SACRAMENTO","CA",0,0
"90169534",-121.3805953,38.4748164,2016,"3400","4","1","3","08",0,1,"A",,,"Y",,,2100,4,"B","C","A","TIOGAWOODS DR.","CHINA LAKE WAY",55,"W","N","2016-04-29",9252,"2016-04-18",1810,"018723",,"2","9","0","2",,"2","073","-","N",,0,0,,,0,,,,"Y",3,"A","-",22107,,"N","A","H","-","A","D","0","Y","C","02",0,1,0,0,0,0,0,0,1,"-","-","UNINCORPORATED","SACRAMENTO","CA",-121.3805,38.4748
"90169477",-121.3248255,38.542181,2016,"3400","5","5","3","08",0,1,"C",,,,,,900,4,"F","A","A","KIEFER BLVD","HAPPY LN",1102,"W","N","2016-04-29",9260,"2016-04-22",725,"18352",,"1","9","0","3",,"2","001","-","N",,0,0,,,0,,,,"Y",1,"A","-",22107,,"N","B","H","-","A","D","0","Y","A","07",0,1,0,0,0,0,0,0,0,"-","-","UNINCORPORATED","SACRAMENTO","CA",-121.32488,38.54225
"90169448",-121.3905437,38.4957782,2016,"3400","4","1","4","08",0,1,"A",,,,,,1500,4,"D","C","A","FRENCH RD","FLORIN RD",130,"S","N","2016-04-29",9252,"2016-04-18",1305,"018723",,"1","9","0","2",,"2","073","-","N",,0,0,,,0,,,,"Y",2,"A","-",22102,,"N","A","H","-","A","D","0","Y","A","01",0,0,1,0,0,0,0,0,0,"-","-","UNINCORPORATED","SACRAMENTO","CA",-121.3904,38.4954
"90169392",0,0,2016,"3404","1","1","4","07",0,1,"A",,,,,,900,4,"D","C","A","I-5 S/B TO US-50 ","Q ST ",200,"S","N","2016-04-29",9252,"2016-04-18",630,"014288",,"1","7","0","1",,"2","108","-","Y",,0,0,,,0,,,,"N",2,"A","-",21658,"A","N","A","H","-","B","D","0","Y","A","07",0,0,1,0,0,0,0,0,0,"-","-","SACRAMENTO","SACRAMENTO","CA",-121.50878,38.5749
"90169365",0,0,2016,"3400","4","4","4","03",0,1,"B",,,,,,1800,4,"C","C","A","WATT AVE N/B","POPLAR AVE",20,"S","N","2016-04-29",9250,"2016-04-14",1515,"018766",,"2","9","0","2",,"1","011","-","N",,0,0,,,0,,,,"N",2,"A","-",22350,,"N","A","H","-","A","C","0","Y","A","01",0,0,1,0,0,0,0,0,0,"-","-","UNINCORPORATED","SACRAMENTO","CA",0,0
"90169329",-121.4914137,38.6435363,2016,"3400","5","4","4","01",0,1,"A",,,,,,1800,3,"C","E","A","NATIONAL DRIVE","LENNANE DRIVE",17,"E","N","2016-04-29",9250,"2016-03-24",1635,"016731",,"2","9","0","3",,"2","080","-","N",,0,0,,,0,,,,"Y",2,"A","-",23152,"A","N","A","H","-","A","D","0","Y","A","01",0,0,1,0,0,0,0,0,0,"-","-","UNINCORPORATED","SACRAMENTO","CA",-121.49102,38.64349
"90169285",-121.3719408,38.4648633,2016,"3400","5","3","4","05",0,1,"A",,"Y",,,,1500,4,"H","G","A","ELK GROVE FLORIN RD","VINTAGE PARK DRIVE",190,"S","N","2016-04-29",9252,"2016-04-13",1235,"015006",,"1","9","0","3",,"2","074","-","N",,0,0,,,0,,,,"N",2,"A","-",21650,,"F","A","H","-","A","D","0","Y","L","04",0,0,1,0,0,0,1,0,0,"-","-","UNINCORPORATED","SACRAMENTO","CA",-121.3716,38.4647
"90169281",-121.2923457,38.6637151,2016,"3400","4","1","2","01",0,2,"A",,,"Y",,"Y",300,4,"F","A","A","MADISON AVE","SAN JUAN AVE",15,"W","N","2016-04-29",9250,"2016-04-18",10,"019099",,"3","9","0","2",,"1","024","-","N",,0,0,,,0,,,,"Y",1,"A","-",23152,"A","N","A","H","-","C","A","0","Y","C","02",2,0,0,0,0,0,0,0,2,"-","-","UNINCORPORATED","SACRAMENTO","CA",-121.29232,38.66358
"90168119",-121.3468831,38.6608151,2016,"3400","4","5","3","05",0,1,"A",,"Y",,,,2100,4,"H","G","A","MADISON AVE.","AUBURN BLVD",0,,"Y","2016-04-28",9250,"2016-04-15",2030,"016419",,"2","9","0","2",,"1","024","-","N",,0,0,,,0,,,,"N",2,"A","-",21650,,"N","A","H","-","B","A","0","Y","L","04",0,1,0,0,0,0,1,0,0,"-","-","UNINCORPORATED","SACRAMENTO","CA",-121.34673,38.66099
"90168110",-121.3924232,38.7243799,2016,"3400","4","3","4","17",0,1,"A",,"Y",,,,900,4,"H","G","A","WATT AVE","BLACK EAGLE DRIVE",60,"N","N","2016-04-28",9250,"2016-04-20",845,"015719",,"1","9","0","2",,"1","011","-","N",,0,0,,,0,,,,"N",2,"A","-",21208,"B","N","A","H","-","A","D","0","Y","L","04",0,0,1,0,0,0,1,0,0,"-","-","UNINCORPORATED","SACRAMENTO","CA",0,0
"90168078",0,0,2016,"3404","3","1","4","03",0,1,"A",,,,,,1800,4,"C","C","A","SR-51 N/B","ARDEN WAY",0,,"N","2016-04-28",9250,"2016-04-25",1620,"016213",,"2","7","0","1",,"2","151","-","Y",,0,0,,,0,,,,"Y",2,"A","-",22350,,"N","A","H","-","A","D","0","Y","A","01",0,0,1,0,0,0,0,0,0,"-","-","SACRAMENTO","SACRAMENTO","CA",-121.43169,38.60664
"90168063",-121.3598937,38.7038434,2016,"3400","4","1","4","01",0,2,"A",,,,,"Y",2400,4,"A","C","A","ANTELOPE RD","HEPBURN WAY",514,"E","N","2016-04-28",9250,"2016-04-18",2100,"018542",,"2","9","0","2",,"1","012","-","N",,0,0,,,0,,,,"Y",2,"A","-",23152,"A","N","A","H","-","C","D","0","Y","A","07",0,0,2,0,0,0,0,0,0,"-","-","UNINCORPORATED","SACRAMENTO","CA",-121.35956,38.70404
"90168052",0,0,2016,"3404","3","3","3","18",0,1,"A",,,,,,1200,4,"E","J","A","STATE ROUTE-51 S/B","MARCONI AVENUE",50,"S","N","2016-04-28",9250,"2016-04-20",1005,"016225",,"1","7","0","1",,"2","152","-","N",,0,0,,,0,,,,"Y",1,"C","-",0,,"N","A","H","-","A","D","0","Y","-","-",0,1,0,0,0,0,0,0,0,"-","-","SACRAMENTO","SACRAMENTO","CA",0,0
"90168046",-121.1719927,38.292627,2016,"3400","5","1","3","01",0,1,"A",,,,,"Y",600,4,"E","I","A","CLAY STATION RD","BORDEN RD",8,"N","N","2016-04-28",9252,"2016-04-18",300,"019787",,"3","9","0","3",,"2","080","-","N",,0,0,,,0,,,,"Y",1,"A","-",23152,"A","N","A","H","-","D","D","0","Y","A","01",0,1,0,0,0,0,0,0,0,"-","-","UNINCORPORATED","SACRAMENTO","CA",-121.17144,38.29282
"90168041",-121.3716203,38.7039758,2016,"3400","4","2","3","08",0,1,"A",,,,,,300,4,"E","I","A","ANTELOPE RD.","GREY WOLF DR.",22,"W","N","2016-04-28",9250,"2016-04-19",145,"017819",,"3","9","0","2",,"1","012","-","N",,0,0,,,0,,,,"Y",1,"A","-",22107,,"N","A","H","-","C","D","0","Y","A","01",0,1,0,0,0,0,0,0,0,"-","-","UNINCORPORATED","SACRAMENTO","CA",0,0
"90168022",0,0,2016,"3404","2","1","3","01",0,1,"A",,,,,"Y",2400,4,"E","I","A","US-50 W/B TO I-5 S/B","BROADWAY",10,"S","N","2016-04-28",9252,"2016-04-18",2357,"016616",,"3","7","0","1",,"2","150","-","Y",,0,0,,,0,,,,"Y",1,"A","-",23152,"A","N","A","H","-","C","D","0","Y","A","07",0,1,0,0,0,0,0,0,0,"-","-","SACRAMENTO","SACRAMENTO","CA",-121.51323,38.56715
"90168000",0,0,2016,"3404","3","1","3","03",0,3,"A",,,,,"Y",2100,4,"C","C","A","SR-99 S/B","MACK RD",2112,"N","N","2016-04-28",9252,"2016-04-18",1826,"015718",,"2","7","0","1",,"2","192","-","Y",,0,0,,,0,,,,"Y",5,"A","-",22350,,"N","A","H","-","A","D","0","Y","D","22",0,1,2,0,0,0,0,0,0,"-","-","SACRAMENTO","SACRAMENTO","CA",-121.42758,38.47867
"90167884",0,0,2016,"3400","4","5","4","03",0,2,"B",,,,,,1800,4,"C","C","A","WATT AVE N/B","SAN YSIDRO WAY",22,"N","N","2016-04-28",9250,"2016-04-22",1500,"015917",,"2","9","0","2",,"1","045","-","N",,0,0,,,0,,,,"N",3,"A","-",22350,,"N","A","H","-","A","D","0","Y","D","22",0,0,2,0,0,0,0,0,0,"-","-","UNINCORPORATED","SACRAMENTO","CA",-121.38244,38.58969
"90167879",-121.4014732,38.6102185,2016,"3400","4","5","3","21",0,1,"B",,,,"Y",,1200,4,"C","C","A","FULTON AVE.","LOMA VISTA DR",300,"N","N","2016-04-28",9250,"2016-04-22",1055,"014344",,"1","9","0","2",,"1","043","C","N",,0,0,,,0,,,,"Y",2,"A","-",22106,,"N","B","H","-","A","D","0","Y","F","55",0,1,0,0,0,0,0,0,0,"-","-","UNINCORPORATED","SACRAMENTO","CA",0,0
"90167874",0,0,2016,"3400","4","5","4","03",0,2,"B",,,,,,1500,4,"C","C","A","FULTON AVE. N/B","TRADE WIND AVE",50,"N","N","2016-04-28",9250,"2016-04-22",1400,"014344",,"2","9","0","2",,"1","043","-","N",,0,0,,,0,,,,"N",2,"A","-",22350,,"N","A","H","-","A","D","0","Y","A","01",0,0,2,0,0,0,0,0,0,"-","-","UNINCORPORATED","SACRAMENTO","CA",0,0
"90167855",-121.3563232,38.6101627,2016,"3400","4","2","4","03",0,1,"B",,,,,,1800,4,"B","C","A","EL CAMINO AVE","BRIDLE PATH LN",100,"E","N","2016-04-28",9250,"2016-04-26",1620,"015728",,"2","9","0","2",,"1","054","-","N",,0,0,,,0,,,,"N",2,"A","-",22350,,"N","A","H","-","A","D","0","Y","A","07",0,0,1,0,0,0,0,0,0,"-","-","UNINCORPORATED","SACRAMENTO","CA",0,0
"90167859",-121.3924545,38.7190937,2016,"3400","4","2","4","03",0,1,"A",,,,,,2100,4,"C","C","A","WATT AVE","CENTER COURT LN",25,"N","N","2016-04-28",9250,"2016-04-26",2025,"017734",,"2","9","0","2",,"1","011","-","N",,0,0,,,0,,,,"Y",2,"A","-",22350,,"N","A","H","-","C","D","0","Y","A","01",0,0,1,0,0,0,0,0,0,"-","-","UNINCORPORATED","SACRAMENTO","CA",0,0
"90167852",-121.3436906,38.6100167,2016,"3400","4","2","4","03",0,1,"B",,,,,,2100,4,"C","C","A","EL CAMINO AVE","WALNUT OAKS LN",25,"W","N","2016-04-28",9250,"2016-04-26",1820,"015728",,"2","9","0","2",,"1","054","-","N",,0,0,,,0,,,,"N",2,"A","-",22350,,"N","A","H","-","A","D","0","Y","A","01",0,0,1,0,0,0,0,0,0,"-","-","UNINCORPORATED","SACRAMENTO","CA",0,0
"90167808",-121.447603,38.525005,2016,"3400","4","1","4","09",0,2,"A",,,,,,1800,4,"D","C","A","FRUITRIDGE RD","DEWEY BLVD",0,,"Y","2016-04-28",9252,"2016-04-18",1623,"018435",,"2","9","0","2",,"1","071","-","N",,0,0,,,0,,,,"N",3,"A","-",21802,"A","N","A","H","-","A","A","0","Y","A","01",0,0,2,0,0,0,0,0,0,"-","-","UNINCORPORATED","SACRAMENTO","CA",-121.44744,38.52479
"90167718",-121.2256491,38.6795657,2016,"3400","4","2","3","09",0,1,"A",,,"Y",,,1800,4,"D","C","A","HAZEL AVE","GREENBACK LN",390,"N","N","2016-04-28",9260,"2016-04-12",1540,"015944",,"2","9","0","2",,"2","307","-","N",,0,0,,,0,,,,"Y",2,"A","-",21802,"A","F","A","H","-","A","D","0","Y","A","01",0,1,0,0,0,0,0,0,1,"-","-","UNINCORPORATED","SACRAMENTO","CA",0,0
"90167630",0,0,2016,"3400","3","3","4","07",0,1,"A",,,,,,900,4,"B","C","A","STATE ROUTE-51 S/B","ARDEN WAY",300,"S","N","2016-04-28",9250,"2016-04-20",710,"016225",,"1","9","0","1",,"2","152","-","Y",,0,0,,,0,,,,"Y",2,"A","-",21658,"A","M","A","H","-","A","D","0","Y","-","99",0,0,1,0,0,0,0,0,0,"-","-","UNINCORPORATED","SACRAMENTO","CA",0,0
"90167605",-121.410683,38.6063551,2016,"3400","5","4","4","05",0,1,"A",,"Y",,,"Y",1800,4,"B","G","A","BELL STREET","LAREDO ROAD",0,,"Y","2016-04-28",9250,"2016-04-14",1530,"017383",,"2","9","0","3",,"2","040","-","N",,0,0,,,0,,,,"N",2,"A","-",21202,"A","N","A","H","-","A","A","0","Y","L","04",0,0,1,0,0,0,1,0,0,"-","-","UNINCORPORATED","SACRAMENTO","CA",0,0
"90167534",-121.3588592,38.6711932,2016,"3400","4","1","4","07",0,1,"A",,,"Y",,,1800,4,"B","C","A","HILLSDALE BLVD.","WALERGA RD.",750,"S","N","2016-04-28",9250,"2016-04-25",1625,"013736",,"2","9","0","2",,"1","017","-","N",,0,0,,,0,,,,"N",2,"A","-",21658,"A","N","A","H","-","A","D","0","Y","A","07",0,0,1,0,0,0,0,0,1,"-","-","UNINCORPORATED","SACRAMENTO","CA",0,0
"90167320",0,0,2016,"3400","1","2","3","03",0,2,"A",,,,,,900,4,"C","C","A","INTERSTATE-80 W/B","FOOTHILL FARMS PED. OVERCROSSING",150,"W","N","2016-04-27",9250,"2016-04-12",829,"016225",,"1","9","0","1",,"2","183","-","Y",,0,0,,,0,,,,"Y",6,"A","-",22350,,"N","A","H","-","A","D","0","Y","A","01",0,1,1,0,0,0,0,0,0,"-","-","UNINCORPORATED","SACRAMENTO","CA",0,0
"90167310",0,0,2016,"3400","1","4","4","03",0,1,"A",,,,,"Y",1800,4,"C","C","A","MADISON AVE","I-80 W/B",0,,"N","2016-04-27",9250,"2016-04-14",1530,"016213",,"2","9","0","1",,"2","184","-","N",,0,0,,,0,,,,"N",2,"A","-",22350,,"M","A","H","-","A","D","0","Y","A","07",0,0,1,0,0,0,0,0,0,"-","-","UNINCORPORATED","SACRAMENTO","CA",-121.36053,38.66105
"90167301",0,0,2016,"3400","1","1","4","03",0,1,"B",,,,,,900,4,"C","C","A","INTERSTATE-80 W/B","MADISON AVENUE",1000,"E","N","2016-04-27",9250,"2016-04-18",800,"016225",,"1","9","0","1",,"2","183","-","Y",,0,0,,,0,,,,"N",2,"A","-",22350,,"N","A","H","-","A","D","0","Y","A","01",0,0,1,0,0,0,0,0,0,"-","-","UNINCORPORATED","SACRAMENTO","CA",0,0
"90167262",0,0,2016,"3400","4","3","4","09",0,1,"A",,,,,,900,4,"D","C","A","KENNETH AVENUE (5500 BLOCK)","MADISON AVENUE",420,"N","N","2016-04-27",9260,"2016-04-20",805,"015289",,"1","9","0","2",,"2","301","-","N",,0,0,,,0,,,,"Y",2,"A","-",21804,"A","N","A","H","-","A","D","0","Y","A","01",0,0,1,0,0,0,0,0,0,"-","-","UNINCORPORATED","SACRAMENTO","CA",-121.24422,38.6657
"90167252",0,0,2016,"3400","2","3","4","03",0,2,"A",,,,,,900,4,"C","C","A","US 50 E/B","MANLOVE RD",200,"E","N","2016-04-27",9260,"2016-04-20",640,"013664",,"1","9","0","1",,"2","501","-","Y",,0,0,,,0,,,,"Y",2,"A","-",22350,,"N","A","H","-","A","D","0","Y","A","01",0,0,2,0,0,0,0,0,0,"-","-","UNINCORPORATED","SACRAMENTO","CA",0,0
"90167217",-121.3285268,38.6197871,2016,"3400","4","4","4","09",0,1,"A",,,,,,1500,4,"D","C","A","FAIR OAKS BLVD","ROBERTSON AVE",360,"S","N","2016-04-27",9250,"2016-04-14",1300,"015719",,"1","9","0","2",,"1","053","-","N",,0,0,,,0,,,,"Y",2,"A","-",21804,"A","N","A","H","-","A","D","0","Y","D","22",0,0,1,0,0,0,0,0,0,"-","-","UNINCORPORATED","SACRAMENTO","CA",0,0
"90167107",-121.0985533,38.4963134,2016,"3400","3","1","3","07",0,3,"A",,,,,,1500,4,"D","C","A","SR-16 ","MURIETA PKY",41,"E","N","2016-04-27",9260,"2016-04-18",1242,"017084",,"1","9","0","1",,"2","116","-","Y",,0,0,,,0,,,,"Y",3,"A","-",21658,"A","N","A","H","-","A","A","0","Y","A","01",0,1,2,0,0,0,0,0,0,"-","-","UNINCORPORATED","SACRAMENTO","CA",-121.05542,38.29465
"90167103",-121.3738943,38.4961851,2016,"3400","4","7","4","03",0,2,"A",,,,,,2100,4,"C","C","A","FLORIN ROAD","BUFFY LANE",200,"E","N","2016-04-27",9252,"2016-04-17",1900,"019402",,"2","9","0","2",,"2","073","-","N",,0,0,,,0,,,,"Y",2,"A","-",22350,,"F","A","H","-","A","D","0","Y","-","99",0,0,2,0,0,0,0,0,0,"-","-","UNINCORPORATED","SACRAMENTO","CA",-121.37487,38.4962
"90167025",0,0,2016,"3400","2","2","4","03",0,1,"A",,,,,,1200,4,"C","C","A","US 50 W/B","MAYHEW RD",2112,"W","N","2016-04-27",9260,"2016-04-19",915,"013664",,"1","9","0","1",,"2","501","-","Y",,0,0,,,0,,,,"Y",2,"A","-",22350,,"N","A","H","-","A","D","0","Y","A","01",0,0,1,0,0,0,0,0,0,"-","-","UNINCORPORATED","SACRAMENTO","CA",0,0
"90167004",-121.2188931,38.632675,2016,"3400","4","4","4","12",0,2,"A",,,,,,2400,4,"D","C","A","HAZEL AVE","TRIBUTARY POINT DR.",0,,"Y","2016-04-27",9260,"2016-04-14",2119,"018316",,"2","9","0","2",,"2","103","-","N",,0,0,,,0,,,,"Y",2,"A","-",21453,"A","N","A","H","-","C","A","0","Y","A","01",0,0,2,0,0,0,0,0,0,"-","-","UNINCORPORATED","SACRAMENTO","CA",-121.2188,38.63252
"90166974",0,0,2016,"3400","3","6","3","08",0,1,"A",,,,,,1200,4,"C","C","A","SR-99 S/B","FLORIN RD",500,"S","N","2016-04-27",9252,"2016-04-16",935,"019787",,"1","9","0","1",,"2","192","-","Y",,0,0,,,0,,,,"Y",2,"A","-",22107,,"N","A","H","-","A","D","0","Y","A","01",0,1,0,0,0,0,0,0,0,"-","-","UNINCORPORATED","SACRAMENTO","CA",-121.44439,38.49446
"90166958",-121.4267981,38.4961162,2016,"3400","4","6","4","08",0,1,"A",,,"Y",,,2400,4,"B","C","A","FLORIN RD","LINDALE DR",10,"W","N","2016-04-27",9252,"2016-04-16",2320,"018961",,"3","9","0","2",,"2","073","-","N",,0,0,,,0,,,,"N",2,"A","-",22107,,"N","A","H","-","C","D","0","Y","C","02",0,0,1,0,0,0,0,0,1,"-","-","UNINCORPORATED","SACRAMENTO","CA",-121.42677,38.49757
"90166934",0,0,2016,"3404","3","4","3","03",0,3,"A",,,,,,1800,4,"C","C","A","STATE ROUTE 51 SOUTHBOUND ","MARCONI AVENUE OVERCROSSING",1800,"N","N","2016-04-27",9250,"2016-04-14",1700,"015369",,"2","7","0","1",,"2","152","-","Y",,0,0,,,0,,,,"Y",2,"A","-",22350,,"N","A","H","-","A","D","0","Y","A","01",0,1,2,0,0,0,0,0,0,"-","-","SACRAMENTO","SACRAMENTO","CA",-121.41708,38.62423
"90166921",0,0,2016,"3404","3","6","4","03",0,1,"A",,,,,,1800,4,"C","C","A","SR-99 N/B","12TH AVE",75,"N","N","2016-04-27",9252,"2016-04-16",1505,"018723",,"2","7","0","1",,"2","192","-","Y",,0,0,,,0,,,,"N",2,"A","-",22350,,"N","A","H","-","A","D","0","Y","A","01",0,0,1,0,0,0,0,0,0,"-","-","SACRAMENTO","SACRAMENTO","CA",-121.4736,38.5415
"90166907",-121.3641786,38.5813578,2016,"3400","4","6","4","03",0,2,"A",,,,,,1800,4,"C","C","A","FAIR OAKS BLVD","EASTERN AVE",70,"E","N","2016-04-27",9250,"2016-04-23",1653,"015917",,"2","9","0","2",,"1","051","-","N",,0,0,,,0,,,,"Y",3,"A","-",22350,,"N","A","H","-","A","D","0","Y","A","07",0,0,2,0,0,0,0,0,0,"-","-","UNINCORPORATED","SACRAMENTO","CA",-121.36446,38.58185
"90166897",0,0,2016,"3404","3","6","4","03",0,1,"A",,,,,,1200,4,"C","C","A","SR-99 N/B","MACK ROAD",1056,"S","N","2016-04-27",9252,"2016-04-16",959,"018648",,"1","7","0","1",,"2","191","-","Y",,0,0,,,0,,,,"Y",3,"A","-",22350,,"N","A","H","-","A","D","0","Y","A","07",0,0,1,0,0,0,0,0,0,"-","-","SACRAMENTO","SACRAMENTO","CA",-121.42785,38.47925
"90166858",-121.3476331,38.463335,2016,"3400","5","5","4","12",0,2,"A",,,,,,900,4,"D","C","A","VINTAGE PARK DR","KINGSBRIDGE DR",0,,"Y","2016-04-27",9252,"2016-04-15",716,"015453",,"1","9","0","3",,"2","070","-","N",,0,0,,,0,,,,"Y",2,"A","-",21453,"A","N","A","H","-","A","A","0","Y","A","07",0,0,2,0,0,0,0,0,0,"-","-","UNINCORPORATED","SACRAMENTO","CA",-121.34759,38.46331
"90166793",0,0,2016,"3404","3","4","4","08",0,1,"B",,,,,,300,4,"E","I","A","SR-244 E/B","AUBURN BLVD",2112,"W","N","2016-04-27",9250,"2016-04-14",135,"017734",,"3","7","0","1",,"1","244","C","Y",,0,0,,,0,,,,"Y",1,"A","-",22107,,"N","B","H","-","C","D","0","Y","A","01",0,0,1,0,0,0,0,0,0,"-","-","SACRAMENTO","SACRAMENTO","CA",0,0
"90166791",0,0,2016,"3400","3","5","4","03",0,1,"A",,,,,,1800,4,"C","C","A","SR-99 S/B","12TH AVE`",528,"N","N","2016-04-27",9252,"2016-04-15",1550,"017869",,"2","9","0","1",,"2","192","-","Y",,0,0,,,0,,,,"N",4,"A","-",22350,,"N","A","H","-","A","D","0","Y","D","22",0,0,1,0,0,0,0,0,0,"-","-","UNINCORPORATED","SACRAMENTO","CA",-121.474,38.537
"90166777",-121.3647553,38.7132757,2016,"3400","5","1","4","03",0,1,"A",,,,,,2100,4,"C","C","A","ELVERTA RD.","WALERGA RD",80,"W","N","2016-04-27",9250,"2016-04-18",1820,"016957",,"2","9","0","3",,"2","010","-","N",,0,0,,,0,,,,"N",2,"A","-",22350,,"N","A","H","-","A","D","0","Y","A","01",0,0,1,0,0,0,0,0,0,"-","-","UNINCORPORATED","SACRAMENTO","CA",0,0
"90166775",0,0,2016,"3404","3","3","3","03",0,1,"A",,,"Y",,,1500,4,"F","A","A","SR-51 S/B","EL CAMINO AVE",1020,"S","N","2016-04-27",9250,"2016-04-13",1420,"016957",,"2","7","0","1",,"2","152","-","Y",,0,0,,,0,,,,"Y",1,"A","-",22350,,"N","A","H","-","A","D","0","Y","C","02",0,1,0,0,0,0,0,0,1,"-","-","SACRAMENTO","SACRAMENTO","CA",0,0