"CASEID","POINT_X","POINT_Y","YEAR_","LOCATION","CHPTYPE","DAYWEEK","CRASHSEV","VIOLCAT","KILLED","INJURED","WEATHER1","PEDCOL","BICCOL","MCCOL","TRUCKCOL","ETOH","TIMECAT","MONTH_","CRASHTYP","INVOLVE","PED","PRIMARYRD","SECONDRD","DISTANCE","DIRECT","INTERSECT_","PROCDATE","JURIS","DATE_","TIME_","BADGE","JURIDIST","SHIFT","POP","SPECIAL","BEATTYPE","LAPDDIV","BEATCLAS","BEATNUMB","WEATHER2","STATEHW","CALTRANC","CALTRAND","STROUTE","ROUTESUF","POSTPRE","POSTMILE","LOCATYPE","RAMP","SIDEHW","TOWAWAY","PARTIES","PCF","VIOLCODE","VIOL","VIOLSUB","HITRUN","ROADSURF","RDCOND1","RDCOND2","LIGHTING","RIGHTWAY","CHPRDTYP","NOTPRIV","STFAULT","CHPFAULT","SEVINJ","OTHERINJ","COP","PEDKILL","PEDINJ","BICKILL","BICINJ","MCKILL","MCINJURE","RAMP1","RAMP2","CITY","COUNTY","STATE","X_CHP","Y_CHP"
"90158767",-121.4089686,38.4949965,2016,"3400","4","4","4","08",0,1,"A",,,,,,900,4,"D","C","A","POWER INN ROAD ","FLORIN ROAD",404,"S","N","2016-04-15",9252,"2016-04-07",825,"015006",,"1","9","0","2",,"2","073","-","N",,0,0,,,0,,,,"Y",2,"A","-",22107,,"N","A","H","-","A","D","0","Y","A","01",0,0,1,0,0,0,0,0,0,"-","-","UNINCORPORATED","SACRAMENTO","CA",-121.409,38.4947
"90158643",0,0,2016,"3400","4","7","4","03",0,1,"A",,,,,,900,4,"C","C","A","ELKHORN BOULEVARD E/B","THOMAS DRIVE",40,"W","N","2016-04-15",9250,"2016-04-03",720,"017317",,"1","9","0","2",,"1","014","-","N",,0,0,,,0,,,,"Y",2,"A","-",22350,,"N","A","H","-","A","A","0","Y","A","01",0,0,1,0,0,0,0,0,0,"-","-","UNINCORPORATED","SACRAMENTO","CA",0,0
"90158625",-121.3279931,38.6389151,2016,"3400","4","7","4","12",0,3,"A",,,,,,1500,4,"D","C","A","MANZANITA AVE","CYPRESS AVE",0,,"Y","2016-04-15",9250,"2016-04-03",1239,"016624",,"1","9","0","2",,"1","053","-","N",,0,0,,,0,,,,"Y",2,"A","-",21453,"A","N","A","H","-","A","A","0","Y","A","01",0,0,3,0,0,0,0,0,0,"-","-","UNINCORPORATED","SACRAMENTO","CA",-121.32807,38.38946
"90158618",0,0,2016,"3400","3","7","4","18",0,1,"A",,,,,,900,4,"E","I","A","STATE ROUTE 244 WESTBOUND","INTERSTATE 80",450,"W","N","2016-04-15",9250,"2016-04-03",715,"16290",,"1","9","0","1",,"1","244","-","Y",,0,0,,,0,,,,"Y",1,"C","-",0,,"N","A","H","-","A","D","0","Y","-","-",0,0,1,0,0,0,0,0,0,"-","-","UNINCORPORATED","SACRAMENTO","CA",-121.37705,38.64708
"90158531",0,0,2016,"3404","1","3","4","03",0,2,"A",,,,,,900,4,"C","C","A","I-5 S/B ","RICHARDS BL ",1584,"S","N","2016-04-15",9252,"2016-04-06",710,"014288",,"1","7","0","1",,"2","108","-","Y",,0,0,,,0,,,,"Y",4,"A","-",22350,,"N","A","H","-","A","D","0","Y","D","22",0,0,2,0,0,0,0,0,0,"-","-","SACRAMENTO","SACRAMENTO","CA",-121.50466,38.5916
"90158537",-121.3683539,38.6945426,2016,"3400","4","6","4","09",0,2,"A",,,,,,1500,4,"D","C","A","ELKHORN BLVD","KIMMEL DR",6,"W","N","2016-04-15",9250,"2016-04-02",1315,"019133",,"1","9","0","2",,"1","014","-","N",,0,0,,,0,,,,"N",2,"A","-",21804,"A","N","A","H","-","A","D","0","Y","A","01",0,0,2,0,0,0,0,0,0,"-","-","UNINCORPORATED","SACRAMENTO","CA",-121.36839,38.69451
"90158509",0,0,2016,"3404","3","3","4","08",0,1,"A",,,,,,1800,4,"E","I","A","SR-99 N/B","5TH AVE",500,"S","N","2016-04-15",9252,"2016-04-06",1650,"018167",,"2","7","0","1",,"2","192","-","Y",,0,0,,,0,,,,"Y",4,"A","-",22107,,"N","A","H","-","A","D","0","Y","A","01",0,0,1,0,0,0,0,0,0,"-","-","SACRAMENTO","SACRAMENTO","CA",-121.47387,38.54911
"90158493",0,0,2016,"3404","1","5","4","03",0,4,"A",,,,,,2400,4,"C","C","A","I-80 W/B","TRUXEL RD",2112,"W","N","2016-04-15",9250,"2016-04-01",2155,"019266",,"2","7","0","1",,"2","181","-","Y",,0,0,,,0,,,,"Y",3,"A","-",22350,,"F","A","D","H","C","D","0","Y","D","22",0,0,4,0,0,0,0,0,0,"-","-","SACRAMENTO","SACRAMENTO","CA",-121.5064,38.6307
"90158424",-121.3645555,38.7152816,2016,"3400","4","5","4","09",0,1,"A",,,,,,900,4,"D","C","A","WALERGA ROAD","SHANDWICK DRIVE",515,"S","N","2016-04-15",9250,"2016-04-01",743,"16290",,"1","9","0","2",,"1","013","-","N",,0,0,,,0,,,,"N",2,"A","-",21804,"A","N","A","H","-","A","D","0","Y","A","01",0,0,1,0,0,0,0,0,0,"-","-","UNINCORPORATED","SACRAMENTO","CA",-121.36451,38.71519
"90158411",0,0,2016,"3400","4","6","4","03",0,1,"A",,,,,,1800,4,"C","C","A","CALVINE RD E/B","AUBERRY DR",500,"W","N","2016-04-15",9252,"2016-04-02",1700,"19071",,"2","9","0","2",,"2","073","-","N",,0,0,,,0,,,,"Y",4,"A","-",22350,,"N","A","H","-","A","D","0","Y","A","01",0,0,1,0,0,0,0,0,0,"-","-","UNINCORPORATED","SACRAMENTO","CA",-121.40149,38.45536
"90158407",0,0,2016,"3404","3","5","4","03",0,1,"A",,,,,,1800,4,"C","C","A","SR-51 N/B","B ST.",230,"N","N","2016-04-15",9252,"2016-04-01",1655,"018668",,"2","7","0","1",,"2","193","-","Y",,0,0,,,0,,,,"N",3,"A","-",22350,,"N","A","H","-","A","D","0","Y","D","22",0,0,1,0,0,0,0,0,0,"-","-","SACRAMENTO","SACRAMENTO","CA",-121.4549,38.5848
"90158409",-121.3645232,38.661165,2016,"3400","4","3","4","12",0,1,"A",,,"Y",,,2400,3,"D","C","A","MADISON AVE.","HILLSDALE BLVD",0,,"Y","2016-04-15",9250,"2016-03-30",2255,"017862",,"3","9","0","2",,"1","016","-","N",,0,0,,,0,,,,"N",2,"A","-",21453,"A","F","A","H","-","C","A","0","Y","-","99",0,0,1,0,0,0,0,0,1,"-","-","UNINCORPORATED","SACRAMENTO","CA",0,0
"90158378",-121.3506132,38.6487951,2016,"3400","5","3","4","03",0,1,"A",,,,,,1200,3,"C","C","A","COLLEGE OAK DR","ORANGE GROVE AVE",528,"S","N","2016-04-15",9250,"2016-03-30",1032,"017752",,"1","9","0","3",,"2","020","-","N",,0,0,,,0,,,,"Y",2,"A","-",22350,,"N","A","H","-","A","D","0","Y","A","01",0,0,1,0,0,0,0,0,0,"-","-","UNINCORPORATED","SACRAMENTO","CA",0,0
"90158358",0,0,2016,"3400","5","2","4","03",0,2,"A","Y",,,,,300,3,"C","C","E","ELK GROVE FLORIN RD","MCCOY AVE",360,"S","N","2016-04-15",9252,"2016-03-22",115,"018140",,"3","9","0","3",,"2","074","-","N",,0,0,,,0,,,,"Y",4,"A","-",22350,,"N","A","H","-","D","D","0","Y","D","22",0,0,2,0,1,0,0,0,0,"-","-","UNINCORPORATED","SACRAMENTO","CA",-121.37182,38.4863
"90158343",-121.3423858,38.6646768,2016,"3404","4","7","4","09",0,1,"A",,,,,,2100,4,"D","C","A","AUBURN BLVD.","HEMLOCK ST",460,"S","N","2016-04-15",9250,"2016-04-03",2045,"018899",,"2","7","0","2",,"1","021","-","N",,0,0,,,0,,,,"Y",2,"A","-",21801,"A","N","A","H","-","C","D","0","Y","A","01",0,0,1,0,0,0,0,0,0,"-","-","SACRAMENTO","SACRAMENTO","CA",-121.34247,38.66472
"90158319",0,0,2016,"3400","3","3","4","03",0,2,"A",,,,,,900,3,"C","C","A","STATE ROUTE-160 S/B","CANTERBURY ROAD",300,"N","N","2016-04-15",9250,"2016-03-30",750,"016225",,"1","9","0","1",,"2","164","-","Y",,0,0,,,0,,,,"Y",4,"A","-",22350,,"N","A","H","-","A","D","0","Y","A","01",0,0,2,0,0,0,0,0,0,"-","-","UNINCORPORATED","SACRAMENTO","CA",0,0
"90158311",-121.4553731,38.517345,2016,"3400","4","3","4","01",0,1,"A",,,,,,1800,4,"D","C","A","39TH AVE","44TH ST",0,,"Y","2016-04-15",9252,"2016-04-13",1600,"018167",,"2","9","0","2",,"1","071","-","N",,0,0,,,0,,,,"Y",2,"A","-",23152,"E","F","A","H","-","A","A","0","Y","A","01",0,0,1,0,0,0,0,0,0,"-","-","UNINCORPORATED","SACRAMENTO","CA",-121.45538,38.51798
"90158302",0,0,2016,"3400","4","7","4","21",0,1,"B",,,,,,900,3,"C","C","A","ELKHORN BOULEVARD (EASTBOUND)","DON JULIO BOULEVARD",60,"W","N","2016-04-15",9250,"2016-03-13",725,"017317",,"1","9","0","2",,"1","014","C","N",,0,0,,,0,,,,"Y",2,"A","-",22106,,"N","B","H","-","A","A","0","Y","A","01",0,0,1,0,0,0,0,0,0,"-","-","UNINCORPORATED","SACRAMENTO","CA",0,0
"90158301",0,0,2016,"3400","4","5","4","03",0,3,"A",,,,,,2400,3,"C","C","A","HOWE AVE S/B","NORTHROP AVE",40,"N","N","2016-04-15",9250,"2016-03-18",2100,"017999",,"2","9","0","2",,"1","041","-","N",,0,0,,,0,,,,"N",2,"A","-",22350,,"F","A","H","-","C","A","0","Y","A","01",0,0,3,0,0,0,0,0,0,"-","-","UNINCORPORATED","SACRAMENTO","CA",0,0
"90158120",-121.3922131,38.5998151,2016,"3400","4","3","4","12",0,3,"A",,,,,,1500,3,"D","C","A","ALTA ARDEN EXPRESSWAY","MORSE AVE",0,,"Y","2016-04-14",9250,"2016-03-30",1330,"013299",,"1","9","0","2",,"1","049","-","N",,0,0,,,0,,,,"N",2,"A","-",21453,"A","N","A","H","-","A","A","0","Y","A","07",0,0,3,0,0,0,0,0,0,"-","-","UNINCORPORATED","SACRAMENTO","CA",0,0
"90158107",-121.4224085,38.4818416,2016,"3400","4","2","4","07",0,1,"A",,,"Y",,,1800,4,"C","C","A","STOCKTON BLVD","GERBER RD",80,"N","N","2016-04-14",9252,"2016-04-05",1713,"018435",,"2","9","0","2",,"2","073","-","N",,0,0,,,0,,,,"N",2,"A","-",21658,"A","N","A","H","-","A","D","0","Y","A","01",0,0,1,0,0,0,0,0,1,"-","-","UNINCORPORATED","SACRAMENTO","CA",-121.42233,38.48176
"90158098",-121.3644573,38.7044204,2016,"3400","4","2","1","11",1,0,"A","Y",,,,,1500,4,"G","B","D","WALERGA RD","ANTELOPE RD",184,"N","N","2016-04-14",9250,"2016-04-05",1438,"016363",,"2","9","0","2",,"1","013","-","N",,0,0,,,0,,,,"N",2,"A","-",21954,"A","N","A","H","-","A","D","0","Y","N","60",0,0,0,1,0,0,0,0,0,"-","-","UNINCORPORATED","SACRAMENTO","CA",0,0
"90158092",0,0,2016,"3404","2","2","3","07",0,1,"A",,,"Y",,,1800,4,"B","C","A","US-50 W/B","WATT AVE",1056,"W","N","2016-04-14",9252,"2016-04-05",1635,"018723",,"2","7","0","1",,"2","151","-","Y",,0,0,,,0,,,,"N",3,"A","-",21658,"A","N","A","H","-","A","D","0","Y","A","01",0,1,0,0,0,0,0,0,1,"-","-","SACRAMENTO","SACRAMENTO","CA",-121.3843,38.5583
"90158085",-121.416423,38.4961151,2016,"3400","4","6","4","12",0,1,"A",,,,,,2100,4,"D","C","A","FLORIN ROAD ","PALMER HOUSE DRIVE",0,,"Y","2016-04-14",9252,"2016-04-02",1900,"019402",,"2","9","0","2",,"2","073","-","N",,0,0,,,0,,,,"Y",2,"A","-",21453,"A","N","A","H","-","A","A","0","Y","A","07",0,0,1,0,0,0,0,0,0,"-","-","UNINCORPORATED","SACRAMENTO","CA",-121.41622,38.49608
"90158049",-121.3276296,38.7117051,2016,"3400","5","1","4","08",0,1,"A",,,,,,2400,3,"B","C","A","ANTELOPE RD. NORTH","POKER LN",1217,"N","N","2016-04-14",9250,"2016-03-28",2200,"017819",,"3","9","0","3",,"2","010","-","N",,0,0,,,0,,,,"Y",2,"A","-",22107,,"N","A","H","-","D","D","0","Y","A","01",0,0,1,0,0,0,0,0,0,"-","-","UNINCORPORATED","SACRAMENTO","CA",0,0
"90158033",-121.3366232,38.6940341,2016,"3400","5","7","4","08",0,1,"A",,"Y",,,,1500,3,"H","E","A","DIABLO DR","SUNSET OAK CT",55,"S","N","2016-04-14",9250,"2016-03-27",1420,"019133",,"2","9","0","3",,"2","010","-","N",,0,0,,,0,,,,"N",2,"A","-",22107,,"N","A","H","-","A","D","0","Y","L","04",0,0,1,0,0,0,1,0,0,"-","-","UNINCORPORATED","SACRAMENTO","CA",-121.33656,38.69401
"90157913",-121.3462681,38.6613406,2016,"3400","4","5","4","09",0,1,"A","Y",,,,,1800,4,"G","B","E","AUBURN BOULEVARD WESTBOUND","MADISON AVENUE",260,"E","N","2016-04-14",9250,"2016-04-01",1725,"015369",,"2","9","0","2",,"1","021","-","N",,0,0,,,0,,,,"N",2,"A","-",21804,"A","N","A","H","-","A","D","0","Y","A","01",0,0,1,0,1,0,0,0,0,"-","-","UNINCORPORATED","SACRAMENTO","CA",-121.3464,38.66156
"90157896",-121.3640031,38.681125,2016,"3400","5","1","3","08",0,3,"A",,,,,,1200,4,"C","C","A","WALERGA RD","KIRKBY WAY",0,,"Y","2016-04-14",9250,"2016-04-04",1010,"015836",,"1","9","0","3",,"2","010","-","N",,0,0,,,0,,,,"Y",3,"A","-",22107,,"F","A","H","-","A","D","0","Y","A","01",0,1,2,0,0,0,0,0,0,"-","-","UNINCORPORATED","SACRAMENTO","CA",0,0
"90157893",0,0,2016,"3400","4","7","4","03",0,1,"A",,,,,,1500,3,"C","C","A","MADISON AVENUE (EASTBOUND LANES)","FLEETWOOD DRIVE",80,"W","N","2016-04-14",9250,"2016-03-27",1210,"017317",,"1","9","0","2",,"1","024","-","N",,0,0,,,0,,,,"Y",3,"A","-",22350,,"N","A","H","-","A","D","0","Y","A","08",0,0,1,0,0,0,0,0,0,"-","-","UNINCORPORATED","SACRAMENTO","CA",0,0
"90157872",0,0,2016,"3404","3","4","3","08",0,1,"A",,,"Y",,,1800,3,"C","C","A","SR-51 S/B","MARCONI AVE",870,"S","N","2016-04-14",9250,"2016-03-17",1555,"018374",,"2","7","0","1",,"2","152","-","Y",,0,0,,,0,,,,"Y",2,"A","-",22107,,"F","A","H","-","A","D","0","Y","-","99",0,1,0,0,0,0,0,0,1,"-","-","SACRAMENTO","SACRAMENTO","CA",0,0
"90157838",-121.3460031,38.603655,2016,"3400","5","5","2","08",0,1,"A",,,"Y",,"Y",1500,4,"E","I","A","WALNUT AVE","ALRENE CT",0,,"Y","2016-04-14",9250,"2016-04-08",1245,"017849",,"1","9","0","3",,"2","050","-","N",,0,0,,,0,,,,"Y",1,"A","-",22107,,"N","A","H","-","A","D","0","Y","C","02",1,0,0,0,0,0,0,0,1,"-","-","UNINCORPORATED","SACRAMENTO","CA",-121.34598,38.60362
"90157834",0,0,2016,"3404","1","7","3","03",0,1,"A",,,"Y",,,1500,4,"F","A","A","INTERSTATE 80 W/B","TRUXEL ROAD",2000,"W","N","2016-04-14",9250,"2016-04-03",1305,"017849",,"1","7","0","1",,"2","187","-","Y",,0,0,,,0,,,,"Y",1,"A","-",22350,,"N","A","H","-","A","D","0","Y","C","02",0,1,0,0,0,0,0,0,1,"-","-","SACRAMENTO","SACRAMENTO","CA",-121.5077,38.63026
"90157829",0,0,2016,"3404","1","2","4","03",0,1,"A",,,,,,900,4,"C","C","A","I-5 N/B ","FLORIN RD ",528,"N","N","2016-04-14",9252,"2016-04-05",830,"014288",,"1","7","0","1",,"2","107","-","Y",,0,0,,,0,,,,"Y",2,"A","-",22350,,"N","A","H","-","A","D","0","Y","A","08",0,0,1,0,0,0,0,0,0,"-","-","SACRAMENTO","SACRAMENTO","CA",-121.51712,38.49874
"90157827",-121.4018437,38.6180089,2016,"3400","4","5","4","09",0,2,"A",,,,,,1500,4,"D","C","A","MARCONI AVE.","WRIGHT ST.",1200,"E","N","2016-04-14",9250,"2016-04-01",1425,"015577",,"2","9","0","2",,"1","042","-","N",,0,0,,,0,,,,"Y",2,"A","-",21801,"A","N","A","H","-","A","D","0","Y","A","01",0,0,2,0,0,0,0,0,0,"-","-","UNINCORPORATED","SACRAMENTO","CA",0,0
"90157809",-121.3834806,38.5740351,2016,"3400","4","4","4","01",0,1,"A",,,,,"Y",300,3,"E","I","A","FAIR OAKS BLVD","WATT AVE",100,"S","N","2016-04-14",9250,"2016-03-31",215,"017734",,"3","9","0","2",,"1","045","-","N",,0,0,,,0,,,,"Y",1,"A","-",23152,"A","N","A","H","-","C","D","0","Y","A","01",0,0,1,0,0,0,0,0,0,"-","-","UNINCORPORATED","SACRAMENTO","CA",0,0
"90157806",0,0,2016,"3404","2","2","4","03",0,2,"A",,,,,,900,4,"C","C","A","US-50 E/B","15TH STREET",100,"E","N","2016-04-14",9252,"2016-04-05",815,"013823",,"1","7","0","1",,"2","150","-","Y",,0,0,,,0,,,,"Y",3,"A","-",22350,,"N","A","H","-","A","D","0","Y","A","01",0,0,2,0,0,0,0,0,0,"-","-","SACRAMENTO","SACRAMENTO","CA",-121.54347,38.49347
"90157764",-121.3363901,38.5680027,2016,"3400","4","2","3","07",0,2,"A",,,,,,1800,3,"B","C","A","BRADSHAW RD","BUSINESS PARK DR",296,"S","N","2016-04-14",9260,"2016-03-22",1636,"017084",,"2","9","0","2",,"2","101","-","N",,0,0,,,0,,,,"Y",2,"A","-",21658,"A","N","A","H","-","A","D","0","Y","D","22",0,2,0,0,0,0,0,0,0,"-","-","UNINCORPORATED","SACRAMENTO","CA",-121.20112,38.34059
"90157728",-121.3199615,38.6258719,2016,"3400","5","6","4","09",0,2,"A",,,,,,1800,3,"D","C","A","LANDIS AVE","CALIFORNIA AVE",392,"E","N","2016-04-14",9250,"2016-03-26",1629,"017482",,"2","9","0","3",,"2","050","-","N",,0,0,,,0,,,,"Y",2,"A","-",21804,"A","N","A","H","-","A","D","0","Y","A","01",0,0,2,0,0,0,0,0,0,"-","-","UNINCORPORATED","SACRAMENTO","CA",0,0
"90157691",-121.3574052,38.6733572,2016,"3400","4","7","2","09",0,1,"A",,,"Y",,"Y",1500,3,"D","C","A","WALERGA ROAD","WILLOWBROOK DRIVE",94,"W","N","2016-04-14",9250,"2016-03-27",1453,"013542",,"2","9","0","2",,"1","013","-","N",,0,0,,,0,,,,"Y",2,"A","-",21804,"A","N","A","H","-","A","D","0","Y","A","01",1,0,0,0,0,0,0,0,1,"-","-","UNINCORPORATED","SACRAMENTO","CA",-121.3575,38.67361
"90157688",0,0,2016,"3404","3","2","4","03",0,1,"A",,,,,,1500,4,"C","C","A","SR-99 N/B","12TH AVE.",500,"S","N","2016-04-14",9252,"2016-04-05",1410,"018167",,"2","7","0","1",,"2","192","-","Y",,0,0,,,0,,,,"N",2,"A","-",22350,,"N","A","H","-","A","D","0","Y","A","01",0,0,1,0,0,0,0,0,0,"-","-","SACRAMENTO","SACRAMENTO","CA",-121.47361,38.53785
"90157661",0,0,2016,"3404","1","4","4","03",0,1,"A",,,,,,2100,3,"C","C","A","I-80 W/B","NORWOOD AVE",0,,"N","2016-04-14",9250,"2016-03-31",1900,"013736",,"2","7","0","1",,"2","187","-","Y",,0,0,,,0,,,,"N",2,"A","-",22350,,"N","A","H","-","A","D","0","Y","A","01",0,0,1,0,0,0,0,0,0,"-","-","SACRAMENTO","SACRAMENTO","CA",0,0
"90157625",-121.4019177,38.5887375,2016,"3400","5","6","4","09",0,2,"A",,,,,,1800,3,"D","C","A","HURLEY WAY","FULTON AVE",133,"W","N","2016-04-14",9250,"2016-03-26",1703,"015917",,"2","9","0","3",,"2","040","-","N",,0,0,,,0,,,,"Y",2,"A","-",21801,"A","N","A","H","-","A","D","0","Y","A","01",0,0,2,0,0,0,0,0,0,"-","-","UNINCORPORATED","SACRAMENTO","CA",-121.40228,38.58855
"90157589",-121.3637931,38.6840851,2016,"3400","4","5","2","09",0,1,"A",,,,,,900,4,"D","C","A","WALERGA ROAD","LARCHMONT DRIVE",0,,"Y","2016-04-14",9250,"2016-04-01",720,"017317",,"1","9","0","2",,"1","013","-","N",,0,0,,,0,,,,"Y",2,"A","-",21802,"A","N","A","H","-","A","A","0","Y","A","01",1,0,0,0,0,0,0,0,0,"-","-","UNINCORPORATED","SACRAMENTO","CA",0,0
"90157545",-121.3272331,38.671675,2016,"3400","5","5","4","09",0,1,"A",,,,,,1800,3,"D","C","A","HILLTOP DR","MANZANITA AVE",0,,"Y","2016-04-14",9250,"2016-03-25",1518,"017482",,"2","9","0","3",,"2","020","-","N",,0,0,,,0,,,,"N",2,"A","-",21802,"A","N","A","H","-","A","A","0","Y","A","01",0,0,1,0,0,0,0,0,0,"-","-","UNINCORPORATED","SACRAMENTO","CA",0,0
"90157542",-121.3274331,38.660705,2016,"3400","4","3","4","12",0,1,"A",,,,,,2100,3,"D","C","A","MADISON AVE.","MANZANITA AVE",0,,"Y","2016-04-14",9250,"2016-03-30",1850,"013736",,"2","9","0","2",,"1","024","-","N",,0,0,,,0,,,,"N",2,"A","-",21453,"A","N","A","H","-","A","A","0","Y","A","01",0,0,1,0,0,0,0,0,0,"-","-","UNINCORPORATED","SACRAMENTO","CA",0,0
"90157538",0,0,2016,"3404","3","1","4","03",0,2,"B",,,,,,1800,3,"C","C","A","SR-51 N/B","ARDEN WAY",500,"S","N","2016-04-14",9250,"2016-03-28",1730,"013736",,"2","7","0","1",,"2","151","-","Y",,0,0,,,0,,,,"N",2,"A","-",22350,,"N","A","H","-","A","D","0","Y","A","07",0,0,2,0,0,0,0,0,0,"-","-","SACRAMENTO","SACRAMENTO","CA",0,0
"90157531",-121.4106748,38.6206717,2016,"3400","5","5","4","08",0,1,"A",,"Y",,,,1500,3,"D","G","A","BELL STREET","CARLSBAD AVE",159,"N","N","2016-04-14",9250,"2016-03-25",1300,"016434",,"1","9","0","3",,"2","040","-","Y",,0,0,,,0,,,,"N",2,"A","-",22107,,"N","A","H","-","A","D","0","Y","L","04",0,0,1,0,0,0,1,0,0,"-","-","UNINCORPORATED","SACRAMENTO","CA",0,0
"90157529",0,0,2016,"3404","3","4","4","03",0,1,"A",,,,,,1800,3,"C","C","A","SR-51 S/B","EXPOSITION BLVD",515,"S","N","2016-04-14",9250,"2016-03-31",1550,"013736",,"2","7","0","1",,"2","152","-","Y",,0,0,,,0,,,,"N",4,"A","-",22350,,"N","A","H","-","A","D","0","Y","A","01",0,0,1,0,0,0,0,0,0,"-","-","SACRAMENTO","SACRAMENTO","CA",0,0
"90157507",0,0,2016,"3400","4","4","4","09",0,1,"A",,,,,,2400,3,"D","C","A","MARCONI AVE. W/B","KINO ST.",100,"W","N","2016-04-14",9250,"2016-03-24",2217,"017862",,"3","9","0","2",,"1","042","-","N",,0,0,,,0,,,,"Y",2,"A","-",21801,"A","F","A","H","-","D","D","0","Y","A","08",0,0,1,0,0,0,0,0,0,"-","-","UNINCORPORATED","SACRAMENTO","CA",0,0
"90157458",0,0,2016,"3404","2","6","4","07",0,1,"A",,,,,,1800,4,"B","C","A","US-50 E/B","24TH ST.",1000,"E","N","2016-04-14",9252,"2016-04-02",1550,"018155",,"2","7","0","1",,"2","150","-","Y",,0,0,,,0,,,,"N",2,"A","-",21658,"A","N","A","H","-","A","D","0","Y","A","01",0,0,1,0,0,0,0,0,0,"-","-","SACRAMENTO","SACRAMENTO","CA",-121.474,38.545
"90157409",0,0,2016,"3404","3","3","4","07",0,1,"A",,,"Y",,,1800,3,"F","C","A","SR-51 N/B","N ST",200,"N","N","2016-04-14",9252,"2016-03-30",1600,"018167",,"2","7","0","1",,"2","193","-","Y",,0,0,,,0,,,,"N",4,"A","-",21658,"A","F","A","H","-","A","D","0","Y","A","07",0,0,1,0,0,0,0,0,1,"-","-","SACRAMENTO","SACRAMENTO","CA",-121.46877,38.56944
"90157397",-121.3644531,38.7039151,2016,"3400","4","5","4","12",0,4,"B",,,,,,300,3,"D","C","A","WALERGA RD","ANTELOPE RD.",0,,"Y","2016-04-14",9250,"2016-03-18",156,"018899",,"3","9","0","2",,"1","013","-","N",,0,0,,,0,,,,"Y",2,"A","-",21453,"A","N","A","H","-","C","A","0","Y","A","01",0,0,4,0,0,0,0,0,0,"-","-","UNINCORPORATED","SACRAMENTO","CA",0,0
"90157371",-121.2922931,38.663715,2016,"3404","5","6","3","12",0,2,"E",,,,,,600,2,"D","C","A","MADISON AVE","SAN JUAN AVE",0,,"Y","2016-04-14",9250,"2016-02-20",520,"018941",,"3","7","0","3",,"2","020","-","N",,0,0,,,0,,,,"Y",2,"A","-",21453,"A","N","A","H","-","C","A","0","Y","A","07",0,1,1,0,0,0,0,0,0,"-","-","SACRAMENTO","SACRAMENTO","CA",-121.1831,38.3948
"90157265",-121.3646223,38.72518,2016,"3404","4","5","4","03",0,1,"A",,,,,,900,4,"C","C","A","WALERGA RD","SINGING TREE WAY",20,"N","N","2016-04-13",9250,"2016-04-01",804,"018374",,"1","7","0","2",,"1","013","-","N",,0,0,,,0,,,,"N",5,"A","-",22350,,"M","A","H","-","A","A","0","Y","D","22",0,0,1,0,0,0,0,0,0,"-","-","SACRAMENTO","SACRAMENTO","CA",0,0
"90157260",-121.3644631,38.663365,2016,"3404","4","6","4","12",0,1,"A",,,,,,1200,4,"B","C","A","HILLSDALE BLVD","FRIZELL AVE",0,,"Y","2016-04-13",9250,"2016-04-02",920,"018374",,"1","7","0","2",,"1","017","-","N",,0,0,,,0,,,,"N",2,"A","-",21453,"A","N","A","H","-","A","A","0","Y","A","01",0,0,1,0,0,0,0,0,0,"-","-","SACRAMENTO","SACRAMENTO","CA",0,0
"90157258",0,0,2016,"3404","3","6","3","08",0,1,"C",,,"Y",,,1800,4,"F","A","A","E/B EXPOSITION BLVD TO S/B SR-51","EXPOSITION BLVD",242,"S","N","2016-04-13",9250,"2016-04-09",1552,"019069",,"2","7","0","1",,"2","152","-","Y",,0,0,,,0,,,,"Y",1,"A","-",22107,,"N","B","H","-","A","A","0","Y","C","02",0,1,0,0,0,0,0,0,1,"-","-","SACRAMENTO","SACRAMENTO","CA",-121.44411,38.59628
"90157237",0,0,2016,"3404","3","6","4","03",0,1,"A",,,,,,1500,3,"C","C","A","SR-51 S/B","EL CAMINO AVE",788,"S","N","2016-04-13",9250,"2016-03-26",1454,"019069",,"2","7","0","1",,"2","152","-","N",,0,0,,,0,,,,"Y",4,"A","-",22350,,"N","A","H","-","A","A","0","Y","A","01",0,0,1,0,0,0,0,0,0,"-","-","SACRAMENTO","SACRAMENTO","CA",-121.42852,38.60982
"90157229",0,0,2016,"3404","3","4","3","03",0,1,"A",,,"Y",,,1800,3,"F","A","A","SR-51 S/B","WATT AVE",863,"S","N","2016-04-13",9250,"2016-03-31",1639,"019069",,"2","7","0","1",,"2","152","-","Y",,0,0,,,0,,,,"Y",1,"A","-",22350,,"N","A","H","-","A","A","0","Y","C","02",0,1,0,0,0,0,0,0,1,"-","-","SACRAMENTO","SACRAMENTO","CA",-121.2313,38.3812
"90157226",-121.3645232,38.661165,2016,"3400","4","6","3","09",0,4,"A",,,,,,2100,4,"A","C","A","MADISON AVE","HILLSDALE BLVD",0,,"Y","2016-04-13",9250,"2016-04-02",1855,"019069",,"2","9","0","2",,"1","016","-","N",,0,0,,,0,,,,"Y",2,"A","-",21453,"C","N","A","H","-","A","A","0","Y","A","01",0,4,0,0,0,0,0,0,0,"-","-","UNINCORPORATED","SACRAMENTO","CA",-121.2147,38.3938