"CASEID","POINT_X","POINT_Y","YEAR_","LOCATION","CHPTYPE","DAYWEEK","CRASHSEV","VIOLCAT","KILLED","INJURED","WEATHER1","PEDCOL","BICCOL","MCCOL","TRUCKCOL","ETOH","TIMECAT","MONTH_","CRASHTYP","INVOLVE","PED","PRIMARYRD","SECONDRD","DISTANCE","DIRECT","INTERSECT_","PROCDATE","JURIS","DATE_","TIME_","BADGE","JURIDIST","SHIFT","POP","SPECIAL","BEATTYPE","LAPDDIV","BEATCLAS","BEATNUMB","WEATHER2","STATEHW","CALTRANC","CALTRAND","STROUTE","ROUTESUF","POSTPRE","POSTMILE","LOCATYPE","RAMP","SIDEHW","TOWAWAY","PARTIES","PCF","VIOLCODE","VIOL","VIOLSUB","HITRUN","ROADSURF","RDCOND1","RDCOND2","LIGHTING","RIGHTWAY","CHPRDTYP","NOTPRIV","STFAULT","CHPFAULT","SEVINJ","OTHERINJ","COP","PEDKILL","PEDINJ","BICKILL","BICINJ","MCKILL","MCINJURE","RAMP1","RAMP2","CITY","COUNTY","STATE","X_CHP","Y_CHP"
"90141935",0,0,2016,"3404","3","6","3","08",0,1,"C",,,,,,2100,3,"E","I","A","SR-99 N/B","BROADWAY",350,"S","N","2016-03-23",9252,"2016-03-12",1805,"018668",,"2","7","0","1",,"2","192","-","Y",,0,0,,,0,,,,"Y",1,"A","-",22107,,"N","B","H","-","C","D","0","Y","A","01",0,1,0,0,0,0,0,0,0,"-","-","SACRAMENTO","SACRAMENTO","CA",-121.4739,38.5545
"90141902",-121.291793,38.636295,2016,"3400","5","1","4","03",0,1,"B",,,,,,1200,3,"C","C","A","SAN JUAN AVENUE","FAIR OAKS BOULEVARD",0,,"Y","2016-03-23",9250,"2016-03-07",1020,"013299",,"1","9","0","3",,"2","050","-","N",,0,0,,,0,,,,"N",2,"A","-",22350,,"N","B","H","-","A","A","0","Y","A","01",0,0,1,0,0,0,0,0,0,"-","-","UNINCORPORATED","SACRAMENTO","CA",0,0
"90141839",0,0,2016,"3400","5","1","4","03",0,1,"B",,,,,,900,3,"C","C","A","WALNUT AVENUE","HOPE LN",25,"N","N","2016-03-23",9250,"2016-03-07",845,"013299",,"1","9","0","3",,"2","050","C","N",,0,0,,,0,,,,"N",4,"A","-",22350,,"N","B","H","-","A","D","0","Y","A","01",0,0,1,0,0,0,0,0,0,"-","-","UNINCORPORATED","SACRAMENTO","CA",0,0
"90141816",-121.6947729,38.1166303,2016,"3400","3","6","4","03",0,1,"B",,,,,,1200,3,"C","C","A","SR- 160","BRANNAN ISLAND RD",2640,"S","N","2016-03-23",9252,"2016-03-12",920,"018649",,"1","9","0","1",,"1","161","-","Y",,0,0,,,0,,,,"Y",3,"A","-",22350,,"N","A","H","-","A","D","0","Y","A","07",0,0,1,0,0,0,0,0,0,"-","-","UNINCORPORATED","SACRAMENTO","CA",-121.6954,38.1157
"90141810",-121.3279931,38.6389151,2016,"3400","4","1","4","12",0,2,"A",,,,,,1200,2,"D","C","A","MANZANITA AVENUE","CYPRESS AVENUE",0,,"Y","2016-03-23",9250,"2016-02-29",1040,"013299",,"1","9","0","2",,"1","055","-","N",,0,0,,,0,,,,"Y",2,"A","-",21453,"A","N","A","H","-","A","A","0","Y","A","08",0,0,2,0,0,0,0,0,0,"-","-","UNINCORPORATED","SACRAMENTO","CA",0,0
"90141801",-121.2432031,38.2963451,2016,"3400","5","1","2","01",0,2,"B",,,,,"Y",1800,3,"A","C","A","SR-104","IVIE RD",0,,"Y","2016-03-23",9252,"2016-03-21",1610,"016747",,"2","9","0","3",,"2","080","C","Y",,0,0,,,0,,,,"Y",2,"A","-",23152,"A","N","B","H","-","A","A","0","Y","A","01",2,0,0,0,0,0,0,0,0,"-","-","UNINCORPORATED","SACRAMENTO","CA",-121.24464,38.29555
"90141787",-121.3506132,38.6500803,2016,"3400","5","3","4","03",0,1,"B",,,,,,1500,2,"C","C","A","COLLEGE OAK DR","ORANGE GROVE AVE",60,"S","N","2016-03-23",9250,"2016-02-17",1225,"013299",,"1","9","0","3",,"2","020","-","N",,0,0,,,0,,,,"N",2,"A","-",22350,,"M","A","H","-","A","A","0","Y","A","01",0,0,1,0,0,0,0,0,0,"-","-","UNINCORPORATED","SACRAMENTO","CA",0,0
"90141776",0,0,2016,"3404","3","6","4","03",0,1,"B",,,,,,1500,3,"C","C","A","SR-99 N/B","12TH AVE.",300,"N","N","2016-03-23",9252,"2016-03-12",1325,"017325",,"1","7","0","1",,"2","192","C","Y",,0,0,,,0,,,,"Y",4,"A","-",22350,,"N","A","H","-","A","D","0","Y","A","07",0,0,1,0,0,0,0,0,0,"-","-","SACRAMENTO","SACRAMENTO","CA",-121.65619,38.74681
"90141725",-121.364553,38.585425,2016,"3400","4","3","4","09",0,2,"A",,,,,,1500,3,"D","C","A","EASTERN AVE","CASTEC DR",0,,"Y","2016-03-23",9250,"2016-03-02",1400,"014845",,"2","9","0","2",,"1","051","-","N",,0,0,,,0,,,,"Y",2,"A","-",21453,"B","N","A","H","-","A","A","0","Y","A","01",0,0,2,0,0,0,0,0,0,"-","-","UNINCORPORATED","SACRAMENTO","CA",0,0
"90141533",-121.3844153,38.6176744,2016,"3400","4","1","4","01",0,1,"B",,,,,"Y",1800,3,"E","I","A","MARCONI AVENUE","WATT AVENUE",400,"W","N","2016-03-22",9250,"2016-03-21",1625,"017383",,"2","9","0","2",,"1","042","-","N",,0,0,,,0,,,,"Y",1,"A","-",23152,"A","N","B","H","-","A","D","0","Y","A","08",0,0,1,0,0,0,0,0,0,"-","-","UNINCORPORATED","SACRAMENTO","CA",0,0
"90141504",0,0,2016,"3404","2","6","3","03",0,2,"B",,,,,,2400,3,"E","I","A","US-50 W/B TO SR-99 S/B","SR-51 ",178,"W","N","2016-03-22",9252,"2016-03-12",2340,"019793",,"3","7","0","1",,"2","150","C","Y",,0,0,,,0,,,,"Y",1,"A","-",22350,,"N","B","H","-","C","D","0","Y","A","07",0,2,0,0,0,0,0,0,0,"-","-","SACRAMENTO","SACRAMENTO","CA",-121.47438,38.55868
"90141435",-121.3967232,38.6905238,2016,"3400","5","5","4","08",0,2,"B",,,,"Y",,1200,3,"B","C","A","30TH ST","ELKHORN BLVD",25,"N","N","2016-03-22",9250,"2016-03-11",1125,"018816",,"1","9","0","3",,"2","060","-","N",,0,0,,,0,,,,"Y",2,"A","-",22107,,"N","B","H","-","A","D","0","Y","A","07",0,0,2,0,0,0,0,0,0,"-","-","UNINCORPORATED","SACRAMENTO","CA",0,0
"90141358",0,0,2016,"3400","S","6","2","01",0,1,"B",,,,,"Y",300,3,"C","C","A","I-80 W/B","NORWOOD AVE",730,"W","N","2016-03-22",9250,"2016-03-12",30,"018725",,"3","9","0","1",,"2","185","-","Y",,0,0,,,0,,,,"Y",2,"A","-",23152,"A","N","B","D","-","C","D","0","Y","A","07",1,0,0,0,0,0,0,0,0,"-","-","UNINCORPORATED","SACRAMENTO","CA",-121.45954,38.64161
"90141340",-121.3402986,38.585117,2016,"3400","5","6","4","03",0,4,"C",,,,,,600,3,"E","J","A","MCCLAREN DR","JAIMEWOOD CT.",172,"E","N","2016-03-22",9250,"2016-03-12",311,"019169",,"3","9","0","3",,"2","050","-","N",,0,0,,,0,,,,"Y",3,"A","-",22350,,"F","B","H","-","C","D","0","Y","A","01",0,0,4,0,0,0,0,0,0,"-","-","UNINCORPORATED","SACRAMENTO","CA",0,0
"90140944",0,0,2016,"3404","1","7","4","08",0,1,"B",,,,,,1500,3,"E","I","A","I-5 N/B","SEAMAS AVENUE",1584,"N","N","2016-03-22",9252,"2016-03-13",1204,"018648",,"1","7","0","1",,"2","107","C","Y",,0,0,,,0,,,,"Y",1,"A","-",22107,,"N","B","H","-","A","D","0","Y","A","01",0,0,1,0,0,0,0,0,0,"-","-","SACRAMENTO","SACRAMENTO","CA",-121.51766,38.5296
"90140940",0,0,2016,"3400","3","2","3","03",0,1,"B",,,,"Y",,2400,3,"C","C","A","SR-99 NORTHBOUND ","DILLARD ROAD",1056,"S","N","2016-03-22",9252,"2016-03-08",2341,"018581",,"3","9","0","1",,"2","190","-","Y",,0,0,,,0,,,,"Y",2,"A","-",22350,,"N","A","H","-","C","D","0","Y","A","07",0,1,0,0,0,0,0,0,0,"-","-","UNINCORPORATED","SACRAMENTO","CA",-121.33461,38.34119
"90140871",0,0,2016,"3496","1","7","3","08",0,2,"C",,,,,"Y",300,3,"E","J","A","I-80 E/B","ANTELOPE RD",150,"E","N","2016-03-22",9250,"2016-03-13",155,"019266",,"3","5","0","1",,"2","184","-","Y",,0,0,,,0,,,,"Y",1,"A","-",22107,,"N","B","H","-","C","D","0","Y","A","01",0,2,0,0,0,0,0,0,0,"-","-","CITRUS HEIGHTS","SACRAMENTO","CA",0,0
"90140819",-121.300202,38.63788,2016,"3400","5","3","4","09",0,1,"A",,,,"Y",,900,3,"C","C","A","HOLLISTER AVE","MURDOCK WY",20,"N","N","2016-03-22",9250,"2016-03-16",700,"014845",,"1","9","0","3",,"2","050","-","N",,0,0,,,0,,,,"N",2,"A","-",21801,"A","N","A","H","-","A","A","0","Y","A","07",0,0,1,0,0,0,0,0,0,"-","-","UNINCORPORATED","SACRAMENTO","CA",0,0
"90140813",0,0,2016,"3404","3","3","4","03",0,3,"A",,,,,,2100,3,"C","C","A","SR-51 N/B","WATT AVE.",1000,"S","N","2016-03-22",9250,"2016-03-16",1800,"013736",,"2","7","0","1",,"2","151","-","Y",,0,0,,,0,,,,"Y",3,"A","-",22350,,"N","A","H","-","A","D","0","Y","A","01",0,0,3,0,0,0,0,0,0,"-","-","SACRAMENTO","SACRAMENTO","CA",0,0
"90140735",0,0,2016,"3400","1","4","4","03",0,2,"A",,,,,,1800,3,"C","C","A","INTERSTATE 80 EASTBOUND","GREENBACK LANE OVERCROSSING",1150,"W","N","2016-03-21",9250,"2016-03-17",1750,"015369",,"2","9","0","1",,"2","184","-","Y",,0,0,,,0,,,,"Y",4,"A","-",22350,,"N","A","H","-","A","D","0","Y","A","01",0,0,2,0,0,0,0,0,0,"-","-","UNINCORPORATED","SACRAMENTO","CA",-121.33903,38.68024
"90140601",0,0,2016,"3400","1","2","4","03",0,1,"B",,,,,,900,3,"C","C","A","I-80 E/B","GREENBACK LN",3960,"W","N","2016-03-21",9250,"2016-03-08",755,"017752",,"1","9","0","1",,"2","184","-","Y",,0,0,,,0,,,,"Y",2,"A","-",22350,,"N","A","H","-","A","D","0","Y","A","07",0,0,1,0,0,0,0,0,0,"-","-","UNINCORPORATED","SACRAMENTO","CA",0,0
"90140584",-121.385313,38.665505,2016,"3400","5","2","4","09",0,1,"A",,,,,,2100,3,"D","C","A","PALM AVE","ARNOLD AVE",0,,"Y","2016-03-21",9250,"2016-03-08",1940,"016363",,"2","9","0","3",,"2","060","-","N",,0,0,,,0,,,,"N",2,"A","-",21802,"A","N","A","H","-","D","A","0","Y","A","07",0,0,1,0,0,0,0,0,0,"-","-","UNINCORPORATED","SACRAMENTO","CA",0,0
"90140362",0,0,2016,"3496","1","2","4","03",0,1,"A",,,,,,900,3,"C","C","A","I-80 W/B","ANTELOPE RD",2640,"E","N","2016-03-21",9250,"2016-03-08",720,"015836",,"1","5","0","1",,"2","183","-","Y",,0,0,,,0,,,,"Y",5,"A","-",22350,,"N","A","H","-","A","D","0","Y","A","01",0,0,1,0,0,0,0,0,0,"-","-","CITRUS HEIGHTS","SACRAMENTO","CA",0,0
"90140217",-121.409033,38.497125,2016,"3400","4","3","4","09",0,2,"B",,,,,,1800,3,"D","C","A","POWER INN RD","BETTY LOU DR",0,,"Y","2016-03-21",9252,"2016-03-09",1620,"018119",,"2","9","0","2",,"2","073","-","N",,0,0,,,0,,,,"Y",2,"A","-",21801,"A","N","A","H","-","A","D","0","Y","A","07",0,0,2,0,0,0,0,0,0,"-","-","UNINCORPORATED","SACRAMENTO","CA",-121.40913,38.49713
"90140087",0,0,2016,"3404","1","6","1","08",1,0,"C",,,,"Y",,300,1,"E","I","A","I-5 NORTHBOUND","P STREET OVERCROSSING",70,"S","N","2016-03-21",9252,"2016-01-16",250,"018961",,"3","7","0","1",,"2","108","-","Y",,0,0,,,0,,,,"Y",1,"A","-",22107,,"N","B","H","-","C","D","0","Y","G","25",0,0,0,0,0,0,0,0,0,"-","-","SACRAMENTO","SACRAMENTO","CA",-121.50786,38.57653
"90139887",0,0,2016,"3400","1","6","3","08",0,1,"A",,,,,,900,3,"E","I","A","I-80 E/B","GREENBACK LN",5140,"E","N","2016-03-21",9250,"2016-03-19",830,"016624",,"1","9","0","1",,"2","184","-","Y",,0,0,,,0,,,,"Y",1,"A","-",22107,,"N","A","H","-","A","D","0","Y","D","22",0,1,0,0,0,0,0,0,0,"-","-","UNINCORPORATED","SACRAMENTO","CA",-121.3246,38.6932
"90139890",0,0,2016,"3400","3","6","4","07",0,1,"A",,,,,,2100,3,"B","C","A","SR-51 N/B","HOWE AVE",300,"N","N","2016-03-21",9250,"2016-03-19",2055,"018872",,"2","9","0","1",,"2","151","-","Y",,0,0,,,0,,,,"Y",2,"A","-",21658,"A","F","A","H","-","C","D","0","Y","-","99",0,0,1,0,0,0,0,0,0,"-","-","UNINCORPORATED","SACRAMENTO","CA",-121.41431,38.62518
"90139886",-121.3275426,38.7050262,2016,"3400","4","5","2","07",0,1,"A",,,"Y",,,1500,3,"E","I","A","ANTELOPE RD","DALY AVE",372,"W","N","2016-03-21",9250,"2016-03-18",1455,"019069",,"2","9","0","2",,"1","012","-","N",,0,0,,,0,,,,"N",1,"A","-",21658,"A","N","A","H","-","A","A","0","Y","C","02",1,0,0,0,0,0,0,0,1,"-","-","UNINCORPORATED","SACRAMENTO","CA",-121.1942,38.4218
"90139883",0,0,2016,"3400","3","5","3","07",0,1,"A",,,"Y",,,2400,3,"F","A","A","SR-51 S/B","EXPOSITION BLVD",1056,"S","N","2016-03-21",9250,"2016-03-18",2208,"018872",,"3","9","0","1",,"2","151","-","Y",,0,0,,,0,,,,"N",2,"A","-",21658,"A","N","A","H","-","C","D","0","Y","A","01",0,1,0,0,0,0,0,0,1,"-","-","UNINCORPORATED","SACRAMENTO","CA",-121.44676,38.58843
"90139879",0,0,2016,"3400","1","5","4","00",0,1,"A",,,,,,900,3,"B","C","A","I-80 W/B","TRUXEL RD",790,"W","N","2016-03-21",9250,"2016-03-18",635,"018542",,"1","9","0","1",,"2","181","-","Y",,0,0,,,0,,,,"Y",2,"A","-",21658,,"F","A","D","-","B","D","0","Y","-","99",0,0,1,0,0,0,0,0,0,"-","-","UNINCORPORATED","SACRAMENTO","CA",-121.50712,38.63045
"90139867",0,0,2016,"3400","1","4","4","03",0,1,"A",,,,,,1500,3,"C","C","A","INTERSTATE 80 E/B","ANTELOPE ROAD",3700,"W","N","2016-03-21",9250,"2016-03-17",1348,"017849",,"1","9","0","1",,"2","184","-","Y",,0,0,,,0,,,,"N",2,"A","-",22350,,"N","A","H","-","A","D","0","Y","A","01",0,0,1,0,0,0,0,0,0,"-","-","UNINCORPORATED","SACRAMENTO","CA",-121.31799,38.69956
"90139864",0,0,2016,"3400","1","4","2","03",0,4,"A",,,,,,600,3,"A","C","A","INTERSTATE 80 E/B","RIO LINDA BLVD.",850,"W","N","2016-03-21",9250,"2016-03-17",556,"017849",,"3","9","0","1",,"2","182","-","Y",,0,0,,,0,,,,"Y",3,"A","-",22350,,"N","A","D","-","D","D","0","Y","A","08",1,1,2,0,0,0,0,0,0,"-","-","UNINCORPORATED","SACRAMENTO","CA",-121.4509,38.64115
"90139856",0,0,2016,"3400","4","4","4","03",0,1,"A",,,,,,900,3,"C","C","A","WATT AVE. S/B","ADAMS RD",150,"S","N","2016-03-21",9250,"2016-03-17",830,"014344",,"1","9","0","2",,"1","045","-","N",,0,0,,,0,,,,"N",3,"A","-",22350,,"N","A","H","-","A","D","0","Y","A","07",0,0,1,0,0,0,0,0,0,"-","-","UNINCORPORATED","SACRAMENTO","CA",0,0
"90139852",0,0,2016,"3400","4","6","4","03",0,2,"B",,,,,,1800,3,"C","C","A","HOWE AVE N/B","NORTHROP AVE",32,"N","N","2016-03-21",9250,"2016-03-12",1640,"015917",,"2","9","0","2",,"1","041","C","N",,0,0,,,0,,,,"N",3,"A","-",22350,,"N","A","H","-","A","D","0","Y","A","01",0,0,2,0,0,0,0,0,0,"-","-","UNINCORPORATED","SACRAMENTO","CA",-121.41485,38.58243
"90139842",-121.4157658,38.5888751,2016,"3400","5","6","3","09",0,2,"C",,,,,,1500,3,"D","C","A","HURLEY WAY","HOWE AVE",200,"E","N","2016-03-21",9250,"2016-03-12",1350,"015577",,"1","9","0","3",,"2","040","-","N",,0,0,,,0,,,,"Y",2,"A","-",21804,"A","N","B","H","-","A","D","0","Y","A","01",0,1,1,0,0,0,0,0,0,"-","-","UNINCORPORATED","SACRAMENTO","CA",0,0
"90139840",-121.4153962,38.5816451,2016,"3400","5","5","4","03",0,1,"B",,,,,,1800,3,"A","C","A","NORTHROP AVE","HOWE AVE",22,"E","N","2016-03-21",9250,"2016-03-11",1740,"015917",,"2","9","0","3",,"2","040","C","N",,0,0,,,0,,,,"N",2,"A","-",22350,,"N","B","H","-","B","D","0","Y","A","01",0,0,1,0,0,0,0,0,0,"-","-","UNINCORPORATED","SACRAMENTO","CA",0,0
"90139836",0,0,2016,"3400","4","5","4","03",0,1,"B",,,,,,2100,3,"C","C","A","FAIR OAKS BLVD (N/B)","ARDEN WAY",75,"S","N","2016-03-21",9250,"2016-03-04",1817,"017482",,"2","9","0","2",,"1","053","C","N",,0,0,,,0,,,,"N",2,"A","-",22350,,"F","B","H","-","C","A","0","Y","A","01",0,0,1,0,0,0,0,0,0,"-","-","UNINCORPORATED","SACRAMENTO","CA",0,0
"90139835",-121.4014732,38.6120482,2016,"3400","4","4","3","05",0,1,"A",,"Y",,,,1500,3,"H","G","A","FULTON AVE. ","EL CAMINO AVE.",500,"N","N","2016-03-21",9250,"2016-03-03",1245,"015577",,"1","9","0","2",,"1","043","-","N",,0,0,,,0,,,,"N",2,"A","-",21202,,"N","A","H","-","A","D","0","Y","L","04",0,1,0,0,0,0,1,0,0,"-","-","UNINCORPORATED","SACRAMENTO","CA",0,0
"90139588",-121.3085036,38.663625,2016,"3400","4","4","3","05",0,1,"B",,"Y",,,,1500,3,"H","G","A","MADISON AVE","DEWEY DR",17,"E","N","2016-03-18",9250,"2016-03-10",1310,"019133",,"1","9","0","2",,"1","024","C","N",,0,0,,,0,,,,"N",2,"A","-",21650,,"N","B","H","-","A","A","0","Y","L","04",0,1,0,0,0,0,1,0,0,"-","-","UNINCORPORATED","SACRAMENTO","CA",-121.30876,38.66346
"90139569",0,0,2016,"3400","1","4","4","03",0,1,"A",,,,,,900,3,"C","C","A","I-80 E/B","NORWOOD AVE",2756,"W","N","2016-03-18",9250,"2016-03-17",615,"018542",,"1","9","0","1",,"2","182","-","Y",,0,0,,,0,,,,"N",2,"A","-",22350,,"N","A","D","-","B","D","0","Y","A","01",0,0,1,0,0,0,0,0,0,"-","-","UNINCORPORATED","SACRAMENTO","CA",-121.47003,38.6422
"90139563",-121.4829421,38.5834176,2016,"3400","5","7","4","09",0,2,"C",,,,,,2100,3,"D","C","A","16TH ST","G ST",775,"N","N","2016-03-18",9250,"2016-03-06",1855,"018774",,"2","9","0","3",,"2","060","-","N",,0,0,,,0,,,,"Y",2,"A","-",21804,"A","N","B","H","-","D","D","0","Y","D","22",0,0,2,0,0,0,0,0,0,"-","-","UNINCORPORATED","SACRAMENTO","CA",-121.42912,38.68215
"90139434",0,0,2016,"3400","4","2","3","01",0,1,"B",,,,,,2400,3,"E","I","A","FAIR OAKS BLVD. (S/B)","SUTTER AVENUE",237,"S","N","2016-03-18",9250,"2016-03-08",2305,"014532",,"3","9","0","2",,"1","053","-","N",,0,0,,,0,,,,"Y",1,"A","-",23152,"E","N","A","H","-","C","D","0","Y","D","22",0,1,0,0,0,0,0,0,0,"-","-","UNINCORPORATED","SACRAMENTO","CA",0,0
"90139430",-121.3743617,38.6721349,2016,"3400","5","1","4","08",0,1,"A",,,,,,900,3,"A","E","A","SAN VICENTE WAY","TELL CT.",40,"N","N","2016-03-18",9250,"2016-03-14",800,"015423",,"1","9","0","3",,"2","010","-","N",,0,0,,,0,,,,"Y",3,"A","-",22107,,"N","A","H","-","A","D","0","Y","A","01",0,0,1,0,0,0,0,0,0,"-","-","UNINCORPORATED","SACRAMENTO","CA",0,0
"90139428",0,0,2016,"3400","S","4","4","03",0,1,"A",,,,,,1800,3,"C","C","A","I-5 S/B","SACRAMENTO/YOLO CO. LINE",5280,"S","N","2016-03-18",9250,"2016-03-17",1625,"016254",,"2","9","0","1",,"2","904","-","Y",,0,0,,,0,,,,"Y",2,"A","-",22350,,"N","A","H","-","A","D","0","Y","D","22",0,0,1,0,0,0,0,0,0,"-","-","UNINCORPORATED","SACRAMENTO","CA",-121.60624,38.67179
"90139425",-121.367118,38.7039241,2016,"3400","4","2","4","03",0,1,"A",,,,,,900,3,"C","C","A","ANTELOPE RD.","ANTELOPE HILLS DRIVE",30,"E","N","2016-03-18",9250,"2016-03-15",750,"015423",,"1","9","0","2",,"1","012","-","N",,0,0,,,0,,,,"N",2,"A","-",22350,,"N","A","H","-","A","D","0","Y","A","01",0,0,1,0,0,0,0,0,0,"-","-","UNINCORPORATED","SACRAMENTO","CA",0,0
"90139407",-121.3645005,38.7149898,2016,"3400","4","2","4","09",0,2,"A",,,,,,2100,3,"D","C","A","WALERGA RD","ELVERTA RD",600,"N","N","2016-03-18",9250,"2016-03-15",1835,"016363",,"2","9","0","2",,"1","013","-","N",,0,0,,,0,,,,"N",2,"A","-",21804,"A","N","A","H","-","A","D","0","Y","A","07",0,0,2,0,0,0,0,0,0,"-","-","UNINCORPORATED","SACRAMENTO","CA",0,0
"90139403",-121.4569032,38.6780682,2016,"3400","4","2","4","09",0,3,"A",,,,,,1800,3,"D","C","A","RIO LINDA BLVD","E ST",500,"N","N","2016-03-18",9250,"2016-03-15",1640,"016363",,"2","9","0","2",,"1","061","-","N",,0,0,,,0,,,,"Y",2,"A","-",21801,"A","N","A","H","-","A","D","0","Y","A","07",0,0,3,0,0,0,0,0,0,"-","-","UNINCORPORATED","SACRAMENTO","CA",0,0
"90139400",0,0,2016,"3400","5","2","4","08",0,1,"A",,,,,,2100,3,"D","C","A","DEL PASO ROAD E/B","NORTHGATE BLVD",93,"W","N","2016-03-18",9250,"2016-03-15",1801,"014810",,"2","9","0","3",,"2","080","-","N",,0,0,,,0,,,,"Y",2,"A","-",22102,,"N","A","H","-","A","D","0","Y","A","01",0,0,1,0,0,0,0,0,0,"-","-","UNINCORPORATED","SACRAMENTO","CA",0,0
"90139367",0,0,2016,"3400","1","4","3","08",0,2,"A",,,,,,600,3,"E","I","A","INTERSTATE 80 E/B","RIO LINDA BLVD.",850,"W","N","2016-03-18",9250,"2016-03-17",555,"017849",,"3","9","0","1",,"2","182","-","Y",,0,0,,,0,,,,"Y",1,"A","-",22107,,"N","A","D","-","C","D","0","Y","A","01",0,1,1,0,0,0,0,0,0,"-","-","UNINCORPORATED","SACRAMENTO","CA",-121.4509,38.64115
"90139360",-121.3830805,38.5901956,2016,"3400","4","4","4","03",0,1,"A",,,,,,1800,3,"C","C","A","WATT AVE NORTHBOUND","LAS PASAS WAY",175,"N","N","2016-03-18",9250,"2016-03-17",1507,"015917",,"2","9","0","2",,"1","045","-","N",,0,0,,,0,,,,"Y",2,"A","-",22350,,"N","A","H","-","A","D","0","Y","A","07",0,0,1,0,0,0,0,0,0,"-","-","UNINCORPORATED","SACRAMENTO","CA",-121.38285,38.59324
"90139343",0,0,2016,"3400","5","1","4","03",0,2,"A",,,,,,1800,3,"C","C","A","GARFIELD AVE. (N/B)","MADISON AVE",300,"S","N","2016-03-18",9250,"2016-03-14",1525,"016363",,"2","9","0","3",,"2","020","-","N",,0,0,,,0,,,,"Y",3,"A","-",22350,,"N","A","H","-","A","D","0","Y","A","01",0,0,2,0,0,0,0,0,0,"-","-","UNINCORPORATED","SACRAMENTO","CA",0,0
"90139316",-121.3830531,38.5700751,2016,"3400","4","5","3","09",0,1,"B",,,,,,1500,3,"D","C","A","WATT AVE","AMERICAN RIVER DR",0,,"Y","2016-03-18",9250,"2016-03-11",1425,"015917",,"2","9","0","2",,"1","045","C","N",,0,0,,,0,,,,"Y",2,"A","-",21802,"A","N","B","H","-","A","A","0","Y","A","01",0,1,0,0,0,0,0,0,0,"-","-","UNINCORPORATED","SACRAMENTO","CA",0,0
"90139223",-121.2257331,38.6639365,2016,"3400","4","1","4","10",0,1,"A","Y",,,,,2400,3,"G","B","B","HAZEL AVE","MADISON AVE",25,"S","N","2016-03-18",9260,"2016-03-14",2140,"018691",,"2","9","0","2",,"2","307","-","N",,0,0,,,0,,,,"N",2,"A","-",21950,"A","N","A","H","-","C","A","0","Y","A","07",0,0,1,0,1,0,0,0,0,"-","-","UNINCORPORATED","SACRAMENTO","CA",-121.22563,38.66398
"90139103",0,0,2016,"3496","1","1","4","03",0,2,"B",,,,,,1800,3,"C","C","A","I-80 E/B","ANTELOPE ROAD",0,,"N","2016-03-17",9250,"2016-03-14",1540,"013736",,"2","5","0","1",,"2","184","-","Y",,0,0,,,0,,,,"N",2,"A","-",22350,,"N","A","H","-","A","D","0","Y","D","22",0,0,2,0,0,0,0,0,0,"-","-","CITRUS HEIGHTS","SACRAMENTO","CA",0,0
"90139101",-121.2660855,38.627841,2016,"3400","4","1","4","03",0,1,"A",,,,,,1800,3,"C","C","A","SUNRISE BLVD","GOLD COUNTRY BLVD",55,"S","N","2016-03-17",9260,"2016-03-14",1715,"017084",,"2","9","0","2",,"2","103","-","N",,0,0,,,0,,,,"N",3,"A","-",22350,,"M","A","H","-","A","A","0","Y","D","22",0,0,1,0,0,0,0,0,0,"-","-","UNINCORPORATED","SACRAMENTO","CA",-121.15569,38.37399
"90139094",-121.381873,38.678975,2016,"3400","5","4","4","09",0,1,"A",,,,,,900,3,"D","C","A","DON JULIO BLVD","MORAZAN ST",0,,"Y","2016-03-17",9250,"2016-03-17",815,"016624",,"1","9","0","3",,"2","010","-","N",,0,0,,,0,,,,"N",2,"A","-",21802,"A","N","A","H","-","A","D","0","Y","A","01",0,0,1,0,0,0,0,0,0,"-","-","UNINCORPORATED","SACRAMENTO","CA",-121.38181,38.67909
"90139059",-121.3552431,38.628345,2016,"3400","5","1","4","09",0,1,"B",,"Y",,,,1200,3,"H","G","A","WHITNEY AVENUE","MISSION AVENUE",0,,"Y","2016-03-17",9250,"2016-03-14",1040,"016225",,"1","9","0","3",,"2","050","-","N",,0,0,,,0,,,,"N",2,"A","-",21800,"A","N","A","H","-","A","A","0","Y","A","01",0,0,1,0,0,0,1,0,0,"-","-","UNINCORPORATED","SACRAMENTO","CA",0,0
"90139041",0,0,2016,"3400","4","1","4","04",0,1,"A",,,,,,1800,3,"C","C","A","MADISON AVE. (W/B)","TOOMBS ST.",30,"E","N","2016-03-17",9250,"2016-03-14",1532,"015866",,"2","9","0","2",,"1","024","-","N",,0,0,,,0,,,,"Y",4,"A","-",21703,,"N","A","H","-","A","D","0","Y","A","01",0,0,1,0,0,0,0,0,0,"-","-","UNINCORPORATED","SACRAMENTO","CA",0,0
"90139024",0,0,2016,"3400","4","7","4","03",0,1,"B",,,,,,1800,3,"C","C","A","HOWE AVE (N/B)","ARDEN WAY",200,"S","N","2016-03-17",9250,"2016-03-13",1545,"015961",,"2","9","0","2",,"1","041","C","N",,0,0,,,0,,,,"N",2,"A","-",22350,,"N","B","H","-","A","A","0","Y","A","01",0,0,1,0,0,0,0,0,0,"-","-","UNINCORPORATED","SACRAMENTO","CA",-121.41522,38.59567