"CASEID","POINT_X","POINT_Y","YEAR_","LOCATION","CHPTYPE","DAYWEEK","CRASHSEV","VIOLCAT","KILLED","INJURED","WEATHER1","PEDCOL","BICCOL","MCCOL","TRUCKCOL","ETOH","TIMECAT","MONTH_","CRASHTYP","INVOLVE","PED","PRIMARYRD","SECONDRD","DISTANCE","DIRECT","INTERSECT_","PROCDATE","JURIS","DATE_","TIME_","BADGE","JURIDIST","SHIFT","POP","SPECIAL","BEATTYPE","LAPDDIV","BEATCLAS","BEATNUMB","WEATHER2","STATEHW","CALTRANC","CALTRAND","STROUTE","ROUTESUF","POSTPRE","POSTMILE","LOCATYPE","RAMP","SIDEHW","TOWAWAY","PARTIES","PCF","VIOLCODE","VIOL","VIOLSUB","HITRUN","ROADSURF","RDCOND1","RDCOND2","LIGHTING","RIGHTWAY","CHPRDTYP","NOTPRIV","STFAULT","CHPFAULT","SEVINJ","OTHERINJ","COP","PEDKILL","PEDINJ","BICKILL","BICINJ","MCKILL","MCINJURE","RAMP1","RAMP2","CITY","COUNTY","STATE","X_CHP","Y_CHP"
"90124483",-121.225493,38.649755,2016,"3400","4","2","4","03",0,1,"A",,,,,,1800,2,"C","C","A","HAZEL AVE","N. WINDING WAY",0,,"Y","2016-02-26",9260,"2016-02-23",1725,"016429",,"2","9","0","2",,"2","307","-","N",,0,0,,,0,,,,"N",3,"A","-",22350,,"N","A","H","-","A","D","0","Y","A","01",0,0,1,0,0,0,0,0,0,"-","-","UNINCORPORATED","SACRAMENTO","CA",0,0
"90124462",0,0,2016,"3400","4","2","4","07",0,1,"A",,,,,,2100,2,"B","C","A","SUNRISE BLVD N/B","GOLD COUNTRY BLVD",1056,"S","N","2016-02-26",9260,"2016-02-23",1838,"014956",,"2","9","0","2",,"2","103","-","N",,0,0,,,0,,,,"Y",2,"A","-",21658,"A","F","A","H","-","D","D","0","Y","A","01",0,0,1,0,0,0,0,0,0,"-","-","UNINCORPORATED","SACRAMENTO","CA",-121.26581,38.62564
"90124389",-121.3403914,38.5705351,2016,"3400","4","3","4","03",0,2,"B",,,,,,2100,2,"E","I","A","FOLSOM BLVD","BRADSHAW RD",1320,"W","N","2016-02-26",9260,"2016-02-17",1940,"018705",,"2","9","0","2",,"2","101","C","N",,0,0,,,0,,,,"Y",1,"A","-",22350,,"N","B","H","-","C","D","0","Y","A","01",0,0,2,0,0,0,0,0,0,"-","-","UNINCORPORATED","SACRAMENTO","CA",-121.20258,38.34142
"90124309",-121.4321157,38.5024854,2016,"3400","4","5","4","09",0,1,"A",,,,,,2100,2,"D","C","A","STOCKTON BLVD.","PATTERSON WAY",580,"S","N","2016-02-26",9252,"2016-02-12",2015,"018423",,"2","9","0","2",,"1","071","-","N",,0,0,,,0,,,,"Y",2,"A","-",21804,"A","N","A","H","-","C","D","0","Y","A","08",0,0,1,0,0,0,0,0,0,"-","-","UNINCORPORATED","SACRAMENTO","CA",-121.4321,38.50247
"90124223",0,0,2016,"3400","4","4","3","03",0,2,"B",,,,,,900,2,"C","C","A","WATT AVE. N/B","MARCONI AVE",250,"S","N","2016-02-25",9250,"2016-02-18",845,"014344",,"1","9","0","2",,"1","045","-","N",,0,0,,,0,,,,"Y",2,"A","-",22350,,"N","A","H","-","A","A","0","Y","A","01",0,1,1,0,0,0,0,0,0,"-","-","UNINCORPORATED","SACRAMENTO","CA",0,0
"90123990",-121.4178531,38.4719351,2016,"3400","4","6","3","09",0,2,"A",,,,,,1500,2,"D","C","A","STOCKTON BLVD","VICTORY AVE",0,,"Y","2016-02-25",9252,"2016-02-13",1250,"19071",,"1","9","0","2",,"2","073","-","N",,0,0,,,0,,,,"Y",4,"A","-",21801,"A","N","A","H","-","A","A","0","Y","A","01",0,1,1,0,0,0,0,0,0,"-","-","UNINCORPORATED","SACRAMENTO","CA",-121.41774,38.47188
"90123445",-121.446153,38.485895,2016,"3400","4","1","4","12",0,2,"A",,,,,,1800,2,"D","C","A","CENTER PKY","EAST PKY",0,,"Y","2016-02-25",9252,"2016-02-08",1510,"016747",,"2","9","0","2",,"1","072","-","N",,0,0,,,0,,,,"Y",2,"A","-",22450,"A","N","A","H","-","A","A","0","Y","A","08",0,0,2,0,0,0,0,0,0,"-","-","UNINCORPORATED","SACRAMENTO","CA",-121.44615,38.48595
"90123435",0,0,2016,"3490","2","3","4","07",0,1,"A",,,,,,900,2,"C","C","A","US 50 W/B","BRADSHAW RD",2000,"E","N","2016-02-25",9260,"2016-02-24",810,"013147",,"1","5","0","1",,"2","501","-","Y",,0,0,,,0,,,,"Y",4,"A","-",21658,"A","N","A","H","-","A","D","0","Y","A","01",0,0,1,0,0,0,0,0,0,"-","-","RANCHO CORDOVA","SACRAMENTO","CA",0,0
"90123292",0,0,2016,"3404","3","2","4","03",0,1,"A",,,,,,2100,2,"C","C","A","SR-51 N/B (CAPITAL CITY FREEWAY)","FULTON AVE",500,"S","N","2016-02-24",9250,"2016-02-23",1841,"012152",,"2","7","0","1",,"2","151","-","Y",,0,0,,,0,,,,"Y",3,"A","-",22350,,"N","A","H","-","C","D","0","Y","A","07",0,0,1,0,0,0,0,0,0,"-","-","SACRAMENTO","SACRAMENTO","CA",0,0
"90123291",0,0,2016,"3400","4","5","4","09",0,1,"A",,,,,,900,2,"D","C","A","WALEGRA ROAD","WILLOW BROOK DRIVE",100,"N","N","2016-02-24",9250,"2016-02-05",824,"017317",,"1","9","0","2",,"1","013","-","N",,0,0,,,0,,,,"N",2,"A","-",21804,"A","N","A","H","-","A","D","0","Y","A","07",0,0,1,0,0,0,0,0,0,"-","-","UNINCORPORATED","SACRAMENTO","CA",0,0
"90123251",-121.3280457,38.6389151,2016,"3400","5","2","4","10",0,1,"A","Y",,,,,1500,2,"G","B","B","CYPRESS AVE","MANZANITA AVE",15,"W","N","2016-02-24",9250,"2016-02-16",1220,"017752",,"1","9","0","3",,"2","050","-","N",,0,0,,,0,,,,"N",2,"A","-",21950,"A","N","A","H","-","A","A","0","Y","A","01",0,0,1,0,1,0,0,0,0,"-","-","UNINCORPORATED","SACRAMENTO","CA",0,0
"90123235",0,0,2016,"3404","1","2","4","08",0,3,"A",,,,,,2100,2,"D","C","A","I-80 W/B","NORTHGATE BLVD.",1988,"W","N","2016-02-24",9250,"2016-02-23",1945,"013736",,"2","7","0","1",,"2","181","-","Y",,0,0,,,0,,,,"Y",2,"A","-",22107,,"N","A","D","H","D","D","0","Y","A","01",0,0,3,0,0,0,0,0,0,"-","-","SACRAMENTO","SACRAMENTO","CA",0,0
"90123151",-121.6577417,38.1493566,2016,"3400","3","2","3","09",0,3,"A",,,,,,1500,2,"D","C","A","SR-12","SR-160",5800,"E","N","2016-08-09",9252,"2016-02-16",1243,"018477",,"1","9","0","1",,"1","112","-","Y",,0,0,,,0,,,,"Y",2,"A","-",21801,"A","N","A","H","-","A","D","0","Y","D","22",0,2,1,0,0,0,0,0,0,"-","-","UNINCORPORATED","SACRAMENTO","CA",-121.65376,38.14824
"90123124",0,0,2016,"3404","3","2","3","07",0,1,"A",,,"Y",,,1200,2,"B","C","A","SR-51 N/B","CAPITOL AVE",30,"N","N","2016-02-24",9252,"2016-02-16",1100,"014512",,"1","7","0","1",,"2","193","-","Y",,0,0,,,0,,,,"N",3,"A","-",21658,"A","N","A","H","-","A","D","0","Y","A","01",0,1,0,0,0,0,0,0,1,"-","-","SACRAMENTO","SACRAMENTO","CA",-121.46821,38.57046
"90123021",0,0,2016,"3404","2","1","4","03",0,2,"A",,,,,,1500,2,"C","C","A","US-50 W/B","9TH STREET",100,"W","N","2016-02-24",9252,"2016-02-15",1410,"018575",,"2","7","0","1",,"2","150","-","Y",,0,0,,,0,,,,"Y",6,"A","-",22350,,"N","A","H","-","A","D","0","Y","A","01",0,0,2,0,0,0,0,0,0,"-","-","SACRAMENTO","SACRAMENTO","CA",-121.306,38.3358
"90122974",0,0,2016,"3404","3","1","3","01",0,1,"A",,,,,"Y",2100,2,"E","I","A","SR-51 S/B","D ST",116,"N","N","2016-02-24",9252,"2016-02-15",1940,"019793",,"2","7","0","1",,"2","193","-","Y",,0,0,,,0,,,,"Y",1,"A","-",23152,"A","N","A","H","-","C","D","0","Y","A","01",0,1,0,0,0,0,0,0,0,"-","-","SACRAMENTO","SACRAMENTO","CA",-121.2754,38.3448
"90122960",0,0,2016,"3496","1","1","4","00",0,3,"A",,,,"Y",,2100,2,"C","C","A","I-80 W/B","GREENBACK LANE",3452,"W","N","2016-03-08",9250,"2016-02-22",2012,"013736",,"2","5","0","1",,"2","183","-","Y",,0,0,,,0,,,,"Y",6,"A","-",21658,,"F","A","H","-","D","D","0","Y","G","25",0,0,3,0,0,0,0,0,0,"-","-","CITRUS HEIGHTS","SACRAMENTO","CA",0,0
"90122929",-121.393453,38.617905,2016,"3400","4","5","3","05",0,1,"A",,"Y",,,,900,2,"H","G","A","MARCONI AVE","LACY LN",0,,"Y","2016-02-24",9250,"2016-02-19",655,"016434",,"1","9","0","2",,"1","042","-","N",,0,0,,,0,,,,"N",2,"A","-",21202,"A","N","A","H","-","A","A","0","Y","L","04",0,1,0,0,0,0,1,0,0,"-","-","UNINCORPORATED","SACRAMENTO","CA",0,0
"90122923",-121.4367531,38.496195,2016,"3400","4","1","4","09",0,2,"A",,,,,,600,2,"D","C","A","FLORIN ROAD","EAST SOUTHGATE DRIVE",0,,"Y","2016-02-24",9252,"2016-02-15",554,"019542",,"3","9","0","2",,"1","072","-","N",,0,0,,,0,,,,"Y",2,"A","-",21801,"A","N","A","H","-","C","D","0","Y","A","07",0,0,2,0,0,0,0,0,0,"-","-","UNINCORPORATED","SACRAMENTO","CA",-121.43675,38.4962
"90122911",-121.3533058,38.4526853,2016,"3400","5","1","3","03",0,2,"A",,,,,,1200,2,"C","C","A","CALVINE ROAD","WATERMAN ROAD",25,"E","N","2016-02-24",9252,"2016-02-15",920,"019542",,"1","9","0","3",,"2","074","-","N",,0,0,,,0,,,,"Y",2,"A","-",22350,,"N","A","H","-","A","D","0","Y","D","22",0,2,0,0,0,0,0,0,0,"-","-","UNINCORPORATED","SACRAMENTO","CA",-121.35317,38.45277
"90122847",-121.372143,38.496185,2016,"3400","5","1","4","12",0,1,"A",,,"Y",,,1800,2,"D","C","A","ELK GROVE FLORIN RD","FLORIN RD",0,,"Y","2016-02-24",9252,"2016-02-01",1615,"016747",,"2","9","0","3",,"2","074","-","N",,0,0,,,0,,,,"Y",3,"A","-",21453,"A","N","A","H","-","A","A","0","Y","C","02",0,0,1,0,0,0,0,0,1,"-","-","UNINCORPORATED","SACRAMENTO","CA",-121.37212,38.49623
"90122834",0,0,2016,"3400","1","1","4","03",0,2,"A",,,,,"Y",2100,2,"C","C","A","I-80 W/B","ELKHORN BLVD",351,"W","N","2016-02-24",9250,"2016-02-22",2045,"017819",,"2","9","0","1",,"2","183","-","Y",,0,0,,,0,,,,"Y",4,"A","-",22350,,"N","A","H","-","C","D","0","Y","A","01",0,0,2,0,0,0,0,0,0,"-","-","UNINCORPORATED","SACRAMENTO","CA",0,0
"90122739",0,0,2016,"3404","3","5","4","01",0,1,"B",,,,,"Y",1800,2,"C","C","A","SR-51 N/B","ARDEN WAY",200,"S","N","2016-02-24",9250,"2016-02-19",1555,"017818",,"2","7","0","1",,"2","151","-","Y",,0,0,,,0,,,,"Y",2,"A","-",23152,"A","N","A","H","-","A","D","0","Y","A","01",0,0,1,0,0,0,0,0,0,"-","-","SACRAMENTO","SACRAMENTO","CA",-121.43513,38.60268
"90122692",0,0,2016,"3400","5","4","3","01",0,1,"C",,,,,"Y",300,2,"F","I","A","GRANT AVE E/B","BAJAMONT WAY",180,"W","N","2016-02-24",9250,"2016-02-18",15,"017397",,"3","9","0","3",,"2","050","-","N",,0,0,,,0,,,,"Y",1,"A","-",23152,"A","N","B","H","-","C","D","0","Y","D","22",0,1,0,0,0,0,0,0,0,"-","-","UNINCORPORATED","SACRAMENTO","CA",0,0
"90122667",-121.268774,38.6328716,2016,"3400","4","5","4","03",0,1,"B",,,,,,1800,2,"C","C","A","SUNRISE BLVD","BRIDGE ST",1056,"N","N","2016-02-24",9260,"2016-02-19",1755,"018713",,"2","9","0","2",,"2","301","C","N",,0,0,,,0,,,,"Y",2,"A","-",22350,,"N","B","H","-","D","D","0","Y","A","01",0,0,1,0,0,0,0,0,0,"-","-","UNINCORPORATED","SACRAMENTO","CA",-121.26903,38.63355
"90122630",-121.3637431,38.6890551,2016,"3400","4","4","3","12",0,2,"A",,,,,,1500,2,"D","C","A","WALERGA RD","DON JULIO BLVD",0,,"Y","2016-02-24",9250,"2016-02-18",1228,"016907",,"1","9","0","2",,"1","013","-","N",,0,0,,,0,,,,"Y",2,"A","-",21453,"A","N","A","H","-","A","A","0","Y","A","07",0,1,1,0,0,0,0,0,0,"-","-","UNINCORPORATED","SACRAMENTO","CA",0,0
"90122611",-121.3871181,38.6032951,2016,"3400","5","4","4","08",0,1,"B",,,,,,300,2,"E","I","A","COTTAGE WAY","BUTANO DRIVE",30,"W","N","2016-02-24",9250,"2016-02-18",220,"014532",,"3","9","0","3",,"2","040","C","N",,0,0,,,0,,,,"Y",1,"A","-",22107,,"N","B","H","-","C","D","0","Y","A","01",0,0,1,0,0,0,0,0,0,"-","-","UNINCORPORATED","SACRAMENTO","CA",0,0
"90122577",-121.235023,38.678545,2016,"3400","4","2","4","12",0,2,"B",,,,,,1200,2,"D","C","A","GREENBACK LN","ILLINOIS AVE",0,,"Y","2016-02-24",9260,"2016-02-16",915,"015203",,"1","9","0","2",,"2","302","-","N",,0,0,,,0,,,,"Y",3,"A","-",21453,"A","N","A","H","-","A","A","0","Y","A","01",0,0,2,0,0,0,0,0,0,"-","-","UNINCORPORATED","SACRAMENTO","CA",-121.23506,38.67848
"90122544",-121.4886873,38.7143572,2016,"3400","4","4","4","08",0,1,"B",,,,,,2100,2,"B","C","A","ELVERTA RD.","E. LEVEE RD.",315,"W","N","2016-02-24",9250,"2016-02-18",1833,"015866",,"2","9","0","2",,"1","062","-","N",,0,0,,,0,,,,"Y",4,"A","-",22107,,"N","A","H","-","D","D","0","Y","A","07",0,0,1,0,0,0,0,0,0,"-","-","UNINCORPORATED","SACRAMENTO","CA",0,0
"90122321",-121.3830031,38.670345,2016,"3400","4","3","3","09",0,1,"B",,,"Y",,,1800,2,"D","C","A","WATT AVE","NORTH HAVEN DR",0,,"Y","2016-02-23",9250,"2016-02-17",1645,"016363",,"2","9","0","2",,"1","011","-","N",,0,0,,,0,,,,"N",2,"A","-",21804,"A","N","A","H","-","A","D","0","Y","D","22",0,1,0,0,0,0,0,0,1,"-","-","UNINCORPORATED","SACRAMENTO","CA",0,0
"90122297",0,0,2016,"3400","3","4","4","08",0,3,"B",,,,,,300,2,"B","C","A","SR-51 N/B","SR-244 W/B",150,"S","N","2016-02-23",9250,"2016-02-18",137,"018014",,"3","9","0","1",,"2","151","C","Y",,0,0,,,0,,,,"Y",2,"A","-",22107,,"N","B","H","-","C","A","0","Y","A","01",0,0,3,0,0,0,0,0,0,"-","-","UNINCORPORATED","SACRAMENTO","CA",0,0
"90122249",-121.3715332,38.6176844,2016,"3400","4","2","4","21",0,1,"A","Y",,,,,900,2,"G","B","D","MARCONI AVE.","IONE STREET",20,"E","N","2016-02-23",9250,"2016-02-23",755,"015342",,"1","9","0","2",,"1","042","-","N",,0,0,,,0,,,,"N",2,"A","-",22106,,"N","A","H","-","A","D","0","Y","D","22",0,0,1,0,1,0,0,0,0,"-","-","UNINCORPORATED","SACRAMENTO","CA",0,0
"90122208",0,0,2016,"3400","4","7","3","01",0,1,"A",,,,"Y",,1200,2,"C","C","A","WATT AVE. S/B","MARCONI AVE",99,"N","N","2016-02-23",9250,"2016-02-14",935,"014344",,"1","9","0","2",,"1","045","-","N",,0,0,,,0,,,,"Y",2,"A","-",23152,"E","N","A","H","-","A","A","0","Y","A","01",0,1,0,0,0,0,0,0,0,"-","-","UNINCORPORATED","SACRAMENTO","CA",0,0
"90122188",-121.2920164,38.64927,2016,"3400","4","4","4","05",0,1,"B",,,,,,900,2,"A","C","A","SAN JUAN AVE","WINDING WAY",20,"N","N","2016-02-23",9250,"2016-02-18",810,"013299",,"1","9","0","2",,"1","025","-","N",,0,0,,,0,,,,"N",2,"A","-",21650,,"N","B","H","-","A","A","0","Y","A","01",0,0,1,0,0,0,0,0,0,"-","-","UNINCORPORATED","SACRAMENTO","CA",0,0
"90122076",0,0,2016,"3400","4","1","4","09",0,1,"A",,,,,,1800,2,"D","C","A","WATT AVE. (SOUTHBOUND) ","ORANGEGROVE AVE.",50,"S","N","2016-02-23",9250,"2016-02-22",1515,"015423",,"2","9","0","2",,"1","011","-","N",,0,0,,,0,,,,"N",2,"A","-",21804,"A","N","A","H","-","A","D","0","Y","A","01",0,0,1,0,0,0,0,0,0,"-","-","UNINCORPORATED","SACRAMENTO","CA",0,0
"90122041",0,0,2016,"3400","4","4","4","21",0,1,"B",,,,,,1800,2,"C","C","A","HOWE AVE N/B","HURLEY WAY",120,"N","N","2016-02-23",9250,"2016-02-18",1547,"015917",,"2","9","0","2",,"1","041","-","N",,0,0,,,0,,,,"N",2,"A","-",22106,,"N","A","H","-","A","D","0","Y","D","22",0,0,1,0,0,0,0,0,0,"-","-","UNINCORPORATED","SACRAMENTO","CA",-121.41504,38.58948
"90122011",0,0,2016,"3404","3","1","4","03",0,1,"A",,,,,,1800,2,"C","C","A","SR-244 E/B","AUBURN BLVD.",500,"W","N","2016-02-23",9250,"2016-02-22",1700,"013736",,"2","7","0","1",,"1","244","-","Y",,0,0,,,0,,,,"N",2,"A","-",22350,,"N","A","H","-","C","D","0","Y","A","01",0,0,1,0,0,0,0,0,0,"-","-","SACRAMENTO","SACRAMENTO","CA",0,0
"90121992",-121.474053,38.5479152,2016,"3400","3","1","3","04",0,2,"A",,,,,,2400,1,"C","C","A","SR-99 SOUTHBOUND","5TH AVENUE ",528,"S","N","2016-02-23",9252,"2016-01-25",2334,"018581",,"3","9","0","1",,"2","192","-","Y",,0,0,,,0,,,,"Y",2,"A","-",21703,,"N","A","H","-","D","D","0","Y","A","01",0,1,1,0,0,0,0,0,0,"-","-","UNINCORPORATED","SACRAMENTO","CA",-121.47404,38.54694
"90121987",-121.3274931,38.659085,2016,"3400","4","6","3","09",0,4,"A",,,,,,1500,2,"D","C","A","DENVER DR","MANZANITA AVE",0,,"Y","2016-02-23",9250,"2016-02-13",1358,"017482",,"1","9","0","2",,"1","023","-","N",,0,0,,,0,,,,"Y",2,"A","-",21802,"A","N","A","H","-","A","A","0","Y","A","07",0,1,3,0,0,0,0,0,0,"-","-","UNINCORPORATED","SACRAMENTO","CA",0,0
"90121925",0,0,2016,"3400","1","6","3","08",0,1,"A",,,,,,2100,2,"E","I","A","INTERSTATE 80 EASTBOUND","LONGVIEW DRIVE OVERCROSSING",1425,"E","N","2016-02-23",9250,"2016-02-13",1837,"015369",,"2","9","0","1",,"2","182","-","Y",,0,0,,,0,,,,"Y",1,"A","-",22107,,"N","A","H","-","C","D","0","Y","A","01",0,1,0,0,0,0,0,0,0,"-","-","UNINCORPORATED","SACRAMENTO","CA",-121.39443,38.64273
"90121801",0,0,2016,"3404","3","5","4","07",0,1,"A",,,,,,900,2,"D","C","A","SR-51 N/B","MARCONI AVE",200,"S","N","2016-02-23",9250,"2016-02-19",800,"017620",,"1","7","0","1",,"2","151","-","Y",,0,0,,,0,,,,"Y",2,"A","-",21658,"A","N","A","H","-","A","D","0","Y","A","01",0,0,1,0,0,0,0,0,0,"-","-","SACRAMENTO","SACRAMENTO","CA",0,0
"90121734",-121.2256831,38.6785555,2016,"3400","4","1","4","21",0,2,"A",,,,,,1800,2,"C","C","A","HAZEL AVE","GREENBACK LN",22,"N","N","2016-02-23",9260,"2016-02-22",1735,"017084",,"2","9","0","2",,"2","307","-","N",,0,0,,,0,,,,"N",2,"A","-",22106,,"N","A","H","-","C","A","0","Y","A","01",0,0,2,0,0,0,0,0,0,"-","-","UNINCORPORATED","SACRAMENTO","CA",-121.13328,38.40435
"90121684",0,0,2016,"3400","5","2","4","03",0,2,"A",,,,,,1200,1,"C","C","A","COLLEGE OAK DR S/B","ORANGE GROVE AVE",100,"S","N","2016-02-23",9250,"2016-01-26",1055,"015272",,"1","9","0","3",,"2","020","-","N",,0,0,,,0,,,,"N",4,"A","-",22350,,"N","A","H","-","A","A","0","Y","A","01",0,0,2,0,0,0,0,0,0,"-","-","UNINCORPORATED","SACRAMENTO","CA",0,0
"90121680",0,0,2016,"3400","3","6","4","03",0,1,"A",,,,,,2100,2,"C","C","A","SR-99 N/B","MARTIN LUTHER KING JR BLVD",700,"S","N","2016-02-23",9252,"2016-02-13",1830,"018668",,"2","9","0","1",,"2","192","-","Y",,0,0,,,0,,,,"N",2,"A","-",22350,,"N","A","H","-","C","D","0","Y","D","22",0,0,1,0,0,0,0,0,0,"-","-","UNINCORPORATED","SACRAMENTO","CA",-121.403,38.234
"90121629",0,0,2016,"3400","1","2","4","03",0,1,"C",,,,,,1200,1,"C","C","A","I-80 E/B TO MADISON AVE","MADISON AVE",40,"W","N","2016-04-05",9250,"2016-01-12",1020,"012047",,"1","9","0","1",,"2","184","-","Y",,0,0,,,0,,,,"Y",3,"A","-",22350,,"N","A","H","-","A","A","0","Y","A","01",0,0,1,0,0,0,0,0,0,"-","-","UNINCORPORATED","SACRAMENTO","CA",0,0
"90121584",-121.1806775,38.4580675,2016,"3400","5","6","4","08",0,1,"A",,,,,,2400,2,"E","I","A","DILLARD ROAD","APPLE ROAD",500,"E","N","2016-02-23",9252,"2016-02-13",2330,"018575",,"3","9","0","3",,"2","080","-","N",,0,0,,,0,,,,"Y",1,"A","-",22107,,"N","A","H","-","D","D","0","Y","A","01",0,0,1,0,0,0,0,0,0,"-","-","UNINCORPORATED","SACRAMENTO","CA",-121.1049,38.2735
"90121554",0,0,2016,"3404","3","6","4","08",0,1,"A",,,,,,1800,2,"F","A","A","SR-99 N/B","5TH AVENUE",608,"S","N","2016-02-23",9252,"2016-02-13",1730,"018575",,"2","7","0","1",,"2","192","-","Y",,0,0,,,0,,,,"Y",1,"A","-",22107,,"N","A","H","-","C","D","0","Y","A","07",0,0,1,0,0,0,0,0,0,"-","-","SACRAMENTO","SACRAMENTO","CA",-121.2826,38.3238
"90121548",0,0,2016,"3400","4","6","4","08",0,1,"B",,,,,,1500,2,"D","C","A","ELKHORN BOULEVARD (WESTBOUND ONLY)","WATT AVENUE",100,"E","N","2016-02-23",9250,"2016-02-20",1329,"017317",,"1","9","0","2",,"1","014","-","N",,0,0,,,0,,,,"Y",2,"A","-",22107,,"N","A","H","-","A","A","0","Y","A","01",0,0,1,0,0,0,0,0,0,"-","-","UNINCORPORATED","SACRAMENTO","CA",0,0
"90121524",0,0,2016,"3400","1","4","4","03",0,1,"B",,,,,,900,2,"C","C","A","I-80 W/B","ELKHORN BLVD",2556,"W","N","2016-02-23",9250,"2016-02-18",655,"018542",,"1","9","0","1",,"2","183","-","Y",,0,0,,,0,,,,"Y",4,"A","-",22350,,"N","B","H","-","A","D","0","Y","A","01",0,0,1,0,0,0,0,0,0,"-","-","UNINCORPORATED","SACRAMENTO","CA",-121.3444,38.67599
"90121521",-121.4503838,38.4962111,2016,"3400","4","5","4","06",0,1,"A",,"Y",,,,1500,2,"H","G","A","FLORIN ROAD","EAST PKWY",266,"E","N","2016-02-23",9252,"2016-02-12",1350,"019821",,"1","9","0","2",,"1","072","-","N",,0,0,,,0,,,,"N",2,"A","-",21750,,"N","A","H","-","A","D","0","Y","D","22",0,0,1,0,0,0,1,0,0,"-","-","UNINCORPORATED","SACRAMENTO","CA",-121.45031,38.49599
"90121473",0,0,2016,"3490","2","3","4","07",0,1,"C",,,,,,2400,2,"B","C","A","US-50 E/B","HAZEL AVE.",3168,"W","N","2016-02-23",9260,"2016-02-17",2105,"018316",,"2","5","0","1",,"2","502","-","Y",,0,0,,,0,,,,"N",2,"A","-",21658,"A","N","B","F","-","C","D","0","Y","A","01",0,0,1,0,0,0,0,0,0,"-","-","RANCHO CORDOVA","SACRAMENTO","CA",-121.13349,38.3733
"90121472",-121.462404,38.5045569,2016,"3400","4","5","4","09",0,1,"A",,,,,,1800,2,"D","C","A","CUNY AVE","FRANKLIN BLVD",400,"E","N","2016-02-23",9252,"2016-02-12",1640,"018119",,"2","9","0","2",,"1","072","-","N",,0,0,,,0,,,,"Y",2,"A","-",21804,"A","N","A","H","-","A","D","0","Y","A","01",0,0,1,0,0,0,0,0,0,"-","-","UNINCORPORATED","SACRAMENTO","CA",-121.46307,38.50455
"90121454",-121.3829931,38.665525,2016,"3400","4","3","4","00",0,1,"B",,,,,,1800,2,"D","C","A","WATT AVE.","PALM ST.",0,,"Y","2016-02-23",9250,"2016-02-17",1750,"015866",,"2","9","0","2",,"1","011","-","N",,0,0,,,0,,,,"Y",2,"D","-",0,,"N","A","H","-","B","A","0","Y","-","-",0,0,1,0,0,0,0,0,0,"-","-","UNINCORPORATED","SACRAMENTO","CA",0,0
"90121429",-121.3645452,38.7203269,2016,"3400","4","4","4","09",0,3,"B",,,,,,900,1,"D","C","A","WALERGA ROAD ","NORTH LOOP BOULEVARD",440,"S","N","2016-02-23",9250,"2016-01-14",755,"017317",,"1","9","0","2",,"1","013","-","N",,0,0,,,0,,,,"Y",2,"A","-",21804,"A","N","A","H","-","A","D","0","Y","A","07",0,0,3,0,0,0,0,0,0,"-","-","UNINCORPORATED","SACRAMENTO","CA",0,0
"90121412",0,0,2016,"3400","4","1","4","03",0,1,"A",,,,,,1800,2,"C","C","A","MADISON AVE. E/B","WALL ST",100,"E","N","2016-02-23",9250,"2016-02-22",1510,"014810",,"2","9","0","2",,"1","024","-","N",,0,0,,,0,,,,"N",3,"A","-",22350,,"N","A","H","-","A","D","0","Y","A","01",0,0,1,0,0,0,0,0,0,"-","-","UNINCORPORATED","SACRAMENTO","CA",0,0
"90121330",-121.409722,38.4961083,2016,"3400","4","5","4","21",0,1,"A",,,,,,2400,2,"C","C","A","FLORIN RD","POWER INN RD",200,"W","N","2016-02-23",9252,"2016-02-12",2115,"018119",,"2","9","0","2",,"2","073","-","N",,0,0,,,0,,,,"N",2,"A","-",22106,,"N","A","H","-","C","A","0","Y","A","01",0,0,1,0,0,0,0,0,0,"-","-","UNINCORPORATED","SACRAMENTO","CA",-121.4093,38.49598
"90121322",-121.527737,38.2665848,2016,"3400","5","3","4","03",0,3,"A",,,,,,1800,2,"D","C","A","TWIN CITIES ROAD","RIVER ROAD",15,"E","N","2016-02-23",9252,"2016-02-10",1716,"015534",,"2","9","0","3",,"2","090","-","N",,0,0,,,0,,,,"Y",2,"A","-",22350,,"N","A","H","-","A","A","0","Y","A","01",0,0,3,0,0,0,0,0,0,"-","-","UNINCORPORATED","SACRAMENTO","CA",-121.31397,38.15597
"90121275",0,0,2016,"3404","2","5","4","08",0,2,"A",,,,,"Y",2400,2,"E","I","A","US-50 W/B","16TH STREET",495,"E","N","2016-02-23",9252,"2016-02-05",2100,"018579",,"2","7","0","1",,"2","150","-","Y",,0,0,,,0,,,,"Y",1,"A","-",22107,,"N","A","H","-","D","D","0","Y","A","01",0,0,2,0,0,0,0,0,0,"-","-","SACRAMENTO","SACRAMENTO","CA",-121.29377,38.33498
"90121186",-121.3367331,38.6426151,2016,"3400","5","6","4","09",0,1,"A",,,,,,1500,2,"D","C","A","GARFIELD AVE","LOCUST AVE",0,,"Y","2016-02-22",9250,"2016-02-13",1234,"017482",,"1","9","0","3",,"2","050","-","N",,0,0,,,0,,,,"Y",2,"A","-",21802,"A","N","A","H","-","A","A","0","Y","D","22",0,0,1,0,0,0,0,0,0,"-","-","UNINCORPORATED","SACRAMENTO","CA",0,0