"CASEID","POINT_X","POINT_Y","YEAR_","LOCATION","CHPTYPE","DAYWEEK","CRASHSEV","VIOLCAT","KILLED","INJURED","WEATHER1","PEDCOL","BICCOL","MCCOL","TRUCKCOL","ETOH","TIMECAT","MONTH_","CRASHTYP","INVOLVE","PED","PRIMARYRD","SECONDRD","DISTANCE","DIRECT","INTERSECT_","PROCDATE","JURIS","DATE_","TIME_","BADGE","JURIDIST","SHIFT","POP","SPECIAL","BEATTYPE","LAPDDIV","BEATCLAS","BEATNUMB","WEATHER2","STATEHW","CALTRANC","CALTRAND","STROUTE","ROUTESUF","POSTPRE","POSTMILE","LOCATYPE","RAMP","SIDEHW","TOWAWAY","PARTIES","PCF","VIOLCODE","VIOL","VIOLSUB","HITRUN","ROADSURF","RDCOND1","RDCOND2","LIGHTING","RIGHTWAY","CHPRDTYP","NOTPRIV","STFAULT","CHPFAULT","SEVINJ","OTHERINJ","COP","PEDKILL","PEDINJ","BICKILL","BICINJ","MCKILL","MCINJURE","RAMP1","RAMP2","CITY","COUNTY","STATE","X_CHP","Y_CHP"
"90121164",-121.3412347,38.6656562,2016,"3400","5","5","3","00",0,1,"A","Y",,,,,2100,2,"G","B","B","AUBURN BLVD.","HEMLOCK ST",25,"N","N","2016-04-01",9250,"2016-02-12",1840,"016419",,"2","9","0","3",,"2","020","-","N",,0,0,,,0,,,,"N",2,"A","-",21950,,"N","A","H","-","C","A","0","Y","A","01",0,1,0,0,1,0,0,0,0,"-","-","UNINCORPORATED","SACRAMENTO","CA",-121.34113,38.66562
"90121145",-121.4154231,38.596245,2016,"3400","4","4","4","12",0,1,"B",,,,,,900,2,"D","C","A","HOWE AVENUE","ARDEN WAY",0,,"Y","2016-02-22",9250,"2016-02-18",703,"017849",,"1","9","0","2",,"1","041","-","N",,0,0,,,0,,,,"Y",3,"A","-",21453,"A","N","B","H","-","A","A","0","Y","A","01",0,0,1,0,0,0,0,0,0,"-","-","UNINCORPORATED","SACRAMENTO","CA",-121.41553,38.59617
"90121128",0,0,2016,"3400","4","5","4","03",0,1,"A",,,,"Y",,900,2,"C","C","A","KIEFER BLVD. W/B","S. PORT DRIVE",342,"E","N","2016-02-22",9260,"2016-02-19",802,"018276",,"1","9","0","2",,"2","101","-","N",,0,0,,,0,,,,"Y",2,"A","-",22350,,"N","A","H","-","A","D","0","Y","F","55",0,0,1,0,0,0,0,0,0,"-","-","UNINCORPORATED","SACRAMENTO","CA",0,0
"90121126",0,0,2016,"3400","1","6","4","07",0,1,"A",,,,"Y",,600,2,"B","C","A","I-5 N/B","AIRPORT BLVD",100,"N","N","2016-02-22",9250,"2016-02-13",430,"019266",,"3","9","0","1",,"2","105","-","Y",,0,0,,,0,,,,"Y",2,"A","-",21658,"A","N","A","H","-","C","D","0","Y","G","25",0,0,1,0,0,0,0,0,0,"-","-","UNINCORPORATED","SACRAMENTO","CA",-121.5921,38.6713
"90121113",-121.3640778,38.7111837,2016,"3400","4","5","4","03",0,1,"C",,,,,,1800,2,"C","C","A","WALERGA RD","ELVERTA RD",800,"S","N","2016-02-22",9250,"2016-02-19",1740,"019090",,"2","9","0","2",,"1","013","-","N",,0,0,,,0,,,,"N",2,"A","-",22350,,"N","B","H","-","C","D","0","Y","A","01",0,0,1,0,0,0,0,0,0,"-","-","UNINCORPORATED","SACRAMENTO","CA",-121.364,38.7111
"90121083",0,0,2016,"3400","4","5","4","03",0,1,"B",,,,,,1500,2,"C","C","A","ANTELOPE ROAD E/B","COMPONENT WAY",190,"W","N","2016-02-22",9250,"2016-02-19",1455,"019133",,"2","9","0","2",,"1","012","C","N",,0,0,,,0,,,,"Y",2,"A","-",22350,,"N","B","H","-","A","D","0","Y","A","01",0,0,1,0,0,0,0,0,0,"-","-","UNINCORPORATED","SACRAMENTO","CA",-121.34925,38.70368
"90121077",-121.2256834,38.678399,2016,"3400","4","4","4","04",0,1,"B",,,,,,1500,2,"C","C","A","HAZEL AVE","GREENBACK LN",35,"S","N","2016-02-22",9260,"2016-02-18",1320,"012638",,"1","9","0","2",,"2","307","C","N",,0,0,,,0,,,,"N",2,"A","-",21703,,"N","B","H","-","A","D","0","Y","E","22",0,0,1,0,0,0,0,0,0,"-","-","UNINCORPORATED","SACRAMENTO","CA",0,0
"90121018",0,0,2016,"3400","4","5","4","09",0,3,"B",,,,,,1800,2,"D","C","A","EL CAMINO AVE","HOWE AVE",420,"W","N","2016-02-22",9250,"2016-02-19",1555,"015917",,"2","9","0","2",,"1","044","-","N",,0,0,,,0,,,,"N",2,"A","-",21804,"A","N","A","H","-","A","D","0","Y","A","01",0,0,3,0,0,0,0,0,0,"-","-","UNINCORPORATED","SACRAMENTO","CA",-121.41672,38.61107
"90120995",-121.2669678,38.5586632,2016,"3400","5","5","4","08",0,1,"A",,,,,,900,2,"E","I","A","MATHER BLVD","DOUGLAS RD",360,"S","N","2016-02-22",9260,"2016-02-19",601,"018276",,"1","9","0","3",,"2","001","-","N",,0,0,,,0,,,,"Y",1,"A","-",22107,,"N","A","H","-","C","D","0","Y","A","01",0,0,1,0,0,0,0,0,0,"-","-","UNINCORPORATED","SACRAMENTO","CA",0,0
"90120987",0,0,2016,"3400","4","5","4","03",0,1,"B",,,,,,1800,2,"C","C","A","ANTELOPE RD E/B","ROSEVILLE RD",100,"W","N","2016-02-22",9250,"2016-02-19",1735,"019133",,"2","9","0","2",,"1","012","C","N",,0,0,,,0,,,,"N",2,"A","-",22350,,"M","B","H","-","A","D","0","Y","-","99",0,0,1,0,0,0,0,0,0,"-","-","UNINCORPORATED","SACRAMENTO","CA",-121.33225,38.70226
"90120963",-121.2257095,38.6623576,2016,"3400","4","6","4","09",0,2,"A",,,,,,1500,2,"D","A","A","HAZEL AVE","MADISON AVE",600,"S","N","2016-02-22",9260,"2016-02-20",1220,"017522",,"1","9","0","2",,"2","307","-","N",,0,0,,,0,,,,"Y",2,"A","-",21801,"A","N","A","H","-","A","D","0","Y","A","07",0,0,2,0,0,0,0,0,0,"-","-","UNINCORPORATED","SACRAMENTO","CA",-121.22577,38.66198
"90120919",0,0,2016,"3404","1","2","4","08",0,1,"B",,,,,,2400,1,"E","I","A","I-5 NB TO US-50 E/B","BROADWAY",1100,"S","N","2016-02-22",9252,"2016-01-19",2100,"018937",,"2","7","0","1",,"2","107","-","Y",,0,0,,,0,,,,"Y",1,"A","-",22107,,"N","A","H","-","C","D","0","Y","A","01",0,0,1,0,0,0,0,0,0,"-","-","SACRAMENTO","SACRAMENTO","CA",-121.51397,38.56385
"90120908",0,0,2016,"3400","5","5","4","12",0,1,"B",,,,,,2100,2,"D","C","A","ROSEVILLE ROAD E/B","MYRTLE AVE",0,,"Y","2016-02-22",9250,"2016-02-19",1955,"019133",,"2","9","0","3",,"2","060","C","N",,0,0,,,0,,,,"N",2,"A","-",21453,"A","N","B","H","-","C","A","0","Y","A","01",0,0,1,0,0,0,0,0,0,"-","-","UNINCORPORATED","SACRAMENTO","CA",-121.38771,38.35439
"90120900",0,0,2016,"3400","2","3","4","03",0,1,"B",,,,,,900,2,"C","C","A","US-50 E/B","MANLOVE RD",200,"W","N","2016-02-22",9260,"2016-02-17",740,"016685",,"1","9","0","1",,"2","501","-","Y",,0,0,,,0,,,,"N",3,"A","-",22350,,"N","B","H","-","A","D","0","Y","A","01",0,0,1,0,0,0,0,0,0,"-","-","UNINCORPORATED","SACRAMENTO","CA",-121.37446,38.55898
"90120848",0,0,2016,"3400","5","4","4","03",0,1,"B",,,,,,1800,2,"C","C","A","CYPRESS AVE E/B","GARFIELD AVE",420,"W","N","2016-02-22",9250,"2016-02-18",1500,"018816",,"2","9","0","3",,"2","050","-","N",,0,0,,,0,,,,"N",3,"A","-",22350,,"N","A","H","-","A","D","0","Y","A","01",0,0,1,0,0,0,0,0,0,"-","-","UNINCORPORATED","SACRAMENTO","CA",0,0
"90120827",-121.2942222,38.6636751,2016,"3400","4","5","4","08",0,1,"B",,,,,,2100,2,"E","I","A","MADISON AVE","SAN JUAN AVE",551,"W","N","2016-02-22",9250,"2016-02-19",2012,"019069",,"2","9","0","2",,"1","024","C","N",,0,0,,,0,,,,"Y",1,"A","-",22107,,"N","B","H","-","C","A","0","Y","A","01",0,0,1,0,0,0,0,0,0,"-","-","UNINCORPORATED","SACRAMENTO","CA",-121.29435,38.66353
"90120830",0,0,2016,"3404","S","3","4","03",0,1,"B",,,,,,1800,2,"C","C","A","I-80 W/B","TRUXEL RD",1000,"E","N","2016-02-22",9250,"2016-02-17",1656,"014810",,"2","7","0","1",,"2","185","-","Y",,0,0,,,0,,,,"Y",2,"A","-",22350,,"N","A","D","-","A","D","0","Y","A","01",0,0,1,0,0,0,0,0,0,"-","-","SACRAMENTO","SACRAMENTO","CA",0,0
"90120791",0,0,2016,"3400","5","4","4","03",0,2,"A",,,,,,1500,2,"C","C","A","GARFIELD AVE S/B","WINDING WAY",75,"N","N","2016-02-22",9250,"2016-02-11",1342,"015272",,"1","9","0","3",,"2","020","-","N",,0,0,,,0,,,,"Y",3,"A","-",22350,,"N","A","H","-","A","D","0","Y","D","22",0,0,2,0,0,0,0,0,0,"-","-","UNINCORPORATED","SACRAMENTO","CA",0,0
"90120678",-121.2624131,38.6920751,2016,"3400","4","5","4","12",0,1,"A",,,,,,1500,2,"D","C","A","WOODMORE OAKS DR","FAIR OAKS BLVD",0,,"Y","2016-02-22",9260,"2016-02-12",1425,"018705",,"2","9","0","2",,"2","305","-","N",,0,0,,,0,,,,"Y",2,"A","-",22450,"A","N","A","H","-","A","A","0","Y","A","01",0,0,1,0,0,0,0,0,0,"-","-","UNINCORPORATED","SACRAMENTO","CA",-121.15443,38.41316
"90120672",0,0,2016,"3400","4","7","4","21",0,1,"A",,,,,,1500,2,"C","C","A","WATT AVENUE N/B","LYNNE WAY",150,"S","N","2016-02-22",9250,"2016-02-21",1345,"018461",,"1","9","0","2",,"1","045","-","N",,0,0,,,0,,,,"N",2,"A","-",22106,,"N","A","H","-","A","D","0","Y","A","07",0,0,1,0,0,0,0,0,0,"-","-","UNINCORPORATED","SACRAMENTO","CA",0,0
"90120636",0,0,2016,"3400","5","6","4","08",0,1,"B",,,,,,1200,2,"F","A","A","POWER LINE RD","SKYKING RD",4224,"N","N","2016-02-22",9250,"2016-02-20",1125,"018461",,"1","9","0","3",,"2","090","-","N",,0,0,,,0,,,,"Y",1,"A","-",22107,,"N","A","H","-","A","D","0","Y","A","07",0,0,1,0,0,0,0,0,0,"-","-","UNINCORPORATED","SACRAMENTO","CA",0,0
"90120599",-121.3819646,38.6177737,2016,"3400","4","3","3","07",0,1,"B",,,,,,2100,2,"D","C","A","MARCONI AVE","WATT AVE",314,"E","N","2016-02-22",9250,"2016-02-03",1915,"016495",,"2","9","0","2",,"1","042","C","N",,0,0,,,0,,,,"Y",2,"A","-",21658,"A","N","B","H","-","C","D","0","Y","D","22",0,1,0,0,0,0,0,0,0,"-","-","UNINCORPORATED","SACRAMENTO","CA",0,0
"90120587",0,0,2016,"3400","4","2","4","07",0,1,"A",,,,,,1800,2,"B","C","A","WINDING WAY S/B","GARFIELD AVE",40,"S","N","2016-02-22",9250,"2016-02-16",1557,"014810",,"2","9","0","2",,"1","026","-","N",,0,0,,,0,,,,"Y",2,"A","-",21658,"A","N","A","H","-","A","D","0","Y","A","01",0,0,1,0,0,0,0,0,0,"-","-","UNINCORPORATED","SACRAMENTO","CA",0,0
"90120555",-121.3623167,38.5364115,2016,"3400","3","1","4","03",0,2,"A",,,,,,1800,2,"C","C","A","JACKSON RD","HEDGE AVE",130,"E","N","2016-02-22",9260,"2016-02-15",1550,"18352",,"2","9","0","1",,"2","116","-","Y",,0,0,,,0,,,,"N",2,"A","-",22350,,"N","A","H","-","A","A","0","Y","A","01",0,0,2,0,0,0,0,0,0,"-","-","UNINCORPORATED","SACRAMENTO","CA",-121.36225,38.53638
"90120505",-121.4170974,38.481662,2016,"3400","4","7","3","05",0,1,"A",,"Y",,,,2100,2,"H","G","A","GERBER RD","PAR PKY",442,"W","N","2016-02-22",9252,"2016-02-07",1900,"019821",,"2","9","0","2",,"2","073","-","N",,0,0,,,0,,,,"N",2,"A","-",21202,"A","N","A","H","-","D","D","0","Y","L","04",0,1,0,0,0,0,1,0,0,"-","-","UNINCORPORATED","SACRAMENTO","CA",-121.41719,38.48169
"90120499",-121.2324478,38.4937671,2016,"3400","5","6","3","08",0,1,"A",,,,,,900,2,"F","A","A","GRANT LINE RD","JACKSON HWY",3960,"S","N","2016-02-22",9252,"2016-02-06",705,"017134",,"1","9","0","3",,"2","080","-","N",,0,0,,,0,,,,"Y",1,"A","-",22107,,"N","A","H","-","A","D","0","Y","A","07",0,1,0,0,0,0,0,0,0,"-","-","UNINCORPORATED","SACRAMENTO","CA",-121.50983,38.50838
"90120498",0,0,2016,"3404","1","6","3","03",0,3,"A",,,,,,1500,2,"C","C","A","I-80 E/B","I-5 S/B TRANSITION FROM W/B I-80",440,"W","N","2016-02-22",9250,"2016-02-13",1425,"018766",,"2","7","0","1",,"2","182","-","Y",,0,0,,,0,,,,"Y",3,"A","-",22350,,"N","A","D","-","A","D","0","Y","A","01",0,1,2,0,0,0,0,0,0,"-","-","SACRAMENTO","SACRAMENTO","CA",-121.51981,38.62374
"90120455",0,0,2016,"3404","1","7","4","03",0,1,"A",,,,,,1800,2,"C","C","A","I-80 E/B","NORWOOD AVE",711,"W","N","2016-02-22",9250,"2016-02-14",1730,"018766",,"2","7","0","1",,"2","182","-","Y",,0,0,,,0,,,,"Y",3,"A","-",22350,,"N","A","D","-","B","D","0","Y","A","07",0,0,1,0,0,0,0,0,0,"-","-","SACRAMENTO","SACRAMENTO","CA",-121.27367,38.38291
"90120434",0,0,2016,"3400","1","6","4","03",0,1,"A",,,,,,1800,2,"C","C","A","I-80 E/B","W80 TO S5 CONNECTOR O/C",100,"W","N","2016-04-15",9250,"2016-02-13",1510,"018774",,"2","9","0","1",,"2","182","-","Y",,0,0,,,0,,,,"Y",3,"A","-",22350,,"N","A","D","H","A","D","0","Y","A","01",0,0,1,0,0,0,0,0,0,"-","-","UNINCORPORATED","SACRAMENTO","CA",-121.51893,38.62404
"90120406",-121.2350407,38.6785452,2016,"3400","4","7","4","03",0,1,"A",,,,,,2100,2,"C","C","A","GREENBACK LN","ILLINOIS AVE",5,"W","N","2016-02-22",9260,"2016-02-07",1830,"018456",,"2","9","0","2",,"2","302","-","N",,0,0,,,0,,,,"N",2,"A","-",22350,,"F","A","H","-","C","A","0","Y","D","22",0,0,1,0,0,0,0,0,0,"-","-","UNINCORPORATED","SACRAMENTO","CA",-121.14064,38.40425
"90120398",0,0,2016,"3404","1","4","4","03",0,1,"A",,,,,,1800,2,"C","C","A","I-80 E/B","NORTHGATE BLVD",2150,"E","N","2016-02-22",9250,"2016-02-11",1535,"018766",,"2","7","0","1",,"2","182","-","Y",,0,0,,,0,,,,"Y",2,"A","-",22350,,"N","A","D","-","A","D","0","Y","A","01",0,0,1,0,0,0,0,0,0,"-","-","SACRAMENTO","SACRAMENTO","CA",-121.47078,36.64141
"90120391",0,0,2016,"3404","2","7","3","08",0,2,"A",,,,,,600,2,"E","I","A","US-50 E/B","I-5",100,"W","N","2016-02-22",9252,"2016-02-07",316,"019279",,"3","7","0","1",,"2","150","-","Y",,0,0,,,0,,,,"Y",1,"A","-",22107,,"N","A","H","-","C","D","0","Y","A","01",0,1,1,0,0,0,0,0,0,"-","-","SACRAMENTO","SACRAMENTO","CA",-121.51459,38.56992
"90120263",-121.2251042,38.700864,2016,"3400","4","7","4","01",0,1,"A",,,,,"Y",2100,2,"C","C","A","HAZEL AVE","OAK AVE",200,"N","N","2016-02-22",9260,"2016-02-07",2055,"018456",,"2","9","0","2",,"2","307","-","N",,0,0,,,0,,,,"N",2,"A","-",23152,"A","N","A","H","-","C","D","0","Y","D","22",0,0,1,0,0,0,0,0,0,"-","-","UNINCORPORATED","SACRAMENTO","CA",-121.13303,38.42033
"90120243",-121.2192657,38.6783864,2016,"3400","4","5","4","01",0,1,"B",,,,,,2400,1,"E","I","A","GREENBACK LN","GREEN TOP WAY",35,"W","N","2016-02-22",9260,"2016-01-29",2133,"018456",,"2","9","0","2",,"2","302","C","N",,0,0,,,0,,,,"N",1,"A","-",23152,"E","N","B","H","-","C","D","0","Y","A","01",0,0,1,0,0,0,0,0,0,"-","-","UNINCORPORATED","SACRAMENTO","CA",-121.13105,38.40427
"90119927",-121.3721124,38.4953618,2016,"3400","5","4","4","08",0,1,"A",,,"Y",,,1500,2,"D","G","A","ELK GROVE FLORIN RD","FLORIN RD",300,"S","N","2016-02-22",9252,"2016-02-04",1215,"018233",,"1","9","0","3",,"2","074","-","N",,0,0,,,0,,,,"N",2,"A","-",22107,,"N","A","H","-","A","D","0","Y","A","01",0,0,1,0,0,0,0,0,1,"-","-","UNINCORPORATED","SACRAMENTO","CA",-121.3722,38.49471
"90119783",-121.3370797,38.5721781,2016,"3400","5","3","3","11",0,1,"A","Y",,,,,600,2,"G","B","D","FOLSOM BLVD","BRADSHAW RD",200,"W","N","2016-02-22",9260,"2016-02-17",520,"018713",,"3","9","0","3",,"2","001","-","N",,0,0,,,0,,,,"N",2,"A","-",21954,"A","N","A","H","-","C","D","0","Y","N","60",0,1,0,0,1,0,0,0,0,"-","-","UNINCORPORATED","SACRAMENTO","CA",-121.20149,38.34187
"90119757",0,0,2016,"3400","2","3","3","03",0,1,"B",,,,,,2400,2,"E","I","A","US 50 E/B","HAZEL AVE",3696,"E","N","2016-02-22",9260,"2016-02-17",2230,"014956",,"3","9","0","1",,"2","502","C","Y",,0,0,,,0,,,,"Y",1,"A","-",22350,,"N","B","F","-","D","D","0","Y","A","01",0,1,0,0,0,0,0,0,0,"-","-","UNINCORPORATED","SACRAMENTO","CA",-121.22936,38.62433
"90119478",-121.3416362,38.562988,2016,"3400","5","6","3","09",0,2,"A",,,,,,1500,2,"D","C","A","MICRON AVE ","BRADSHAW ROAD",1584,"W","N","2016-02-22",9260,"2016-02-13",1314,"018276",,"1","9","0","3",,"2","001","-","N",,0,0,,,0,,,,"Y",2,"A","-",21804,"A","N","A","H","-","A","A","0","Y","A","07",0,1,1,0,0,0,0,0,0,"-","-","UNINCORPORATED","SACRAMENTO","CA",0,0
"90119421",0,0,2016,"3400","2","5","4","03",0,2,"B",,,,,,900,2,"C","C","A","US-50 E/B","HAZEL AVE",2640,"E","N","2016-02-22",9260,"2016-02-12",850,"016685",,"1","9","0","1",,"2","502","-","Y",,0,0,,,0,,,,"Y",2,"A","-",22350,,"N","A","H","-","A","D","0","Y","A","01",0,0,2,0,0,0,0,0,0,"-","-","UNINCORPORATED","SACRAMENTO","CA",-121.12334,38.3805
"90119407",0,0,2016,"3400","1","3","4","01",0,1,"B",,,,,"Y",300,2,"C","C","A","I-5 N/B","LAGUNA BLVD",7172,"N","N","2016-02-22",9252,"2016-02-17",112,"018788",,"3","9","0","1",,"2","106","-","Y",,0,0,,,0,,,,"Y",2,"A","-",23152,"A","N","A","H","-","C","D","0","Y","A","01",0,0,1,0,0,0,0,0,0,"-","-","UNINCORPORATED","SACRAMENTO","CA",-121.49122,38.4457
"90119367",0,0,2016,"3400","1","7","3","03",0,1,"A",,,,,"Y",300,2,"C","C","A","I-80 E/B","MADISON AVE",1000,"W","N","2016-02-22",9250,"2016-02-07",135,"019169",,"3","9","0","1",,"2","184","-","Y",,0,0,,,0,,,,"Y",2,"A","-",22350,,"F","A","H","-","E","D","0","Y","A","01",0,1,0,0,0,0,0,0,0,"-","-","UNINCORPORATED","SACRAMENTO","CA",0,0
"90119280",-121.3539731,38.5474251,2016,"3400","5","3","3","12",0,3,"A",,,,,"Y",2100,2,"D","C","A","KIEFER BLVD","HUNTSMAN DR",0,,"Y","2016-02-22",9260,"2016-02-10",1855,"016371",,"2","9","0","3",,"2","001","-","N",,0,0,,,0,,,,"Y",2,"A","-",21453,"A","F","A","H","-","C","A","0","Y","A","01",0,1,2,0,0,0,0,0,0,"-","-","UNINCORPORATED","SACRAMENTO","CA",0,0
"90119245",-121.2210031,38.678405,2016,"3400","4","2","3","09",0,2,"A",,,,,,1200,2,"D","C","A","GREENBACK LN","PECAN AVE",0,,"Y","2016-02-24",9260,"2016-02-09",924,"012638",,"1","9","0","2",,"2","302","-","N",,0,0,,,0,,,,"Y",2,"A","-",21802,"A","N","A","H","-","A","D","0","Y","D","22",0,2,0,0,0,0,0,0,0,"-","-","UNINCORPORATED","SACRAMENTO","CA",0,0
"90119169",-121.3906306,38.6033351,2016,"3400","4","2","4","08",0,1,"A",,,,,,1500,2,"E","I","A","COTTAGE WAY","TRIMBLE WAY",45,"W","N","2016-02-18",9250,"2016-02-09",1250,"015719",,"1","9","0","2",,"1","043","-","N",,0,0,,,0,,,,"Y",1,"A","-",22107,,"N","A","H","-","A","D","0","Y","A","01",0,0,1,0,0,0,0,0,0,"-","-","UNINCORPORATED","SACRAMENTO","CA",0,0
"90119127",-121.410703,38.615445,2016,"3400","5","2","4","09",0,1,"A",,,,,,1200,2,"D","C","A","BELL STREET ","RALSTON ROAD",0,,"Y","2016-02-18",9250,"2016-02-16",920,"016225",,"1","9","0","3",,"2","040","-","N",,0,0,,,0,,,,"Y",2,"A","-",21804,"A","N","A","H","-","A","D","0","Y","D","22",0,0,1,0,0,0,0,0,0,"-","-","UNINCORPORATED","SACRAMENTO","CA",0,0
"90118975",0,0,2016,"3400","4","6","4","08",0,1,"A",,,,,,2100,2,"E","I","A","ELKHORN BLVD E/B","14TH ST",300,"E","N","2016-02-18",9250,"2016-02-13",1915,"018774",,"2","9","0","2",,"1","014","-","N",,0,0,,,0,,,,"Y",1,"A","-",22107,,"N","A","H","-","D","D","0","Y","A","01",0,0,1,0,0,0,0,0,0,"-","-","UNINCORPORATED","SACRAMENTO","CA",-121.43327,38.68551
"90118961",0,0,2016,"3404","1","5","3","03",0,1,"A",,,"Y",,,1800,2,"C","C","A","I-80 E/B","W. EL CAMINO AVE",1615,"E","N","2016-02-18",9250,"2016-02-05",1555,"018766",,"2","7","0","1",,"2","182","-","Y",,0,0,,,0,,,,"Y",2,"A","-",22350,,"N","A","D","-","A","D","0","Y","C","02",0,1,0,0,0,0,0,0,1,"-","-","SACRAMENTO","SACRAMENTO","CA",-121.52963,36.61838
"90118953",0,0,2016,"3404","3","4","4","03",0,1,"A",,,,,,1800,2,"C","C","A","SR-51 SB TO US-50 WB","24TH ST",50,"W","N","2016-02-18",9252,"2016-02-11",1736,"015718",,"2","7","0","1",,"2","193","-","Y",,0,0,,,0,,,,"N",2,"A","-",22350,,"F","A","H","-","C","D","0","Y","D","22",0,0,1,0,0,0,0,0,0,"-","-","SACRAMENTO","SACRAMENTO","CA",-121.48115,38.56078
"90118937",-121.3831273,38.573753,2016,"3400","4","3","4","08",0,1,"B",,,,,,1200,1,"E","I","A","WATT AVENUE","FAIR OAKS BOULEVARD",110,"S","N","2016-02-18",9250,"2016-01-13",910,"013299",,"1","9","0","2",,"1","045","-","N",,0,0,,,0,,,,"N",4,"A","-",22107,,"N","B","H","-","A","A","0","Y","A","01",0,0,1,0,0,0,0,0,0,"-","-","UNINCORPORATED","SACRAMENTO","CA",0,0
"90118860",-121.4153435,38.6000755,2016,"3400","4","3","4","12",0,1,"B",,"Y",,,,1800,2,"H","G","A","HOWE AVE","WYDA WAY",22,"N","N","2016-02-18",9250,"2016-02-10",1635,"016495",,"2","9","0","2",,"1","041","-","N",,0,0,,,0,,,,"N",2,"A","-",21453,"A","N","A","H","-","A","A","0","Y","L","04",0,0,1,0,0,0,1,0,0,"-","-","UNINCORPORATED","SACRAMENTO","CA",0,0
"90118840",0,0,2016,"3404","3","2","4","03",0,1,"B",,,,,,1800,2,"C","C","A","SR-51 S/B","EL CAMINO AVE.",0,,"N","2016-02-18",9250,"2016-02-16",1534,"013736",,"2","7","0","1",,"2","152","-","Y",,0,0,,,0,,,,"Y",2,"A","-",22350,,"N","A","H","-","A","D","0","Y","A","07",0,0,1,0,0,0,0,0,0,"-","-","SACRAMENTO","SACRAMENTO","CA",0,0
"90118810",-121.4014523,38.6035175,2016,"3400","4","2","4","21",0,1,"A",,,,,,1200,2,"C","C","A","FULTON AVENUE ","COTTAGE WAY",30,"N","N","2016-02-18",9250,"2016-02-16",1115,"016225",,"1","9","0","2",,"1","043","-","N",,0,0,,,0,,,,"N",2,"A","-",22106,,"N","A","H","-","A","D","0","Y","A","01",0,0,1,0,0,0,0,0,0,"-","-","UNINCORPORATED","SACRAMENTO","CA",0,0
"90118808",-121.4311629,38.4924361,2016,"3400","4","2","4","03",0,1,"A",,,,,,1500,2,"C","C","A","66TH AVENUE","FAWN WAY",40,"W","N","2016-02-18",9252,"2016-02-09",1331,"019542",,"1","9","0","2",,"2","073","-","N",,0,0,,,0,,,,"N",3,"A","-",22350,,"N","A","H","-","A","D","0","Y","D","22",0,0,1,0,0,0,0,0,0,"-","-","UNINCORPORATED","SACRAMENTO","CA",-121.43124,38.49244
"90118578",0,0,2016,"3400","3","2","4","08",0,1,"A",,,,,,2100,2,"E","I","A","SR-99 S/B","COSUMNES RIVER COLLEGE BLVD",2112,"S","N","2016-02-18",9252,"2016-02-09",1845,"015718",,"2","9","0","1",,"2","191","-","Y",,0,0,,,0,,,,"Y",1,"A","-",22107,,"N","A","H","-","C","D","0","Y","A","01",0,0,1,0,0,0,0,0,0,"-","-","UNINCORPORATED","SACRAMENTO","CA",-121.40821,38.45161
"90118546",0,0,2016,"3404","1","3","3","03",0,1,"B",,,,,,1800,2,"C","C","A","INTERSTATE 80 W/B","WINTERS STREET",200,"E","N","2016-02-18",9250,"2016-02-17",1650,"014142",,"2","7","0","1",,"2","187","-","Y",,0,0,,,0,,,,"Y",2,"A","-",22350,,"N","A","H","-","A","D","0","Y","A","01",0,1,0,0,0,0,0,0,0,"-","-","SACRAMENTO","SACRAMENTO","CA",0,0
"90118518",-121.5926369,38.6789104,2016,"3400","5","7","4","01",0,1,"A",,,,,"Y",2100,2,"E","I","A","CROSSFIELD DR","LINDBERGH DR",81,"W","N","2016-02-18",9250,"2016-02-14",1840,"018766",,"2","9","0","3",,"2","090","-","N",,0,0,,,0,,,,"Y",1,"A","-",23152,"A","N","A","H","-","C","A","0","Y","A","01",0,0,1,0,0,0,0,0,0,"-","-","UNINCORPORATED","SACRAMENTO","CA",0,0
"90118512",0,0,2016,"3404","3","1","4","03",0,1,"A",,,,,,1800,2,"C","C","A","SR-51 N/B","ELVAS AVE",500,"S","N","2016-02-18",9252,"2016-02-08",1655,"019793",,"2","7","0","1",,"2","193","-","Y",,0,0,,,0,,,,"Y",4,"A","-",22350,,"N","A","H","-","A","D","0","Y","A","01",0,0,1,0,0,0,0,0,0,"-","-","SACRAMENTO","SACRAMENTO","CA",-121.271,38.856
"90118494",-121.4106458,38.5848422,2016,"3400","5","7","4","01",0,1,"A",,,,,"Y",300,2,"A","E","A","CLINTON RD","BELL ST",25,"E","N","2016-02-18",9250,"2016-02-07",112,"018725",,"3","9","0","3",,"2","040","-","N",,0,0,,,0,,,,"Y",2,"A","-",23152,"A","N","A","H","-","C","D","0","Y","A","07",0,0,1,0,0,0,0,0,0,"-","-","UNINCORPORATED","SACRAMENTO","CA",-121.41068,38.58482