"CASEID","POINT_X","POINT_Y","YEAR_","LOCATION","CHPTYPE","DAYWEEK","CRASHSEV","VIOLCAT","KILLED","INJURED","WEATHER1","PEDCOL","BICCOL","MCCOL","TRUCKCOL","ETOH","TIMECAT","MONTH_","CRASHTYP","INVOLVE","PED","PRIMARYRD","SECONDRD","DISTANCE","DIRECT","INTERSECT_","PROCDATE","JURIS","DATE_","TIME_","BADGE","JURIDIST","SHIFT","POP","SPECIAL","BEATTYPE","LAPDDIV","BEATCLAS","BEATNUMB","WEATHER2","STATEHW","CALTRANC","CALTRAND","STROUTE","ROUTESUF","POSTPRE","POSTMILE","LOCATYPE","RAMP","SIDEHW","TOWAWAY","PARTIES","PCF","VIOLCODE","VIOL","VIOLSUB","HITRUN","ROADSURF","RDCOND1","RDCOND2","LIGHTING","RIGHTWAY","CHPRDTYP","NOTPRIV","STFAULT","CHPFAULT","SEVINJ","OTHERINJ","COP","PEDKILL","PEDINJ","BICKILL","BICINJ","MCKILL","MCINJURE","RAMP1","RAMP2","CITY","COUNTY","STATE","X_CHP","Y_CHP"
"8084606",-121.314203,38.254715,2016,"3402","0","3","4","12",0,2,"B",,,,,,2100,4,"D","C","A","WEST A ST","EMERALD OAK DR",0,,"Y","2016-07-22",3402,"2016-04-27",1900,"193","20","5","3","0","0",,"0","001","-","N",,0,0,,,0,,,,"Y",2,"A","-",22450,"A","N","B","H","-","A","D","0","Y","A","07",0,0,2,0,0,0,0,0,0,"-","-","GALT","SACRAMENTO","CA",-121.31417,38.25473
"8084602",-121.299873,38.264465,2016,"3402","0","1","4","11",0,1,"A","Y",,,,,1800,4,"G","B","B","NORTH LINCOLN WY","SIMMERHORN RD",0,,"Y","2016-07-22",3402,"2016-04-25",1600,"109","22","5","3","0","0",,"0","001","-","N",,0,0,,,0,,,,"N",2,"A","-",21954,"A","F","A","H","-","A","A","0","Y","-",,0,0,1,0,1,0,0,0,0,"-","-","GALT","SACRAMENTO","CA",-121.29993,38.25573
"8084598",-121.3068741,38.2547497,2016,"3402","0","5","4","03",0,1,"A",,,,,,600,4,"E","I","A","A ST","4TH ST",141,"W","N","2016-07-22",3402,"2016-04-15",512,"210","20","5","3","0","0",,"0","001","-","N",,0,0,,,0,,,,"Y",1,"A","-",22350,,"N","A","H","-","C","D","0","Y","A","01",0,0,1,0,0,0,0,0,0,"-","-","GALT","SACRAMENTO","CA",-121.30765,38.25475
"8084594",0,0,2016,"3402","0","1","4","03",0,1,"A",,,,,,1200,4,"C","C","A","C ST","CIVIC CENTER DR",83,"E","N","2016-07-22",3402,"2016-04-11",1045,"74","89","5","3","0","0",,"0","002","-","N",,0,0,,,0,,,,"N",3,"A","-",22350,,"N","A","H","-","A","A","0","Y","A","01",0,0,1,0,0,0,0,0,0,"-","-","GALT","SACRAMENTO","CA",-121.29621,38.25315
"8084015",-121.300663,38.254795,2016,"3402","0","6","4","03",0,3,"A",,,,,,1500,4,"C","C","A","A ST","LINCOLN WY",0,,"Y","2016-07-22",3402,"2016-04-23",1221,"219","13","5","3","0","0",,"0","002","-","N",,0,0,,,0,,,,"N",2,"A","-",22350,,"N","-","G","H","A","A","0","Y","A","01",0,0,3,0,0,0,0,0,0,"-","-","GALT","SACRAMENTO","CA",-121.30072,38.2548
"8082759",-121.2705443,38.6100614,2016,"3490","0","2","3","03",0,2,"A",,,,,,1800,6,"C","C","A","SUNRISE BL","RT 50",345,"N","N","2016-08-30",3400,"2016-06-14",1630,"507",,"5","5","0","0",,"0",,"-","N",,0,0,,,0,,,,"Y",3,"A","-",22350,,"N","A","H","-","A","D","0","Y","-",,0,1,1,0,0,0,0,0,0,"-","WF","RANCHO CORDOVA","SACRAMENTO","CA",-121.27038,38.16109
"8082755",-121.3306231,38.5688651,2016,"3490","0","7","3","12",0,2,"A",,,,,,1500,6,"D","-","A","BRADSHAW RD","BUSINESS PARK DR",360,"S","N","2017-02-18",3400,"2016-06-19",1325,"693","RC","5","5","0","0",,"0","005","-","Y","SAC",3,50,"-","R",7.991,"R","4","W","Y",2,"A","-",21453,"A","N","A","H","-","A","A","0","Y","A","01",0,1,1,0,0,0,0,0,0,"-","-","RANCHO CORDOVA","SACRAMENTO","CA",-121.33641,38.56876
"8082752",-121.3036668,38.5750218,2016,"3490","0","5","4","10",0,1,"A","Y",,,,,1800,6,"G","B","F","ROCKINGHAM DR","MATHER FIELD RD",96,"E","N","2016-07-15",3400,"2016-06-10",1603,"03CSO","RC","5","5","0","0",,"0","005","-","N",,0,0,,,0,,,,"N",2,"A","-",21952,,"N","A","H","-","A","A","0","Y","A","01",0,0,1,0,1,0,0,0,0,"-","-","RANCHO CORDOVA","SACRAMENTO","CA",-121.30388,38.57488
"8082748",-121.280563,38.6001656,2016,"3490","0","3","4","03",0,1,"A",,,,,,1200,6,"C","C","A","FOLSOM BL","CORDOVA LN",520,"E","N","2016-07-15",3400,"2016-06-01",1154,"504","5","5","5","0","0",,"0","004","-","N",,0,0,,,0,,,,"N",3,"A","-",22350,,"N","A","H","-","A","A","0","Y","-",,0,0,1,0,0,0,0,0,0,"-","-","RANCHO CORDOVA","SACRAMENTO","CA",-121.28208,38.59943
"8082744",-121.26598,38.6274672,2016,"3490","0","4","2","11",0,1,"A","Y",,,,"Y",600,6,"G","B","D","SUNRISE BL","GOLD COUNTRY BL",195,"S","N","2016-07-15",3400,"2016-06-02",413,"1003","5","5","5","0","0",,"0","005","-","N",,0,0,,,0,,,,"N",2,"A","-",21955,,"N","A","H","-","C","A","0","Y","N","60",1,0,0,0,1,0,0,0,0,"-","-","RANCHO CORDOVA","SACRAMENTO","CA",-121.2662,38.6281
"8082740",-121.3072331,38.5788651,2016,"3490","0","3","4","03",0,1,"A",,,,,,900,6,"C","C","A","MATHER BL","RT 50",145,"S","N","2017-02-18",3400,"2016-06-22",755,"1174","RC","5","5","0","0",,"0","005","-","Y","SAC",3,50,"-","R",9.467,"R","4","E","N",2,"A","-",22350,,"N","A","H","-","A","D","0","Y","A","01",0,0,1,0,0,0,0,0,0,"-","WF","RANCHO CORDOVA","SACRAMENTO","CA",0,0
"8082736",-121.2667131,38.623125,2016,"3490","0","7","4","01",0,2,"A",,,,,"Y",300,6,"D","C","A","SUNRISE BL","TRINITY RIVER DR",0,,"Y","2016-07-15",3400,"2016-06-12",45,"2","5","5","5","0","0",,"0",,"-","N",,0,0,,,0,,,,"Y",2,"A","-",23153,"A","N","A","H","-","C","A","0","Y","A","07",0,0,2,0,0,0,0,0,0,"-","-","RANCHO CORDOVA","SACRAMENTO","CA",-121.26673,38.62334
"8082728",-121.287085,38.6142944,2016,"3490","0","3","4","08",0,2,"A",,,,,,1500,6,"E","I","A","COLOMA RD","WOODLAWN DR",80,"W","N","2016-07-15",3400,"2016-06-01",1302,"504","5","5","5","0","0",,"0","004","-","N",,0,0,,,0,,,,"Y",1,"A","-",22107,,"N","A","H","-","A","D","0","Y","-",,0,0,2,0,0,0,0,0,0,"-","-","RANCHO CORDOVA","SACRAMENTO","CA",-121.28684,38.61445
"8082724",-121.2688739,38.596037,2016,"3490","0","4","4","03",0,1,"A",,,,,,1800,6,"F","A","A","SUN CENTER DR","GOLD CANAL DR",180,"E","N","2016-07-15",3400,"2016-06-16",1725,"507",,"5","5","0","0",,"0",,"-","N",,0,0,,,0,,,,"N",1,"A","-",22350,,"N","A","H","-","A","D","0","Y","-",,0,0,1,0,0,0,0,0,0,"-","-","RANCHO CORDOVA","SACRAMENTO","CA",-121.26927,38.59581
"8082615",-121.2889531,38.595995,2016,"3490","0","6","2","11",0,1,"A","Y",,,,,1800,5,"G","B","B","FOLSOM BL","ZINFANDEL DR",0,,"Y","2016-07-13",3400,"2016-05-14",1602,"47","5","5","5","0","0",,"0","005","-","N",,0,0,,,0,,,,"N",2,"A","-",21950,"B","N","A","H","-","A","A","0","Y","N","60",1,0,0,0,1,0,0,0,0,"-","-","RANCHO CORDOVA","SACRAMENTO","CA",-121.2888,38.59604
"8082611",-121.2892612,38.5793112,2016,"3490","0","1","3","09",0,2,"A",,,,,,1800,5,"C","C","A","INTERNATIONAL DR","CAPITAL CENTER DR",16,"E","N","2016-07-13",3400,"2016-05-23",1648,"374","RC","5","5","0","0",,"0","005","-","N",,0,0,,,0,,,,"Y",2,"A","-",21801,"A","N","A","H","-","A","D","0","Y","A","01",0,1,1,0,0,0,0,0,0,"-","-","RANCHO CORDOVA","SACRAMENTO","CA",-121.28919,38.57911
"8082579",-121.336223,38.562115,2016,"3490","0","4","3","09",0,1,"A",,,,,,2400,5,"D","C","A","BRADSHAW RD","LINCOLN VILLAGE DR",0,,"Y","2016-07-13",3400,"2016-05-26",2328,"2","5","5","5","0","0",,"0",,"-","N",,0,0,,,0,,,,"Y",2,"A","-",21453,"C","N","A","H","-","C","A","0","Y","A","07",0,1,0,0,0,0,0,0,0,"-","-","RANCHO CORDOVA","SACRAMENTO","CA",-121.33623,38.56199
"8082583",0,0,2016,"3490","0","5","4","08",0,1,"A",,,,,,1200,5,"B","C","A","SUNRISE BL","INTERNATIONAL DR",15,"S","N","2016-07-13",3400,"2016-05-27",930,"1174","RC","5","5","0","0",,"0","005","-","N",,0,0,,,0,,,,"N",2,"A","-",22107,,"N","A","H","-","A","A","0","Y","A","01",0,0,1,0,0,0,0,0,0,"-","-","RANCHO CORDOVA","SACRAMENTO","CA",-121.26511,38.58456
"8082575",-121.2889531,38.595995,2016,"3490","0","2","4","03",0,1,"A",,,,,,1800,5,"C","C","A","ZINFANDEL DR","FOLSOM BL",0,,"Y","2016-07-13",3400,"2016-05-17",1731,"592","5","5","5","0","0",,"0","005","-","N",,0,0,,,0,,,,"N",2,"A","-",22350,,"N","A","H","-","A","A","0","Y","A","01",0,0,1,0,0,0,0,0,0,"-","-","RANCHO CORDOVA","SACRAMENTO","CA",-121.2888,38.59604
"8082571",-121.2937334,38.5936526,2016,"3490","0","4","4","08",0,1,"A",,,"Y",,,1800,5,"B","C","A","FOLSOM BL","ARAMON DR",135,"E","N","2016-07-13",3400,"2016-05-26",1552,"03CSO","RC","5","5","0","0",,"0","005","-","N",,0,0,,,0,,,,"N",2,"A","-",22107,,"N","A","H","-","A","A","0","Y","A","07",0,0,1,0,0,0,0,0,1,"-","-","RANCHO CORDOVA","SACRAMENTO","CA",-121.29418,38.59347
"8082558",-121.3079755,38.5866337,2016,"3490","0","3","3","08",0,1,"A",,"Y",,,,1500,6,"D","G","A","FOLSOM BL","DAWES ST",73,"W","N","2016-07-19",3400,"2016-06-08",1325,"1407","RC","5","5","0","0",,"0",,"-","N",,0,0,,,0,,,,"N",2,"A","-",21717,,"N","A","H","-","A","A","0","Y","-",,0,1,0,0,0,0,1,0,0,"-","-","RANCHO CORDOVA","SACRAMENTO","CA",-121.30764,38.58671
"8082547",-121.2661645,38.6280316,2016,"3490","0","5","4","03",0,1,"A",,,,,,1500,5,"C","C","A","SUNRISE","GOLD COUNTRY",18,"N","N","2016-07-15",3400,"2016-05-27",1229,"1174","RC","5","5","0","0",,"0","005","-","N",,0,0,,,0,,,,"Y",2,"A","-",22350,,"N","A","H","-","A","D","0","Y","A","01",0,0,1,0,0,0,0,0,0,"-","-","RANCHO CORDOVA","SACRAMENTO","CA",0,0
"8082544",-121.2596831,38.590275,2016,"3490","0","4","4","12",0,1,"A",,,"Y",,,1500,6,"D","C","A","WHITE ROCK RD","SUNRISE PARK DR",0,,"Y","2016-07-14",3400,"2016-06-09",1211,"969","RC","5","5","0","0",,"0","005","-","N",,0,0,,,0,,,,"Y",2,"A","-",22450,"A","M","A","H","-","A","A","0","Y","C","02",0,0,1,0,0,0,0,0,1,"-","-","RANCHO CORDOVA","SACRAMENTO","CA",0,0
"8082539",-121.2863405,38.5860872,2016,"3490","0","3","4","03",0,3,"A",,,,,,1500,6,"C","C","A","ZINFANDEL DR","DATA DR",189,"N","N","2016-07-14",3400,"2016-06-08",1400,"1380","RC","5","5","0","0",,"0","005","-","N",,0,0,,,0,,,,"Y",3,"A","-",22350,,"N","A","H","-","A","A","0","Y","A","01",0,0,3,0,0,0,0,0,0,"-","-","RANCHO CORDOVA","SACRAMENTO","CA",-121.28614,38.58556
"8082499",-121.306803,38.574035,2016,"3490","0","1","4","12",0,1,"A",,,"Y",,,900,6,"B","-","A","ROCKINGHAM DR","OLD PLACERVILLE RD",0,,"Y","2016-07-15",3400,"2016-06-06",659,"1174","RC","5","5","0","0",,"0","005","-","N",,0,0,,,0,,,,"N",2,"A","-",21453,"A","N","A","H","-","A","A","0","Y","D","22",0,0,1,0,0,0,0,0,1,"-","-","RANCHO CORDOVA","SACRAMENTO","CA",-121.30685,38.57401
"8082491",-121.2783613,38.6169617,2016,"3490","0","7","4","03",0,1,"A",,,,,,900,5,"C","C","A","COLOMA RD","TRUCKEE RIVER DR",15,"E","N","2016-07-14",3400,"2016-05-08",747,"20CSO","RC","5","5","0","0",,"0","005","-","N",,0,0,,,0,,,,"Y",2,"A","-",22350,,"N","A","H","-","A","A","0","Y","D","22",0,0,1,0,0,0,0,0,0,"-","-","RANCHO CORDOVA","SACRAMENTO","CA",-121.27846,38.61698
"8082319",-121.1888186,38.6461415,2016,"3401","0","1","3","03",0,1,"A",,,,,,1800,6,"C","C","A","FOLSOM BL","NATOMA STATION DR",25,"N","N","2016-07-14",3401,"2016-06-27",1728,"163","CA034","5","5","0","0",,"0","004","-","N",,0,0,,,0,,,,"Y",2,"A","-",22350,,"N","A","H","-","A","A","0","Y","A","01",0,1,0,0,0,0,0,0,0,"-","-","FOLSOM","SACRAMENTO","CA",-121.18874,38.64594
"8082162",-121.1799289,38.6842655,2016,"3401","0","1","3","01",0,1,"A",,,,,"Y",300,6,"A","E","A","GREENBACK LN","FOLSOM BL",200,"W","N","2016-07-19",3401,"2016-06-20",25,"219","CA034","5","5","0","0",,"0","001","-","N",,0,0,,,0,,,,"Y",2,"A","-",23152,"A","N","A","H","-","C","D","0","Y","A","01",0,1,0,0,0,0,0,0,0,"-","-","FOLSOM","SACRAMENTO","CA",0,0
"8079035",-121.440163,38.479705,2016,"3404","0","6","4","09",0,1,"A",,,,,,1800,6,"D","C","A","CENTER PKWY","LERNER WY",0,,"Y","2016-07-12",3404,"2016-06-25",1622,"8202","5","5","7","0","0",,"0","05C","-","N",,0,0,,,0,,,,"Y",2,"A","-",21801,"A","N","A","H","-","A","A","0","Y","A","07",0,0,1,0,0,0,0,0,0,"-","-","SACRAMENTO","SACRAMENTO","CA",0,0
"8078976",-121.4522931,38.644015,2016,"3404","0","5","3","03",0,1,"A",,,,,,300,6,"E","I","A","JESSIE AV","TAYLOR ST",0,,"Y","2016-07-12",3404,"2016-06-24",24,"0911","2","5","7","0","0",,"0","00A","-","N",,0,0,,,0,,,,"Y",1,"A","-",22350,,"N","A","H","-","C","A","0","Y","A","07",0,1,0,0,0,0,0,0,0,"-","-","SACRAMENTO","SACRAMENTO","CA",0,0
"8078599",0,0,2016,"3450","0","4","4","22",0,1,"A",,,,,,1200,6,"D","C","A","LAGUNA BL","LAGUNA BL 7401",265,"N","N","2016-07-15",340,"2016-06-30",1144,"10068","2202","5","5","0","0",,"0","002","-","N",,0,0,,,0,,,,"N",2,"B","-",0,,"N","A","H","-","A","D","0","Y","A","01",0,0,1,0,0,0,0,0,0,"-","-","ELK GROVE","SACRAMENTO","CA",0,0
"8078500",-121.3906984,38.5236174,2016,"3404","0","3","3","03",0,2,"B",,,,"Y",,1500,5,"C","C","A","FLORIN PERKINS RD","FRUITRIDGE RD",600,"S","N","2016-07-18",3404,"2016-05-25",1224,"8105","6","5","7","0","0",,"0","06C","-","N",,0,0,,,0,,,,"N",2,"A","-",22350,,"N","A","H","-","A","D","0","Y","G","25",0,1,1,0,0,0,0,0,0,"-","-","SACRAMENTO","SACRAMENTO","CA",0,0
"8078481",-121.3099031,38.5856651,2016,"3490","0","1","2","05",0,1,"A",,"Y",,,,2400,4,"D","G","A","FOLSOM BL","MATHER FIELD RD",0,,"Y","2016-07-18",3400,"2016-04-25",2132,"47","5","5","5","0","0",,"0","005","-","N",,0,0,,,0,,,,"N",2,"A","-",21650,"1","N","A","H","-","C","A","0","Y","L","04",1,0,0,0,0,0,1,0,0,"-","-","RANCHO CORDOVA","SACRAMENTO","CA",-121.30976,38.58564
"8078459",-121.2718443,38.7132686,2016,"3496","0","1","4","03",0,1,"A",,,"Y",,,2100,5,"C","C","A","SUNRISE AV","STANFORD AV",57,"S","N","2016-07-15",3496,"2016-05-02",2048,"399",,"5","5","0","0",,"0",,"-","N",,0,0,,,0,,,,"Y",3,"A","-",22350,,"N","A","D","E","C","D","0","Y","A","07",0,0,1,0,0,0,0,0,1,"-","-","CITRUS HEIGHTS","SACRAMENTO","CA",0,0
"8078455",-121.264743,38.7004251,2016,"3496","0","2","4","03",0,1,"A",,,,,,900,5,"C","-","A","OAK AV","ANDERSON LN",0,,"Y","2016-07-15",3496,"2016-05-24",836,"134",,"5","5","0","0",,"0",,"-","N",,0,0,,,0,,,,"N",2,"A","-",22350,,"N","A","H","-","-","-","0","Y","A","01",0,0,1,0,0,0,0,0,0,"-","-","CITRUS HEIGHTS","SACRAMENTO","CA",0,0
"8078043",-121.2922931,38.663715,2016,"3496","0","6","4","12",0,2,"A",,,,,,2400,6,"D","C","A","MADISON AV","SAN JUAN AV",0,,"Y","2016-07-14",3496,"2016-06-18",2151,"136","3496","5","5","0","0",,"0","003","-","N",,0,0,,,0,,,,"Y",2,"A","-",21453,"A","N","A","H","-","C","A","0","Y","A","01",0,0,2,0,0,0,0,0,0,"-","-","CITRUS HEIGHTS","SACRAMENTO","CA",0,0
"8078039",0,0,2016,"3496","0","4","4","03",0,1,"A",,,,,,900,6,"C","C","A","GREENBACK LN","FOUNTAIN SQUARE DR",20,"S","N","2016-07-15",3496,"2016-06-30",650,"185",,"5","5","0","0",,"0","003","-","N",,0,0,,,0,,,,"Y",2,"A","-",22350,,"N","A","H","-","A","A","0","Y","A","01",0,0,1,0,0,0,0,0,0,"-","-","CITRUS HEIGHTS","SACRAMENTO","CA",0,0
"8078031",-121.2737031,38.702825,2016,"3496","0","7","4","09",0,1,"A",,,,,,1800,6,"D","C","A","OLD AUBURN RD","TIARA WY",0,,"Y","2016-07-14",3496,"2016-06-26",1505,"347",,"5","5","0","0",,"0","002","-","N",,0,0,,,0,,,,"N",2,"A","-",21801,"A","N","A","H","-","A","D","0","Y","A","01",0,0,1,0,0,0,0,0,0,"-","-","CITRUS HEIGHTS","SACRAMENTO","CA",0,0
"8078023",-121.2903828,38.7047304,2016,"3496","0","2","4","09",0,2,"A",,,,,,1800,6,"D","C","A","AUBURN BL","SYCAMORE AV",9,"S","N","2016-07-14",3496,"2016-06-07",1520,"185",,"5","5","0","0",,"0","001","-","N",,0,0,,,0,,,,"Y",2,"A","-",21801,,"N","A","H","-","A","A","0","Y","A","08",0,0,2,0,0,0,0,0,0,"-","-","CITRUS HEIGHTS","SACRAMENTO","CA",0,0
"8078007",-121.271641,38.6791995,2016,"3496","0","4","4","03",0,1,"A",,,,,,1500,6,"C","C","A","SUNRISE BL","GREENBACK LN",282,"N","N","2016-07-14",3496,"2016-06-30",1348,"247","3496","5","5","0","0",,"0","002","-","N",,0,0,,,0,,,,"Y",3,"A","-",22350,,"F","A","H","-","A","A","0","Y","A","01",0,0,1,0,0,0,0,0,0,"-","-","CITRUS HEIGHTS","SACRAMENTO","CA",0,0
"8078003",-121.2718131,38.669685,2016,"3496","0","7","4","12",0,2,"A",,,,,,1500,6,"D","C","A","SUNRISE AV","KINGSWOOD DR",0,,"Y","2016-07-14",3496,"2016-06-12",1226,"136","3496","5","5","0","0",,"0","001","-","N",,0,0,,,0,,,,"Y",2,"A","-",21453,"A","N","A","H","-","A","A","0","Y","A","01",0,0,2,0,0,0,0,0,0,"-","-","CITRUS HEIGHTS","SACRAMENTO","CA",0,0
"8077111",-121.2922931,38.663715,2016,"3496","0","2","4","09",0,1,"A",,,,,,1500,3,"D","C","A","MADISON AV","SAN JUAN AV",0,,"Y","2016-07-19",3496,"2016-03-15",1218,"355","CITRU","5","5","0","0",,"0","003","-","N",,0,0,,,0,,,,"N",2,"A","-",21804,"A","N","A","H","-","A","D","0","Y","A","01",0,0,1,0,0,0,0,0,0,"-","-","CITRUS HEIGHTS","SACRAMENTO","CA",0,0
"8077107",-121.320033,38.678305,2016,"3496","0","3","4","03",0,1,"C",,,,,,600,3,"E","I","A","GREENBACK LN","DESIMONE LN",0,,"Y","2016-07-14",3496,"2016-03-09",402,"373",,"5","5","0","0",,"0","003","-","N",,0,0,,,0,,,,"Y",1,"A","-",22350,,"N","B","H","-","C","D","0","Y","A","01",0,0,1,0,0,0,0,0,0,"-","-","CITRUS HEIGHTS","SACRAMENTO","CA",0,0
"8077055",-121.434705,38.5953841,2016,"3404","0","4","4","03",0,1,"A",,,"Y",,,1800,2,"F","A","A","EXPOSITION BL","HERITAGE LN",78,"W","N","2016-07-14",3404,"2016-02-11",1736,"0239","2","5","7","0","0",,"0","00C","-","N",,0,0,,,0,,,,,1,"A","-",22350,,"N","-","H","-","A","D","0","Y","C","02",0,0,1,0,0,0,0,0,1,"-","-","SACRAMENTO","SACRAMENTO","CA",0,0
"8076985",-121.4868379,38.5625844,2016,"3404","0","2","2","12",0,1,"A",,"Y",,,,900,6,"G","-","A","W ST","19TH ST",187,"E","N","2016-07-13",3404,"2016-06-28",621,"0348",,"5","7","0","0",,"0",,"-","N",,0,0,,,0,,,,"N",2,"A","-",22451,,"N","A","H","-","A","A","0","Y","L","04",1,0,0,0,0,0,1,0,0,"-","-","SACRAMENTO","SACRAMENTO","CA",0,0
"8076981",-121.4793831,38.611685,2016,"3404","0","1","3","12",0,1,"A",,,,,,1500,6,"D","C","A","NORTHVIEW DR","WEST EL CAMINO AV",0,,"Y","2016-07-13",3404,"2016-06-27",1244,"937","1","5","7","0","0",,"0","00C","-","N",,0,0,,,0,,,,"Y",2,"A","-",21453,"A","N","A","H","-","A","A","0","Y","A","01",0,1,0,0,0,0,0,0,0,"-","-","SACRAMENTO","SACRAMENTO","CA",0,0
"8076940",0,0,2016,"3404","0","2","4","03",0,1,"A",,"Y",,,,1800,6,"E","I","A","J ST","SINCLAIR RD",19,"S","N","2016-07-13",3404,"2016-06-21",1610,"1365",,"5","7","0","0",,"0",,"-","N",,0,0,,,0,,,,"N",1,"A","-",22350,,"N","A","H","-","A","D","0","Y","L","04",0,0,1,0,0,0,1,0,0,"-","-","SACRAMENTO","SACRAMENTO","CA",0,0
"8076849",-121.4569432,38.6433685,2016,"3404","0","2","4","03",0,2,"A",,,,,,1800,6,"C","C","A","NORWOOD AV","JESSIE AV",250,"S","N","2016-07-12",3404,"2016-06-28",1728,"8107","2","5","7","0","0",,"0","00A","-","N",,0,0,,,0,,,,"Y",2,"A","-",22350,,"N","A","H","-","A","D","0","Y","I","11",0,0,2,0,0,0,0,0,0,"-","-","SACRAMENTO","SACRAMENTO","CA",0,0
"8076804",-121.5354931,38.6597751,2016,"3404","0","3","4","12",0,1,"A",,,,,,2100,6,"B","C","A","DEL PASO RD","RT 5",30,"W","N","2017-02-18",3404,"2016-06-29",1811,"8187","1","5","7","0","0",,"0","00A","-","Y","SAC",3,5,"-","-",29.226,"R","4","S","Y",2,"A","-",21453,"A","N","A","H","-","A","A","0","Y","A","01",0,0,1,0,0,0,0,0,0,"-","SF","SACRAMENTO","SACRAMENTO","CA",0,0
"8076438",0,0,2016,"3404","0","3","2","07",0,1,"A",,,,,,2400,6,"E","I","A","LEMON HILL AV","GOLD MOON CT",169,"W","N","2016-07-11",3404,"2016-06-29",2332,"927","6","5","7","0","0",,"0","00C","-","N",,0,0,,,0,,,,"Y",1,"A","-",21658,"A","N","A","H","-","D","D","0","Y","A","01",1,0,0,0,0,0,0,0,0,"-","-","SACRAMENTO","SACRAMENTO","CA",0,0
"8076437",0,0,2016,"3404","0","1","2","11",0,1,"A","Y",,,,,2400,6,"G","B","D","STOCKTON BL","STOCKTON",24,"W","N","2016-07-11",3404,"2016-06-27",2143,"992","6","5","7","0","0",,"0","010","-","N",,0,0,,,0,,,,"N",2,"A","-",21955,,"F","A","H","-","C","A","0","Y","N","60",1,0,0,0,1,0,0,0,0,"-","-","SACRAMENTO","SACRAMENTO","CA",0,0
"8076435",-121.4482877,38.6113631,2016,"3404","0","4","4","09",0,1,"A",,,,,,1800,6,"D","C","A","DEL PASO BL","EL CAMINO AV",150,"N","N","2016-07-11",3404,"2016-06-09",1727,"268","2","5","7","0","0",,"0","00B","-","N",,0,0,,,0,,,,"Y",3,"A","-",21801,"A","F","A","H","-","A","D","0","Y","A","01",0,0,1,0,0,0,0,0,0,"-","-","SACRAMENTO","SACRAMENTO","CA",0,0
"8076436",-121.4513682,38.6111251,2016,"3404","0","4","3","21",0,1,"A",,,"Y",,,2100,6,"D","C","A","EL CAMINO AV","RIO LINDA BL",150,"W","N","2016-08-02",3404,"2016-06-23",1842,"245","2","5","7","0","0",,"0","00B","-","N",,0,0,,,0,,,,"Y",2,"A","-",22106,,"F","A","H","-","A","D","0","Y","A","01",0,1,0,0,0,0,0,0,1,"-","-","SACRAMENTO","SACRAMENTO","CA",0,0
"8076434",-121.4271831,38.468515,2016,"3404","0","2","4","09",0,1,"A",,,,,,1200,6,"D","C","A","VALLEY HI DR","WYNDHAM DR",0,,"Y","2016-07-11",3404,"2016-06-14",928,"757","5","5","7","0","0",,"0","00C","-","N",,0,0,,,0,,,,"Y",2,"A","-",21801,"A","N","A","H","-","A","D","0","Y","A","01",0,0,1,0,0,0,0,0,0,"-","-","SACRAMENTO","SACRAMENTO","CA",0,0
"8076258",-121.438704,38.525098,2016,"3404","0","5","4","03",0,1,"A",,,,,,1800,6,"E","I","A","58TH ST","FRUITRIDGE RD",12,"N","N","2016-07-11",3404,"2016-06-10",1621,"326","6","5","7","0","0",,"0","00B","-","N",,0,0,,,0,,,,"Y",1,"A","-",22350,,"N","A","H","-","A","A","0","Y","A","07",0,0,1,0,0,0,0,0,0,"-","-","SACRAMENTO","SACRAMENTO","CA",0,0
"8076257",-121.4094809,38.5569343,2016,"3404","0","5","3","03",0,1,"A",,,,,,2100,6,"C","C","A","HOWE AV","COLLEGE TOWN DR",528,"N","N","2016-07-11",3404,"2016-06-24",1800,"0902","6","5","7","0","0",,"0","00E","-","N",,0,0,,,0,,,,"N",2,"A","-",22350,,"F","A","H","-","A","D","0","Y","A","01",0,1,0,0,0,0,0,0,0,"-","-","SACRAMENTO","SACRAMENTO","CA",0,0
"8076256",-121.4803851,38.6118571,2016,"3404","0","6","4","05",0,1,"A",,"Y",,,,1200,6,"H","G","A","WEST EL CAMINO AV","NORMINGTON DR",21,"W","N","2016-07-11",3404,"2016-06-25",1157,"8131","1","5","7","0","0",,"0","01C","-","N",,0,0,,,0,,,,"N",2,"A","-",21650,"1","N","A","H","-","A","A","0","Y","L","04",0,0,1,0,0,0,1,0,0,"-","-","SACRAMENTO","SACRAMENTO","CA",0,0
"8076255",-121.4221614,38.5972945,2016,"3404","0","1","4","22",0,1,"A",,,,,,900,6,"A","C","A","ARDEN WY","ETHAN WY",390,"W","N","2016-07-11",3404,"2016-06-27",834,"0237","SACRA","5","7","0","0",,"0","02C","-","N",,0,0,,,0,,,,"Y",2,"B","-",0,,"N","A","H","-","A","D","0","Y","-","-",0,0,1,0,0,0,0,0,0,"-","-","SACRAMENTO","SACRAMENTO","CA",0,0
"8076254",-121.4755531,38.617305,2016,"3404","0","2","4","09",0,2,"A",,,,,,1200,6,"D","C","A","NORTHGATE BL","BRIDGEFORD DR",0,,"Y","2016-08-03",3404,"2016-06-28",959,"0230","1C","5","7","0","0",,"0",,"-","N",,0,0,,,0,,,,"Y",2,"A","-",21802,"A","N","A","H","-","A","A","0","Y","A","01",0,0,2,0,0,0,0,0,0,"-","-","SACRAMENTO","SACRAMENTO","CA",0,0