"CASEID","POINT_X","POINT_Y","YEAR_","LOCATION","CHPTYPE","DAYWEEK","CRASHSEV","VIOLCAT","KILLED","INJURED","WEATHER1","PEDCOL","BICCOL","MCCOL","TRUCKCOL","ETOH","TIMECAT","MONTH_","CRASHTYP","INVOLVE","PED","PRIMARYRD","SECONDRD","DISTANCE","DIRECT","INTERSECT_","PROCDATE","JURIS","DATE_","TIME_","BADGE","JURIDIST","SHIFT","POP","SPECIAL","BEATTYPE","LAPDDIV","BEATCLAS","BEATNUMB","WEATHER2","STATEHW","CALTRANC","CALTRAND","STROUTE","ROUTESUF","POSTPRE","POSTMILE","LOCATYPE","RAMP","SIDEHW","TOWAWAY","PARTIES","PCF","VIOLCODE","VIOL","VIOLSUB","HITRUN","ROADSURF","RDCOND1","RDCOND2","LIGHTING","RIGHTWAY","CHPRDTYP","NOTPRIV","STFAULT","CHPFAULT","SEVINJ","OTHERINJ","COP","PEDKILL","PEDINJ","BICKILL","BICINJ","MCKILL","MCINJURE","RAMP1","RAMP2","CITY","COUNTY","STATE","X_CHP","Y_CHP"
"8076253",-121.439577,38.6335671,2016,"3404","0","2","4","03",0,1,"A","Y",,,,,1800,6,"E","I","F","CLAY ST","SOUTH AV",201,"N","N","2016-07-11",3404,"2016-06-28",1611,"899","2","5","7","0","0",,"0","00A","-","N",,0,0,,,0,,,,"N",2,"A","-",22350,,"F","A","H","-","A","D","0","Y","A","01",0,0,1,0,1,0,0,0,0,"-","-","SACRAMENTO","SACRAMENTO","CA",0,0
"8076252",-121.4720731,38.570925,2016,"3404","0","1","3","09",0,1,"A",,"Y",,,,2100,6,"D","G","A","CAPITOL AV","27TH ST",0,,"Y","2016-07-11",3404,"2016-06-27",1808,"931","3","5","7","0","0",,"0","00B","-","N",,0,0,,,0,,,,"N",2,"A","-",21801,"A","N","A","H","-","A","A","0","Y","A","01",0,1,0,0,0,0,1,0,0,"-","-","SACRAMENTO","SACRAMENTO","CA",0,0
"8076251",-121.456393,38.5394851,2016,"3404","0","4","4","09",0,2,"A",,,,,,1800,6,"D","C","A","14TH AV","43RD ST",0,,"Y","2016-08-30",3404,"2016-06-23",1712,"0212","6","5","7","0","0",,"0","06B","-","N",,0,0,,,0,,,,"Y",2,"A","-",21802,"A","N","A","H","-","A","A","0","Y","-",,0,0,2,0,0,0,0,0,0,"-","-","SACRAMENTO","SACRAMENTO","CA",0,0
"8076221",-121.5328631,38.6556651,2016,"3404","0","7","4","18",0,2,"A",,,,,,1200,6,"A","C","A","DEL PASO RD","RT 5",192,"W","N","2017-02-21",3404,"2016-06-26",1011,"8131","1","5","7","0","0",,"0","01A","-","Y","SAC",3,5,"-","-",28.959,"R","4","N","Y",2,"C","-",0,,"N","A","H","-","A","A","0","Y","-","-",0,0,2,0,0,0,0,0,0,"-","NF","SACRAMENTO","SACRAMENTO","CA",0,0
"8076215",0,0,2016,"3404","0","4","4","01",0,1,"A",,,,,"Y",1800,6,"C","C","A","NORTH 12TH ST","RICHARDS BL",41,"N","N","2016-07-11",3404,"2016-06-30",1509,"0300","3","5","7","0","0",,"0","03A","-","N",,0,0,,,0,,,,"Y",2,"A","-",23153,"A","F","A","H","-","A","A","0","Y","A","01",0,0,1,0,0,0,0,0,0,"-","-","SACRAMENTO","SACRAMENTO","CA",0,0
"8076212",-121.4427611,38.6156166,2016,"3404","0","3","3","12",0,2,"A",,,,,,900,6,"D","C","A","DEL PASO BL","ELEANOR AV",15,"S","N","2016-07-11",3404,"2016-06-15",848,"0469","SACRA","5","7","0","0",,"0","02B","-","N",,0,0,,,0,,,,"Y",2,"A","-",21453,"A","N","A","D","-","A","A","0","Y","D","22",0,1,1,0,0,0,0,0,0,"-","-","SACRAMENTO","SACRAMENTO","CA",0,0
"8075997",-121.457753,38.481375,2016,"3404","0","7","4","09",0,1,"A",,,,,,900,6,"D","C","A","MEADOWSTONE DR","CEDAR ROCK CIR",0,,"Y","2016-08-04",3404,"2016-06-19",617,"476",,"5","7","0","0",,"0","05B","-","N",,0,0,,,0,,,,"Y",2,"A","-",21800,"A","N","A","H","-","A","D","0","Y","A","01",0,0,1,0,0,0,0,0,0,"-","-","SACRAMENTO","SACRAMENTO","CA",0,0
"8075899",0,0,2016,"3450","0","3","3","03",0,2,"A",,,,,,300,6,"C","C","A","ELK GROVE BL","FIRE POPPY DR",1056,"W","N","2016-07-13",340,"2016-06-22",144,"10572","4102","5","5","0","0",,"0","004","-","N",,0,0,,,0,,,,"Y",2,"A","-",22350,,"N","A","H","-","C","D","0","Y","A","01",0,1,1,0,0,0,0,0,0,"-","-","ELK GROVE","SACRAMENTO","CA",0,0
"8075895",-121.387793,38.423505,2016,"3450","0","4","4","12",0,1,"A",,,,,"Y",2400,6,"D","C","A","BOND RD","ELK CREST DR",0,,"Y","2016-08-30",340,"2016-06-23",2330,"10433","5101","5","5","0","0",,"0","005","-","N",,0,0,,,0,,,,,2,"A","-",21453,"A","N","A","H","-","C","A","0","Y","A","01",0,0,1,0,0,0,0,0,0,"-","-","ELK GROVE","SACRAMENTO","CA",0,0
"8075891",-121.424743,38.4234751,2016,"3450","0","3","4","12",0,2,"A",,,,,,1800,6,"D","C","A","LAGUNA BL","DI LUSSO DR",0,,"Y","2016-07-13",340,"2016-06-22",1539,"10599","2304","5","5","0","0",,"0","002","-","N",,0,0,,,0,,,,"Y",2,"A","-",21453,"A","N","A","H","-","A","A","0","Y","A","01",0,0,2,0,0,0,0,0,0,"-","-","ELK GROVE","SACRAMENTO","CA",0,0
"8075887",0,0,2016,"3450","0","5","4","12",0,2,"A",,,,,,1800,6,"D","C","A","SHELDON RD","POWER INN RD",0,,"Y","2016-07-13",340,"2016-06-24",1552,"10599","3401","5","5","0","0",,"0","003","-","N",,0,0,,,0,,,,"Y",2,"A","-",21453,"A","N","A","H","-","A","A","0","Y","A","01",0,0,2,0,0,0,0,0,0,"-","-","ELK GROVE","SACRAMENTO","CA",0,0
"8075883",-121.448563,38.419695,2016,"3450","0","3","4","12",0,2,"A",,,,,,1800,6,"D","C","A","FRANKLIN BL","LAGUNA WOODS DR",0,,"Y","2016-07-13",340,"2016-06-22",1743,"10599","2302","5","5","0","0",,"0","1743","-","N",,0,0,,,0,,,,"Y",2,"A","-",21453,"A","N","A","H","-","A","A","0","Y","A","01",0,0,2,0,0,0,0,0,0,"-","-","ELK GROVE","SACRAMENTO","CA",0,0
"8075879",0,0,2016,"3450","0","3","4","12",0,1,"A",,,,,,1500,6,"D","C","A","BIG HORN BL","MONETTA DR",0,,"Y","2016-08-01",340,"2016-06-22",1354,"10068","2402","5","5","0","0",,"0","002","-","N",,0,0,,,0,,,,"N",2,"A","-",21453,"A","N","A","H","-","A","A","0","Y","-","-",0,0,1,0,0,0,0,0,0,"-","-","ELK GROVE","SACRAMENTO","CA",0,0
"8075875",-121.3899895,38.4235463,2016,"3450","0","1","4","01",0,3,"A",,,,,"Y",2100,6,"C","C","A","BOND RD","E STOCKTON BL",75,"E","N","2016-07-13",340,"2016-06-20",1940,"10540","5101","5","5","0","0",,"0","005","-","N",,0,0,,,0,,,,"N",2,"A","-",23152,"A","M","A","H","-","A","A","0","Y","A","01",0,0,3,0,0,0,0,0,0,"-","-","ELK GROVE","SACRAMENTO","CA",0,0
"8075871",-121.391855,38.4164969,2016,"3450","0","4","4","09",0,1,"A",,,,,,900,6,"D","C","A","E STOCKTON BL","BANFF VISTA DR",1114,"N","N","2016-07-13",340,"2016-06-16",855,"10641","5101","5","5","0","0",,"0","005","-","N",,0,0,,,0,,,,"N",2,"A","-",21801,"A","N","A","H","-","A","B","0","Y","A","01",0,0,1,0,0,0,0,0,0,"-","-","ELK GROVE","SACRAMENTO","CA",0,0
"8075866",-121.425973,38.430435,2016,"3450","0","4","4","12",0,3,"A",,,,,,2100,6,"D","C","A","BIG HORN BL","VICINO DR",0,,"Y","2016-07-11",340,"2016-06-23",2054,"10544","2106","5","5","0","0",,"0","002","-","N",,0,0,,,0,,,,"Y",2,"A","-",21453,"A","N","A","H","-","B","A","0","Y","A","01",0,0,3,0,0,0,0,0,0,"-","-","ELK GROVE","SACRAMENTO","CA",0,0
"8075862",-121.3347315,38.4435323,2016,"3450","0","4","4","03",0,1,"A",,,,,,1800,6,"C","C","A","BRADSHAW RD","CALVINE RD",3322,"S","N","2016-07-11",340,"2016-06-23",1735,"10599","3205","5","5","0","0",,"0","003","-","N",,0,0,,,0,,,,"Y",2,"A","-",22350,,"N","A","H","-","A","D","0","Y","D","22",0,0,1,0,0,0,0,0,0,"-","-","ELK GROVE","SACRAMENTO","CA",0,0
"8075807",-121.3830857,38.6372062,2016,"3404","0","4","4","03",0,1,"A",,,,,,1800,6,"C","C","A","WATT AV","AUBURN BL",15,"N","N","2016-07-07",3404,"2016-06-16",1633,"8187","2","5","7","0","0",,"0","00A","-","N",,0,0,,,0,,,,"Y",2,"A","-",22350,,"N","A","H","-","A","A","0","Y","A","01",0,0,1,0,0,0,0,0,0,"-","-","SACRAMENTO","SACRAMENTO","CA",0,0
"8075803",-121.5069204,38.4771081,2016,"3404","0","6","3","03",0,5,"A",,,,,,2400,6,"C","C","A","POCKET RD","RT 5",25,"W","N","2017-02-18",3404,"2016-06-18",2305,"0741","P4","5","7","0","0",,"0","04C","-","Y","SAC",3,5,"-","-",16.025,"R","4","S","Y",2,"A","-",22350,,"N","A","H","-","C","A","0","Y","A","01",0,1,4,0,0,0,0,0,0,"-","SO","SACRAMENTO","SACRAMENTO","CA",0,0
"8075757",-121.478202,38.4814419,2016,"3404","0","7","3","09",0,1,"A",,,,,,1800,6,"D","C","A","MEADOWVIEW RD","24TH ST",616,"E","N","2016-07-12",3404,"2016-06-26",1633,"8178","5","5","7","0","0",,"0","05A","-","N",,0,0,,,0,,,,"Y",2,"A","-",21801,"A","F","A","H","-","A","A","0","Y","A","01",0,1,0,0,0,0,0,0,0,"-","-","SACRAMENTO","SACRAMENTO","CA",0,0
"8075702",-121.4803431,38.484535,2016,"3404","0","6","4","09",0,1,"A",,,,,,2100,6,"D","C","A","24TH ST","CASA LINDA DR",0,,"Y","2016-07-12",3404,"2016-06-25",1819,"8202","5","5","7","0","0",,"0","05A","-","N",,0,0,,,0,,,,"N",2,"A","-",21801,"A","N","A","H","-","A","A","0","Y","A","01",0,0,1,0,0,0,0,0,0,"-","-","SACRAMENTO","SACRAMENTO","CA",0,0
"8075698",-121.4827632,38.4993847,2016,"3404","0","6","3","09",0,1,"A",,"Y",,,,1500,6,"B","G","A","24TH ST","57TH AV",22,"S","N","2016-07-12",3404,"2016-06-25",1230,"8202","4","5","7","0","0",,"0","04B","-","N",,0,0,,,0,,,,"N",2,"A","-",21800,"A","N","A","H","-","A","A","0","Y","A","07",0,1,0,0,0,0,1,0,0,"-","-","SACRAMENTO","SACRAMENTO","CA",0,0
"8075694",-121.4893931,38.5828651,2016,"3404","0","5","4","12",0,1,"A",,,,,,1200,6,"D","C","A","G ST","12TH ST",0,,"Y","2016-07-12",3404,"2016-06-24",1055,"8202","3","5","7","0","0",,"0","03A","-","N",,0,0,,,0,,,,"Y",3,"A","-",21453,"A","N","A","H","-","A","A","0","Y","A","01",0,0,1,0,0,0,0,0,0,"-","-","SACRAMENTO","SACRAMENTO","CA",0,0
"8075690",-121.4385976,38.6190007,2016,"3404","0","5","3","09",0,1,"A",,,,,,1200,6,"D","C","A","MARYSVILLE BL","DEL PASO BL",72,"N","N","2016-07-12",3404,"2016-06-24",1038,"8141","2","5","7","0","0",,"0","00B","-","N",,0,0,,,0,,,,"Y",2,"A","-",21801,"A","N","A","H","-","A","A","0","Y","A","01",0,1,0,0,0,0,0,0,0,"-","-","SACRAMENTO","SACRAMENTO","CA",0,0
"8075686",-121.4810931,38.580725,2016,"3404","0","4","4","09",0,1,"A",,,,,,2100,6,"D","C","A","G ST","18TH ST",0,,"Y","2016-07-12",3404,"2016-06-30",1822,"0794",,"5","7","0","0",,"0",,"-","N",,0,0,,,0,,,,"N",2,"A","-",21802,"A","N","A","H","-","A","A","0","Y","A","01",0,0,1,0,0,0,0,0,0,"-","-","SACRAMENTO","SACRAMENTO","CA",0,0
"8075682",-121.4461831,38.622145,2016,"3404","0","5","4","09",0,1,"A",,,,,,1800,6,"-","C","A","ACACIA AV","RIO LINDA BL",0,,"Y","2016-07-12",3404,"2016-06-24",1717,"8107","2","5","7","0","0",,"0","00B","-","N",,0,0,,,0,,,,"Y",2,"A","-",21801,"A","N","A","H","-","A","A","0","Y","I","11",0,0,1,0,0,0,0,0,0,"-","-","SACRAMENTO","SACRAMENTO","CA",0,0
"8074935",-121.2812031,38.705615,2016,"3496","0","3","4","03",0,1,"A",,,,,,1800,6,"C","C","A","ANTELOPE RD","MARIPOSA AV",0,,"Y","2016-07-06",3496,"2016-06-08",1603,"304",,"5","5","0","0",,"0",,"-","N",,0,0,,,0,,,,"Y",5,"A","-",22350,,"N","A","H","-","A","A","0","Y","A","01",0,0,1,0,0,0,0,0,0,"-","-","CITRUS HEIGHTS","SACRAMENTO","CA",0,0
"8074933",-121.2745148,38.7065694,2016,"3496","0","1","2","18",0,2,"A",,,,,,1200,6,"B","C","A","ANTELOPE RD","WATSON WY",445,"W","N","2016-07-06",3496,"2016-06-13",955,"134",,"5","5","0","0",,"0",,"-","N",,0,0,,,0,,,,"N",5,"C","-",0,,"N","A","H","-","A","D","0","Y","-","-",1,1,0,0,0,0,0,0,0,"-","-","CITRUS HEIGHTS","SACRAMENTO","CA",0,0
"8074934",-121.3139557,38.6781756,2016,"3496","0","6","4","03",0,1,"A",,,,,,1800,6,"C","C","A","GREENBACK LN","OAKSIDE DR",5,"E","N","2016-07-06",3496,"2016-06-11",1711,"136","3496","5","5","0","0",,"0","003","-","N",,0,0,,,0,,,,"Y",2,"A","-",22350,,"N","A","H","-","A","D","0","Y","A","01",0,0,1,0,0,0,0,0,0,"-","-","CITRUS HEIGHTS","SACRAMENTO","CA",0,0
"8074932",-121.2924155,38.6739548,2016,"3496","0","3","4","08",0,2,"A",,,,,,1200,6,"D","C","A","SAN JUAN AV","NORTHLEA WY",80,"N","N","2016-07-06",3496,"2016-06-22",1055,"394",,"5","5","0","0",,"0","003","-","N",,0,0,,,0,,,,"Y",2,"A","-",22102,,"N","A","H","-","A","D","0","Y","A","01",0,0,2,0,0,0,0,0,0,"-","-","CITRUS HEIGHTS","SACRAMENTO","CA",0,0
"8074931",-121.2903931,38.7066051,2016,"3496","0","7","4","12",0,1,"A",,,,,,300,6,"D","C","A","ANTELOPE RD","AUBURN BL",0,,"Y","2016-08-30",3496,"2016-06-12",17,"403",,"5","5","0","0",,"0","001","-","N",,0,0,,,0,,,,"N",2,"A","-",21453,"A","N","A","H","-","C","A","0","Y","-","-",0,0,1,0,0,0,0,0,0,"-","-","CITRUS HEIGHTS","SACRAMENTO","CA",0,0
"8074846",-121.1456831,38.658235,2016,"3401","0","5","3","09",0,1,"A",,"Y",,,,1500,6,"D","G","A","RILEY ST","MCADOO DR",0,,"Y","2016-07-06",3401,"2016-06-17",1350,"227","3401","5","5","0","0",,"0","004","-","N",,0,0,,,0,,,,"N",2,"A","-",21802,"A","N","A","H","-","A","D","0","Y","A","01",0,1,0,0,0,0,1,0,0,"-","-","FOLSOM","SACRAMENTO","CA",-121.14559,38.65817
"8074847",-121.1639708,38.6724378,2016,"3401","0","6","4","00",0,1,"A",,,,,,1500,6,"B","C","A","GLENN DR","BIDWELL ST",150,"W","N","2016-07-06",3401,"2016-06-18",1445,"177","0340","5","5","0","0",,"0","002","-","N",,0,0,,,0,,,,"N",2,"D","-",0,,"N","A","H","-","A","A","0","Y","-","-",0,0,1,0,0,0,0,0,0,"-","-","FOLSOM","SACRAMENTO","CA",0,0
"8074771",-121.3152131,38.6794851,2016,"3496","0","7","3","08",0,1,"A",,,,,,1200,5,"B","C","A","CAVAN DR","BREMEN DR",0,,"Y","2016-07-07",3496,"2016-05-08",959,"392","3493","5","5","0","0",,"0","003","-","N",,0,0,,,0,,,,"Y",3,"A","-",22107,,"N","A","H","-","A","D","0","Y","A","01",0,1,0,0,0,0,0,0,0,"-","-","CITRUS HEIGHTS","SACRAMENTO","CA",0,0
"8074770",-121.3140449,38.7073321,2016,"3496","0","3","4","03",0,1,"A",,,,,,1800,5,"C","C","A","ANTELOPE RD","LICHEN DR",166,"W","N","2016-07-07",3496,"2016-05-18",1712,"410",,"5","5","0","0",,"0","001","-","N",,0,0,,,0,,,,"N",2,"A","-",22350,,"F","A","H","-","A","A","0","Y","A","01",0,0,1,0,0,0,0,0,0,"-","-","CITRUS HEIGHTS","SACRAMENTO","CA",0,0
"8074604",-121.4643031,38.611145,2016,"3404","0","4","4","03",0,1,"A",,,,,,1800,6,"C","C","A","EL CAMINO AV","COLFAX ST",0,,"Y","2016-08-03",3404,"2016-06-23",1615,"0432",,"5","7","0","0",,"0",,"-","N",,0,0,,,0,,,,"Y",2,"A","-",22350,,"N","A","H","-","A","A","0","Y","-","-",0,0,1,0,0,0,0,0,0,"-","-","SACRAMENTO","SACRAMENTO","CA",0,0
"8074566",0,0,2016,"3404","0","1","3","03",0,1,"A",,,"Y",,"Y",1500,6,"-","C","A","GATEWAY PARK BL","TRUXEL RD",230,"W","N","2016-07-06",3404,"2016-06-20",1203,"8131","1","5","7","0","0",,"0","01A","-","N",,0,0,,,0,,,,"N",2,"A","-",22350,,"N","A","H","-","A","A","0","Y","C","02",0,1,0,0,0,0,0,0,1,"-","-","SACRAMENTO","SACRAMENTO","CA",0,0
"8074565",-121.4210631,38.478905,2016,"3404","0","3","3","09",0,1,"A",,,"Y",,,1200,6,"D","C","A","STOCKTON BL","MASSIE CT",0,,"Y","2016-07-06",3404,"2016-06-22",1048,"8141","5C","5","7","0","0",,"0",,"-","N",,0,0,,,0,,,,"N",2,"A","-",21801,"A","N","A","H","-","A","A","0","Y","C","02",0,1,0,0,0,0,0,0,1,"-","-","SACRAMENTO","SACRAMENTO","CA",0,0
"8074563",0,0,2016,"3404","0","2","4","03",0,1,"A",,,,,,900,6,"C","C","A","DEL PASO RD","PARK PLACE SOUTH DR",51,"E","N","2016-07-06",3404,"2016-06-28",859,"8141","1","5","7","0","0",,"0","00A","-","N",,0,0,,,0,,,,"N",3,"A","-",22350,,"N","A","H","-","A","A","0","Y","A","01",0,0,1,0,0,0,0,0,0,"-","-","SACRAMENTO","SACRAMENTO","CA",0,0
"8074564",-121.4920534,38.5836169,2016,"3404","0","3","4","08",0,2,"A",,,,,,1500,6,"B","C","A","G ST","10TH ST",9,"E","N","2016-07-06",3404,"2016-06-22",1343,"8141","3","5","7","0","0",,"0","00A","-","N",,0,0,,,0,,,,"N",2,"A","-",22107,,"N","A","H","-","A","A","0","Y","A","01",0,0,2,0,0,0,0,0,0,"-","-","SACRAMENTO","SACRAMENTO","CA",0,0
"8074562",0,0,2016,"3404","0","2","3","01",0,2,"A","Y",,,,"Y",2400,6,"G","B","F","SOUTH LAND PARK DR","S LAND PARK DR 5930",0,"S","N","2016-07-06",3404,"2016-06-28",2223,"615","4","5","7","0","0",,"0","00C","-","N",,0,0,,,0,,,,"N",3,"A","-",23153,,"F","A","H","-","C","D","0","Y","A","01",0,1,1,0,2,0,0,0,0,"-","-","SACRAMENTO","SACRAMENTO","CA",0,0
"8074561",-121.4980931,38.551995,2016,"3404","0","4","3","09",0,1,"A",,"Y",,,"Y",1800,6,"D","G","A","LAND PARK DR","ROBERTSON WY",0,,"Y","2016-07-06",3404,"2016-06-23",1724,"939","4","5","7","0","0",,"0","04A","-","N",,0,0,,,0,,,,"N",2,"A","-",21801,"A","N","A","H","-","A","D","0","Y","A","07",0,1,0,0,0,0,1,0,0,"-","-","SACRAMENTO","SACRAMENTO","CA",0,0
"8073705",-121.4462928,38.4342168,2016,"3450","0","1","4","03",0,1,"A",,,,,"Y",900,6,"C","C","A","BIG HORN BL","FRANKLIN BL",30,"N","N","2016-07-11",340,"2016-06-20",801,"10085","2101","5","5","0","0",,"0","002","-","N",,0,0,,,0,,,,"N",2,"A","-",22350,,"F","A","H","-","A","A","0","Y","A","01",0,0,1,0,0,0,0,0,0,"-","-","ELK GROVE","SACRAMENTO","CA",0,0
"8073697",0,0,2016,"3450","0","3","3","09",0,1,"A",,,,,,1500,6,"D","C","A","E STOCKTON BL","UTILITY POLE 37979",248,"S","N","2016-07-11",340,"2016-06-29",1214,"10068","3403","5","5","0","0",,"0","003","-","N",,0,0,,,0,,,,"N",2,"A","-",21804,"A","N","A","H","-","A","D","0","Y","A","01",0,1,0,0,0,0,0,0,0,"-","-","ELK GROVE","SACRAMENTO","CA",0,0
"8073424",-121.404653,38.450955,2016,"3450","0","4","4","01",0,3,"A",,,,,"Y",2400,6,"D","D","A","POWER INN RD","ORCHARD PARK DR",0,,"Y","2016-07-11",340,"2016-06-23",2329,"10623","3102","5","5","0","0",,"0","003","-","N",,0,0,,,0,,,,"Y",2,"A","-",23152,"A","N","A","H","-","C","A","0","Y","D","22",0,0,3,0,0,0,0,0,0,"-","-","ELK GROVE","SACRAMENTO","CA",0,0
"8073420",-121.3586997,38.3732565,2016,"3450","0","3","4","09",0,1,"A",,,"Y",,,1800,6,"D","C","A","GRANT LINE RD","RT 99",0,,"Y","2017-02-18",340,"2016-06-29",1643,"10599","4410","5","5","0","0",,"0","004","-","Y","SAC",3,99,"-","-",9.832,"R","4","N","Y",2,"A","-",21800,"A","N","A","H","-","A","A","0","Y","-",,0,0,1,0,0,0,0,0,1,"-","-","ELK GROVE","SACRAMENTO","CA",0,0
"8073327",0,0,2016,"3401","0","7","4","00",0,1,"A",,,,,,2400,5,"D","C","A","FOLSOM-AUBURN RD","OAK AVENUE PKWY",0,,"Y","2016-07-11",3401,"2016-05-15",2113,"233",,"5","5","0","0",,"0",,"-","N",,0,0,,,0,,,,"N",2,"D","-",0,,"N","A","H","-","D","A","0","Y","-","-",0,0,1,0,0,0,0,0,0,"-","-","FOLSOM","SACRAMENTO","CA",-121.17492,38.69074
"8073294",-121.298363,38.678285,2016,"3496","0","4","3","05",0,1,"A",,"Y",,,,2100,6,"-","G","A","PEORIA DR","GREENBACK LN",0,,"Y","2016-08-30",3496,"2016-06-02",2016,"403",,"5","5","0","0",,"0","003","-","N",,0,0,,,0,,,,"N",2,"A","-",21650,"1","N","A","H","-","A","A","0","Y","L","04",0,1,0,0,0,0,1,0,0,"-","-","CITRUS HEIGHTS","SACRAMENTO","CA",0,0
"8073222",-121.4285517,38.566415,2016,"3404","0","1","4","12",0,1,"A","Y",,,,,900,6,"A","B","B","J ST","CARLSON DR",34,"W","N","2016-07-19",3404,"2016-06-27",733,"8131","6","5","7","0","0",,"0","06E","-","N",,0,0,,,0,,,,"N",2,"A","-",21453,"A","N","A","H","-","A","A","0","Y","D","22",0,0,1,0,1,0,0,0,0,"-","-","SACRAMENTO","SACRAMENTO","CA",0,0
"8072796",-121.4852539,38.5707408,2016,"3404","0","5","4","03",0,1,"A",,,,,,1500,6,"C","C","A","P ST","18TH ST",51,"E","N","2016-07-01",3404,"2016-06-24",1456,"433","3B","5","7","0","0",,"0",,"-","N",,0,0,,,0,,,,"N",3,"A","-",22350,,"N","A","H","-","-","A","0","Y","D","22",0,0,1,0,0,0,0,0,0,"-","-","SACRAMENTO","SACRAMENTO","CA",0,0
"8072706",-121.5103331,38.6112951,2016,"3404","0","4","4","03",0,1,"A",,,,,,1800,6,"C","C","A","WEST EL CAMINO AV","RT 5",45,"E","N","2017-02-18",3404,"2016-06-16",1746,"779","1","5","7","0","0",,"0","00B","-","Y","SAC",3,5,"-","-",25.777,"R","4","N","Y",2,"A","-",22350,,"N","A","H","-","A","D","0","Y","A","07",0,0,1,0,0,0,0,0,0,"-","-","SACRAMENTO","SACRAMENTO","CA",0,0
"8072705",-121.4836631,38.6398751,2016,"3404","0","6","4","12",0,1,"A",,,,,,1200,6,"D","C","A","NORTHGATE BL","RT 80",0,,"Y","2017-02-11",3404,"2016-06-18",1059,"937","1","5","7","0","0",,"0","00C","-","Y","SAC",3,80,"-","M",4.797,"R","4","E","Y",2,"A","-",21453,"A","N","A","H","-","A","A","0","Y","-","-",0,0,1,0,0,0,0,0,0,"-","EF","SACRAMENTO","SACRAMENTO","CA",0,0
"8072629",-121.4276231,38.525135,2016,"3404","0","1","4","12",0,2,"A",,,,,,2400,6,"D","C","A","65TH ST EXPWY","FRUITRIDGE RD",0,,"Y","2016-06-29",3404,"2016-06-13",2327,"948","6","5","7","0","0",,"0","06C","-","N",,0,0,,,0,,,,"Y",2,"A","-",21453,"A","N","A","H","-","C","A","0","Y","A","01",0,0,2,0,0,0,0,0,0,"-","-","SACRAMENTO","SACRAMENTO","CA",0,0
"8072628",0,0,2016,"3404","0","5","4","03",0,1,"A",,,,,,1800,6,"C","C","A","FRANKLIN BL","CREEKS EDGE WAY",86,"N","N","2016-06-29",3404,"2016-06-17",1506,"8202","5","5","7","0","0",,"0","05B","-","N",,0,0,,,0,,,,"N",3,"A","-",22350,,"N","A","H","-","A","D","0","Y","A","07",0,0,1,0,0,0,0,0,0,"-","-","SACRAMENTO","SACRAMENTO","CA",0,0
"8072627",0,0,2016,"3404","0","7","4","07",0,1,"A",,,,,"Y",1500,6,"-","C","A","E COMMERCE WY","ADVANTAGE WY",33,"S","N","2016-06-29",3404,"2016-06-19",1354,"8131","1","5","7","0","0",,"0","01A","-","N",,0,0,,,0,,,,"N",2,"A","-",21658,"A","N","A","H","-","A","A","0","Y","A","01",0,0,1,0,0,0,0,0,0,"-","-","SACRAMENTO","SACRAMENTO","CA",0,0
"8072626",-121.4562564,38.5707092,2016,"3404","0","3","4","21",0,1,"A","Y",,,,,1200,6,"G","B","F","38TH ST","J ST",114,"N","N","2016-06-29",3404,"2016-06-22",1046,"0820","SACRA","5","7","0","0",,"0","06D","-","N",,0,0,,,0,,,,"N",2,"A","-",22106,,"N","A","H","-","A","D","0","Y","A","01",0,0,1,0,1,0,0,0,0,"-","-","SACRAMENTO","SACRAMENTO","CA",0,0
"8072625",-121.465973,38.571065,2016,"3404","0","5","4","10",0,1,"A","Y",,,,,2100,6,"G","B","B","GRANADA WY","ALHAMBRA BL",0,,"Y","2016-06-29",3404,"2016-06-24",1917,"899","6","5","7","0","0",,"0","00D","-","N",,0,0,,,0,,,,"N",2,"A","-",21950,"A","F","A","H","-","A","A","0","Y","A","01",0,0,1,0,1,0,0,0,0,"-","-","SACRAMENTO","SACRAMENTO","CA",0,0
"8072624",-121.4462031,38.611145,2016,"3404","0","7","1","11",1,0,"A",,"Y",,,,2100,6,"B","G","A","EL CAMINO AV","BOXWOOD ST",0,,"Y","2016-07-26",3404,"2016-06-26",2038,"671",,"5","7","0","0",,"0",,"-","N",,0,0,,,0,,,,"N",2,"A","-",21950,"B","N","A","H","-","C","D","0","Y","L","04",0,0,0,0,0,1,0,0,0,"-","-","SACRAMENTO","SACRAMENTO","CA",0,0
"8072562",-121.4487831,38.616595,2016,"3404","0","7","4","03",0,1,"A",,"Y",,,,2400,6,"B","G","A","ELEANOR AV","TRACTION AV",0,,"Y","2016-07-01",3404,"2016-06-05",2107,"671","2","5","7","0","0",,"0","00B","-","N",,0,0,,,0,,,,"N",2,"A","-",22350,,"F","A","H","-","C","D","0","Y","D","23",0,0,1,0,0,0,1,0,0,"-","-","SACRAMENTO","SACRAMENTO","CA",0,0
"8070168",-121.2831391,38.6782118,2016,"3496","0","6","4","03",0,1,"A",,,,,,1500,6,"C","C","A","GREENBACK LN","BURICH AV",216,"W","N","2016-07-05",3496,"2016-06-18",1417,"347",,"5","5","0","0",,"0","002","-","N",,0,0,,,0,,,,"N",4,"A","-",22350,,"N","A","H","-","A","D","0","Y","A","01",0,0,1,0,0,0,0,0,0,"-","-","CITRUS HEIGHTS","SACRAMENTO","CA",0,0