"CASEID","POINT_X","POINT_Y","YEAR_","LOCATION","CHPTYPE","DAYWEEK","CRASHSEV","VIOLCAT","KILLED","INJURED","WEATHER1","PEDCOL","BICCOL","MCCOL","TRUCKCOL","ETOH","TIMECAT","MONTH_","CRASHTYP","INVOLVE","PED","PRIMARYRD","SECONDRD","DISTANCE","DIRECT","INTERSECT_","PROCDATE","JURIS","DATE_","TIME_","BADGE","JURIDIST","SHIFT","POP","SPECIAL","BEATTYPE","LAPDDIV","BEATCLAS","BEATNUMB","WEATHER2","STATEHW","CALTRANC","CALTRAND","STROUTE","ROUTESUF","POSTPRE","POSTMILE","LOCATYPE","RAMP","SIDEHW","TOWAWAY","PARTIES","PCF","VIOLCODE","VIOL","VIOLSUB","HITRUN","ROADSURF","RDCOND1","RDCOND2","LIGHTING","RIGHTWAY","CHPRDTYP","NOTPRIV","STFAULT","CHPFAULT","SEVINJ","OTHERINJ","COP","PEDKILL","PEDINJ","BICKILL","BICINJ","MCKILL","MCINJURE","RAMP1","RAMP2","CITY","COUNTY","STATE","X_CHP","Y_CHP"
"8067292",-121.4237274,38.623631,2016,"3404","0","2","4","04",0,1,"A",,,,,,1500,6,"C","C","A","ARCADE BL","KENWOOD ST",708,"E","N","2016-07-01",3404,"2016-06-14",1449,"0736","2C","5","7","0","0",,"0",,"-","N",,0,0,,,0,,,,"Y",2,"A","-",21703,,"N","A","H","-","A","D","0","Y","-",,0,0,1,0,0,0,0,0,0,"-","-","SACRAMENTO","SACRAMENTO","CA",0,0
"8067288",-121.4302031,38.634695,2016,"3404","0","4","3","06",0,1,"A","Y",,,,,2400,6,"G","B","B","MARYSVILLE BL","ROANOKE AV",0,,"Y","2016-07-01",3404,"2016-06-23",2109,"0211",,"5","7","0","0",,"0",,"-","N",,0,0,,,0,,,,"N",2,"A","-",21951,,"N","A","-","-","D","D","0","Y","A","01",0,1,0,0,1,0,0,0,0,"-","-","SACRAMENTO","SACRAMENTO","CA",0,0
"8067284",-121.4161631,38.5341451,2016,"3404","0","4","3","09",0,2,"A",,,,,,1200,6,"D","C","A","MARIN AV","76TH ST",0,,"Y","2016-07-01",3404,"2016-06-23",1028,"8198","6","5","7","0","0",,"0","06C","-","N",,0,0,,,0,,,,"Y",2,"A","-",21800,"A","N","A","H","-","A","A","0","Y","A","01",0,1,1,0,0,0,0,0,0,"-","-","SACRAMENTO","SACRAMENTO","CA",0,0
"8067132",-121.4855429,38.5842806,2016,"3404","0","3","3","10",0,1,"A","Y",,,"Y",,1200,6,"G","B","C","E ST","14TH ST",6,"W","N","2016-07-05",3404,"2016-06-22",939,"8198","3","5","7","0","0",,"0","03A","-","N",,0,0,,,0,,,,"N",2,"A","-",21950,"A","N","A","H","-","A","D","0","Y","F","26",0,1,0,0,1,0,0,0,0,"-","-","SACRAMENTO","SACRAMENTO","CA",0,0
"8066458",-121.1822097,38.6931754,2016,"3401","0","4","3","03",0,1,"A","Y",,,,,1200,6,"G","B","E","BALDWIN DAM RD","SIMMONS WY",113,"N","N","2016-06-22",3401,"2016-06-02",922,"227","CA034","5","5","0","0",,"0","001","-","N",,0,0,,,0,,,,"N",2,"A","-",22350,,"N","A","H","-","A","D","0","Y","A","01",0,1,0,0,1,0,0,0,0,"-","-","FOLSOM","SACRAMENTO","CA",0,0
"8066437",-121.4522765,38.4743973,2016,"3404","0","6","4","03",0,1,"A",,,,,,1200,6,"C","C","A","MACK RD","FRANKLIN BL",522,"W","N","2016-06-23",3404,"2016-06-04",1042,"8202","5","5","7","0","0",,"0","05B","-","N",,0,0,,,0,,,,"N",2,"A","-",22350,,"N","A","H","-","A","D","0","Y","A","01",0,0,1,0,0,0,0,0,0,"-","-","SACRAMENTO","SACRAMENTO","CA",0,0
"8066433",-121.493333,38.563035,2016,"3404","0","5","4","12",0,1,"A",,,,,,1500,6,"D","C","A","X ST","15TH ST",0,,"Y","2016-06-23",3404,"2016-06-10",1420,"8202","4","5","7","0","0",,"0","04A","-","N",,0,0,,,0,,,,"N",2,"A","-",21453,"A","N","A","H","-","A","A","0","Y","A","01",0,0,1,0,0,0,0,0,0,"-","-","SACRAMENTO","SACRAMENTO","CA",0,0
"8066429",-121.4204801,38.6204135,2016,"3404","0","3","4","08",0,1,"A",,,,,,1800,6,"D","C","A","MARCONI AV","CONNIE DR",78,"E","N","2016-06-23",3404,"2016-06-08",1611,"230","2C","5","7","0","0",,"0",,"-","N",,0,0,,,0,,,,"Y",2,"A","-",22107,,"N","A","H","-","A","A","0","Y","-","-",0,0,1,0,0,0,0,0,0,"-","-","SACRAMENTO","SACRAMENTO","CA",0,0
"8066425",-121.4917095,38.4814239,2016,"3404","0","7","4","09",0,3,"A",,,,,,2100,6,"D","C","A","MEADOWVIEW RD","MANORSIDE DR",19,"W","N","2016-06-29",3404,"2016-06-05",1848,"473","SECTO","5","7","0","0",,"0","05A","-","N",,0,0,,,0,,,,"Y",2,"A","-",21804,,"N","A","H","-","A","D","0","Y","A","01",0,0,3,0,0,0,0,0,0,"-","-","SACRAMENTO","SACRAMENTO","CA",0,0
"8066421",-121.4094539,38.5563086,2016,"3404","0","2","4","03",0,1,"A",,,,,,1500,6,"C","C","A","HOWE AV","COLLEGE TOWN DR",300,"N","N","2016-06-23",3404,"2016-06-14",1204,"3644","6","5","7","0","0",,"0","00E","-","N",,0,0,,,0,,,,"N",3,"A","-",22350,,"N","A","-","-","A","A","0","Y","A","01",0,0,1,0,0,0,0,0,0,"-","-","SACRAMENTO","SACRAMENTO","CA",0,0
"8066417",-121.4874231,38.579905,2016,"3404","0","3","4","22",0,1,"A","Y",,,,,1800,6,"G","B","F","14TH ST","I ST",0,,"Y","2016-06-23",3404,"2016-06-15",1524,"408","SACRA","5","7","0","0",,"0","03M","-","N",,0,0,,,0,,,,"N",3,"B","-",0,,"N","B","H","-","A","D","0","Y","A","01",0,0,1,0,1,0,0,0,0,"-","-","SACRAMENTO","SACRAMENTO","CA",0,0
"8066413",-121.498523,38.563215,2016,"3404","0","6","4","12",0,2,"A",,,,,,1500,6,"D","C","A","BROADWAY","RIVERSIDE BL",0,,"Y","2016-06-23",3404,"2016-06-04",1433,"0926","4","5","7","0","0",,"0","04A","-","N",,0,0,,,0,,,,"Y",2,"A","-",21453,"A","N","A","H","-","A","A","0","Y","A","01",0,0,2,0,0,0,0,0,0,"-","-","SACRAMENTO","SACRAMENTO","CA",0,0
"8066409",-121.5198623,38.4954845,2016,"3404","0","5","4","03",0,1,"A",,,,,,1800,6,"C","C","A","FLORIN RD","GREENHAVEN DR",1100,"E","N","2016-06-23",3404,"2016-06-03",1535,"8202","4","5","7","0","0",,"0","04C","-","N",,0,0,,,0,,,,"Y",4,"A","-",22350,,"N","A","H","-","A","D","0","Y","A","08",0,0,1,0,0,0,0,0,0,"-","-","SACRAMENTO","SACRAMENTO","CA",0,0
"8066405",-121.3873031,38.561505,2016,"3404","0","6","3","09",0,1,"A",,,"Y",,,1800,6,"D","C","A","LA RIVIERA DR","MOORBROOK WY",0,,"Y","2016-06-23",3404,"2016-06-11",1533,"8202","6","5","7","0","0",,"0","06E","-","N",,0,0,,,0,,,,"N",2,"A","-",21800,"A","N","A","H","-","A","A","0","Y","A","01",0,1,0,0,0,0,0,0,1,"-","-","SACRAMENTO","SACRAMENTO","CA",0,0
"8066401",-121.4582431,38.5603351,2016,"3404","0","5","4","08",0,1,"A",,,,,,2400,6,"D","C","A","STOCKTON BL","RT 50",0,,"Y","2017-02-18",3404,"2016-06-10",2211,"667","6","5","7","0","0",,"0","06B","-","Y","SAC",3,50,"-","R",0.711,"R","4","E","Y",2,"A","-",22107,,"N","A","H","-","C","D","0","Y","-","-",0,0,1,0,0,0,0,0,0,"-","-","SACRAMENTO","SACRAMENTO","CA",0,0
"8066392",0,0,2016,"3404","0","6","2","08",0,1,"A",,,,,,2100,6,"E","I","A","12TH AV","RIVERSIDE BL",20,"E","N","2016-06-23",3404,"2016-06-11",1958,"958","4","5","7","0","0",,"0","00A","-","N",,0,0,,,0,,,,"Y",1,"A","-",22107,,"N","A","H","-","B","A","0","Y","A","01",1,0,0,0,0,0,0,0,0,"-","-","SACRAMENTO","SACRAMENTO","CA",0,0
"8066388",-121.4925831,38.571455,2016,"3404","0","6","4","09",0,2,"A",,,,,,1800,6,"D","C","A","Q ST","13TH ST",0,,"Y","2016-06-23",3404,"2016-06-11",1755,"8202","3","5","7","0","0",,"0","03A","-","N",,0,0,,,0,,,,"Y",2,"A","-",21800,"A","N","A","H","-","A","A","0","Y","A","01",0,0,2,0,0,0,0,0,0,"-","-","SACRAMENTO","SACRAMENTO","CA",0,0
"8066211",-121.1378054,38.6919381,2016,"3401","0","4","4","03",0,1,"A",,,,,,2100,6,"C","C","A","EAST NATOMA ST","BRIGGS RANCH DR",1056,"E","N","2016-06-23",3401,"2016-06-09",1803,"195","CA034","5","5","0","0",,"0","003","-","N",,0,0,,,0,,,,"Y",2,"A","-",22350,,"N","A","H","-","A","D","0","Y","A","01",0,0,1,0,0,0,0,0,0,"-","-","FOLSOM","SACRAMENTO","CA",0,0
"8065440",-121.314173,38.251435,2016,"3402","0","3","2","03",0,4,"E",,,,,,900,3,"A","C","A","W C ST","S EMERALD OAK DR",0,,"Y","2016-06-20",3402,"2016-03-02",749,"207","6","5","3","0","0",,"0","001","-","N",,0,0,,,0,,,,"N",2,"A","-",22350,,"N","A","H","-","B","D","0","Y","A","07",1,0,3,0,0,0,0,0,0,"-","-","GALT","SACRAMENTO","CA",-121.31413,38.25146
"8065420",-121.3163731,38.2514287,2016,"3402","0","5","4","08",0,1,"A",,,,,,1800,3,"D","C","A","W C ST","RANGE WY",201,"E","N","2016-06-20",3402,"2016-03-18",1617,"207","6","5","3","0","0",,"0","001","-","N",,0,0,,,0,,,,"N",2,"A","-",22107,,"N","A","H","-","A","D","0","Y","A","01",0,0,1,0,0,0,0,0,0,"-","-","GALT","SACRAMENTO","CA",-121.31593,38.25122
"8065416",-121.300443,38.262035,2016,"3402","0","5","4","12",0,1,"C",,,,,,1500,3,"D","C","A","ELM AV","LINCOLN WY",0,,"Y","2016-06-20",3402,"2016-03-04",1257,"207","22","5","3","0","0",,"0","001","-","N",,0,0,,,0,,,,"Y",2,"A","-",22450,"A","N","B","H","-","A","D","0","Y","A","01",0,0,1,0,0,0,0,0,0,"-","-","GALT","SACRAMENTO","CA",-121.30042,38.26208
"8065417",-121.4655198,38.4960594,2016,"3404","0","3","3","03",0,4,"A",,,,,,2100,6,"C","C","A","FLORIN RD","LUTHER DR",42,"W","N","2016-06-21",3404,"2016-06-08",1815,"8178","5","5","7","0","0",,"0","05B","-","N",,0,0,,,0,,,,"Y",3,"A","-",22350,,"N","A","H","-","A","A","0","Y","A","01",0,1,3,0,0,0,0,0,0,"-","-","SACRAMENTO","SACRAMENTO","CA",0,0
"8065413",-121.4394624,38.4788573,2016,"3404","0","3","4","03",0,1,"A",,,,,,600,6,"A","I","A","CENTER PKWY","FITZWILLIAM",175,"N","N","2016-06-21",3404,"2016-06-08",523,"825","5","5","7","0","0",,"0","05C","-","N",,0,0,,,0,,,,"Y",1,"A","-",22350,,"N","A","H","-","B","D","0","Y","A","01",0,0,1,0,0,0,0,0,0,"-","-","SACRAMENTO","SACRAMENTO","CA",0,0
"8065412",-121.294003,38.251205,2016,"3402","0","3","3","12",0,1,"A",,"Y",,,,1200,3,"D","G","A","PINE ST","CAROLINE AV",0,,"Y","2016-06-20",3402,"2016-03-02",1000,"109","47","5","3","0","0",,"0","002","-","N",,0,0,,,0,,,,"N",2,"A","-",22450,,"N","A","H","-","A","A","0","Y","A","07",0,1,0,0,0,0,1,0,0,"-","-","GALT","SACRAMENTO","CA",-121.29396,38.25122
"8065411",-121.3362639,38.556841,2016,"3490","0","4","4","17",0,1,"A","Y",,,,,2100,2,"G","B","B","BRADSHAW RD","OLD PLACERVILLE RD",24,"N","N","2016-06-21",3400,"2016-02-11",1902,"03CSO","RC","5","5","0","0",,"0","005","-","N",,0,0,,,0,,,,"N",2,"A","-",21451,"A","N","A","H","-","C","A","0","Y","A","01",0,0,1,0,1,0,0,0,0,"-","-","RANCHO CORDOVA","SACRAMENTO","CA",-121.3361,38.55667
"8065401",-121.4658456,38.5603477,2016,"3404","0","1","3","00",0,1,"A",,"Y",,,,1800,6,"B","G","A","T ST","34TH ST",171,"E","N","2016-06-21",3404,"2016-06-13",1610,"927","6","5","7","0","0",,"0","00D","-","N",,0,0,,,0,,,,"N",2,"A","-",21760,"C","N","A","H","-","A","D","0","Y","A","01",0,1,0,0,0,0,1,0,0,"-","-","SACRAMENTO","SACRAMENTO","CA",0,0
"8065397",-121.4856431,38.5806751,2016,"3404","0","1","2","12",0,1,"A",,,"Y",,,1200,6,"D","C","A","15TH ST","H ST",0,,"Y","2016-06-21",3404,"2016-06-13",942,"899","3","5","7","0","0",,"0","00A","-","N",,0,0,,,0,,,,"Y",2,"A","-",21453,"A","N","A","H","-","A","A","0","Y","A","01",1,0,0,0,0,0,0,0,1,"-","-","SACRAMENTO","SACRAMENTO","CA",0,0
"8065393",-121.477906,38.4958651,2016,"3404","0","6","2","11",0,1,"A","Y",,,,,2400,6,"G","B","E","FLORIN RD","LOMA VERDE WY",390,"W","N","2016-06-20",3404,"2016-06-11",2252,"878","5","5","7","0","0",,"0","00A","-","N",,0,0,,,0,,,,"N",2,"A","-",21956,,"N","A","H","-","C","D","0","Y","N","60",1,0,0,0,1,0,0,0,0,"-","-","SACRAMENTO","SACRAMENTO","CA",0,0
"8065389",-121.4211531,38.5323951,2016,"3404","0","5","4","09",0,1,"A",,,,,,1800,6,"F","C","A","21ST AV","71ST ST",0,,"Y","2016-06-20",3404,"2016-06-10",1717,"0330","P6","5","7","0","0",,"0","06C","-","N",,0,0,,,0,,,,"Y",2,"A","-",21802,,"N","A","H","-","A","A","0","Y","A","07",0,0,1,0,0,0,0,0,0,"-","-","SACRAMENTO","SACRAMENTO","CA",0,0
"8065385",-121.4944831,38.6370851,2016,"3404","0","3","2","08",0,1,"A",,"Y",,,,2100,6,"C","G","A","TRUXEL RD","RT 80",19,"N","N","2017-02-11",3404,"2016-06-08",1830,"639","SACRA","5","7","0","0",,"0","01A","-","Y","SAC",3,80,"-","M",3.891,"R","4","W","N",2,"A","-",22107,,"N","A","H","-","A","A","0","Y","L","04",1,0,0,0,0,0,1,0,0,"-","WF","SACRAMENTO","SACRAMENTO","CA",0,0
"8065099",-121.3716914,38.5252522,2016,"3404","0","1","4","03",0,1,"A",,,,,,900,6,"-","C","A","FRUITRIDGE RD","SOUTH WATT AV",420,"W","N","2016-06-20",3404,"2016-06-13",659,"395",,"5","7","0","0",,"0","06C","-","N",,0,0,,,0,,,,"N",2,"A","-",22350,,"N","A","H","-","A","D","0","Y","D","22",0,0,1,0,0,0,0,0,0,"-","-","SACRAMENTO","SACRAMENTO","CA",0,0
"8065043",-121.469433,38.566485,2016,"3404","0","7","3","12",0,1,"A",,,,,,1500,6,"D","C","A","30TH ST","P ST",0,,"Y","2016-06-20",3404,"2016-06-12",1445,"927","6","5","7","0","0",,"0","00D","-","N",,0,0,,,0,,,,"Y",2,"A","-",21453,"A","N","A","H","-","A","A","0","Y","A","07",0,1,0,0,0,0,0,0,0,"-","-","SACRAMENTO","SACRAMENTO","CA",0,0
"8063983",-121.459773,38.4245451,2016,"3450","0","4","4","01",0,2,"A",,,,,"Y",1800,6,"D","C","A","DWIGHT RD","LAGUNA BL",0,,"Y","2016-06-20",340,"2016-06-09",1505,"10573","1207","5","5","0","0",,"0","001","-","N",,0,0,,,0,,,,"Y",3,"A","-",23153,"B","N","A","H","-","A","A","0","Y","A","01",0,0,2,0,0,0,0,0,0,"-","-","ELK GROVE","SACRAMENTO","CA",0,0
"8063979",-121.2890459,38.4413168,2016,"3450","0","2","3","01",0,1,"A",,,,,"Y",2100,6,"E","I","A","GRANT LINE RD","BEITZEL RD",50,"E","N","2016-06-20",340,"2016-06-07",2016,"10621","3303","5","5","0","0",,"0","003","-","N",,0,0,,,0,,,,"Y",1,"A","-",23152,"A","N","A","H","-","A","D","0","Y","A","01",0,1,0,0,0,0,0,0,0,"-","-","ELK GROVE","SACRAMENTO","CA",0,0
"8063975",-121.4463831,38.434175,2016,"3450","0","5","3","12",0,3,"A",,,,,,1200,6,"D","C","A","BIG HORN BL","FRANKLIN BL",0,,"Y","2016-06-20",340,"2016-06-03",945,"10633","2101","5","5","0","0",,"0","002","-","N",,0,0,,,0,,,,"Y",2,"A","-",21453,"A","N","A","H","-","A","A","0","Y","A","01",0,1,2,0,0,0,0,0,0,"-","-","ELK GROVE","SACRAMENTO","CA",0,0
"8063971",0,0,2016,"3450","0","6","4","03",0,2,"A",,,,,,1500,6,"C","C","A","BRUCEVILLE RD","BIG HORN BL",73,,"N","2016-06-20",340,"2016-06-04",1436,"10633","2202","5","5","0","0",,"0","002","-","N",,0,0,,,0,,,,"N",2,"A","-",22350,,"F","A","H","-","A","A","0","Y","A","01",0,0,2,0,0,0,0,0,0,"-","-","ELK GROVE","SACRAMENTO","CA",0,0
"8063967",-121.3717731,38.4489751,2016,"3450","0","3","4","12",0,2,"A",,,,,,1200,6,"D","C","A","ELK GROVE FLORIN RD","SILVERBERRY AV",0,,"Y","2016-06-20",340,"2016-06-08",1059,"10068","3201","5","5","0","0",,"0","003","-","N",,0,0,,,0,,,,"Y",2,"A","-",21453,"A","N","A","H","-","A","A","0","Y","A","01",0,0,2,0,0,0,0,0,0,"-","-","ELK GROVE","SACRAMENTO","CA",0,0
"8063963",-121.3788531,38.408975,2016,"3450","0","3","4","03",0,1,"A",,,,,,2100,6,"C","C","A","ELK GROVE BL","EMERALD OAK DR",0,,"N","2016-06-20",340,"2016-06-08",2057,"10599","5105","5","5","0","0",,"0","005","-","N",,0,0,,,0,,,,"N",2,"A","-",22350,,"N","A","H","-","C","A","0","Y","A","07",0,0,1,0,0,0,0,0,0,"-","-","ELK GROVE","SACRAMENTO","CA",0,0
"8063951",-121.4499495,38.4086541,2016,"3450","0","5","4","03",0,1,"A",,,,,,2100,6,"D","C","A","FRANKLIN BL","ELK GROVE BL",44,"S","N","2016-06-20",340,"2016-06-03",1823,"10599","4102","5","5","0","0",,"0","004","-","N",,0,0,,,0,,,,"Y",4,"A","-",22350,,"F","A","H","-","A","A","0","Y","A","01",0,0,1,0,0,0,0,0,0,"-","-","ELK GROVE","SACRAMENTO","CA",0,0
"8063947",-121.4178374,38.4377764,2016,"3450","0","5","4","03",0,1,"A",,,,,,1500,6,"C","C","A","BRUCEVILLE RD","SHELDON RD",100,"S","N","2016-06-20",340,"2016-06-10",1400,"10573","2106","5","5","0","0",,"0","002","-","N",,0,0,,,0,,,,"N",2,"A","-",22350,,"M","A","H","-","A","A","0","Y","A","01",0,0,1,0,0,0,0,0,0,"-","-","ELK GROVE","SACRAMENTO","CA",0,0
"8063943",-121.3956831,38.4090651,2016,"3450","0","5","4","03",0,1,"A",,,,,,1500,6,"C","C","A","ELK GROVE BL","LAGUNA SPRINGS DR",0,,"Y","2016-06-20",340,"2016-06-10",1258,"10633","2406","5","5","0","0",,"0","002","-","N",,0,0,,,0,,,,"N",2,"A","-",22350,,"F","A","H","-","A","A","0","Y","A","01",0,0,1,0,0,0,0,0,0,"-","-","ELK GROVE","SACRAMENTO","CA",0,0
"8063939",0,0,2016,"3450","0","3","4","18",0,1,"A",,,,,,1800,6,"D","I","A","ELK GROVE BL","FIRE POPPY DR",228,"W","N","2016-06-20",340,"2016-06-08",1639,"10626","4102","5","5","0","0",,"0","004","-","N",,0,0,,,0,,,,"Y",1,"C","-",0,,"N","A","H","-","A","D","0","Y","-","-",0,0,1,0,0,0,0,0,0,"-","-","ELK GROVE","SACRAMENTO","CA",0,0
"8063935",-121.3716231,38.416605,2016,"3450","0","4","4","08",0,2,"A",,,,,,1200,6,"D","C","A","ELK GROVE FLORIN RD","LA HAYA DR",0,,"Y","2016-06-20",340,"2016-06-02",940,"10334","5102","5","5","0","0",,"0","005","-","N",,0,0,,,0,,,,"N",2,"A","-",22107,,"N","A","H","-","A","D","0","Y","A","01",0,0,2,0,0,0,0,0,0,"-","-","ELK GROVE","SACRAMENTO","CA",0,0
"8063858",-121.3041982,38.4527351,2016,"3404","0","4","3","18",0,1,"A",,,,"Y",,1800,6,"E","J","A","CALVINE RD","EXCELSIOR RD",1900,"W","N","2016-06-20",3404,"2016-06-02",1707,"10599","3303","5","7","0","0",,"0","003","-","N",,0,0,,,0,,,,"N",2,"C","-",0,,"N","A","H","-","A","D","0","Y","-","-",0,1,0,0,0,0,0,0,0,"-","-","SACRAMENTO","SACRAMENTO","CA",0,0
"8063759",-121.4755432,38.6333639,2016,"3404","0","7","4","07",0,2,"A",,,,,"Y",1800,6,"D","C","A","NORTHGATE BL","PATIO AV",15,"S","N","2016-06-16",3404,"2016-06-12",1523,"888","1","5","7","0","0",,"0","00C","-","N",,0,0,,,0,,,,"N",2,"A","-",21658,"A","N","A","H","-","A","A","0","Y","A","01",0,0,2,0,0,0,0,0,0,"-","-","SACRAMENTO","SACRAMENTO","CA",0,0
"8063718",-121.4477714,38.6604499,2016,"3404","0","6","3","01",0,1,"A",,,,,"Y",2100,6,"E","I","A","RIO LINDA BL","PINEDALE AV",60,"N","N","2016-06-21",3404,"2016-06-11",1843,"927","2","5","7","0","0",,"0","00A","-","N",,0,0,,,0,,,,"N",1,"A","-",23152,"A","N","A","H","-","A","D","0","Y","D","22",0,1,0,0,0,0,0,0,0,"-","-","SACRAMENTO","SACRAMENTO","CA",0,0
"8063700",-121.4465994,38.4749995,2016,"3404","0","7","4","09",0,2,"A",,,,,,1800,6,"D","C","A","TANGERINE AV","MACK RD",231,"N","N","2016-06-16",3404,"2016-06-12",1706,"991","5","5","7","0","0",,"0","00B","-","N",,0,0,,,0,,,,"Y",2,"A","-",21804,,"N","A","H","-","A","D","0","Y","A","01",0,0,2,0,0,0,0,0,0,"-","-","SACRAMENTO","SACRAMENTO","CA",0,0
"8063692",-121.4221731,38.6345851,2016,"3404","0","3","4","09",0,2,"A",,,,,"Y",2400,5,"D","C","A","ROANIKE AV","NATOMA WY",0,,"Y","2016-06-16",3404,"2016-05-11",2142,"569","2","5","7","0","0",,"0","00A","-","N",,0,0,,,0,,,,"Y",2,"A","-",21803,"A","N","A","H","-","C","A","0","Y","A","01",0,0,2,0,0,0,0,0,0,"-","-","SACRAMENTO","SACRAMENTO","CA",0,0
"8063688",-121.4091224,38.5249982,2016,"3404","0","7","4","03",0,2,"A",,,,,,900,6,"C","C","A","POWER INN RD","FRUITRIDGE RD",28,"S","N","2016-06-16",3404,"2016-06-05",815,"8131","6","5","7","0","0",,"0","06C","-","N",,0,0,,,0,,,,"Y",2,"A","-",22350,,"N","A","H","-","A","D","0","Y","A","07",0,0,2,0,0,0,0,0,0,"-","-","SACRAMENTO","SACRAMENTO","CA",0,0
"8063684",-121.4667331,38.5523651,2016,"3404","0","3","4","09",0,1,"A",,,,,,900,6,"E","I","A","36TH ST","2ND AV",0,,"Y","2016-06-16",3404,"2016-06-08",835,"894","6","5","7","0","0",,"0","00A","-","N",,0,0,,,0,,,,"Y",2,"A","-",21802,"A","N","A","H","-","A","A","0","Y","A","01",0,0,1,0,0,0,0,0,0,"-","-","SACRAMENTO","SACRAMENTO","CA",0,0
"8063593",-121.5093118,38.558157,2016,"3404","0","2","4","03",0,1,"A","Y",,,,,300,5,"G","B","D","SAN LUIS CT","VALLEJO WY",180,"N","N","2016-06-15",3404,"2016-05-24",6,"875","4","5","7","0","0",,"0","00A","-","N",,0,0,,,0,,,,"N",2,"A","-",22350,,"F","A","H","-","C","D","0","Y","A","01",0,0,1,0,1,0,0,0,0,"-","-","SACRAMENTO","SACRAMENTO","CA",0,0
"8063587",-121.4826631,38.573735,2016,"3404","0","4","3","10",0,1,"A","Y",,,,"Y",1500,6,"G","B","B","19TH ST","CAPITOL AV",0,,"Y","2016-06-16",3404,"2016-06-09",1431,"0756","CENTR","5","7","0","0",,"0","03B","-","N",,0,0,,,0,,,,"N",2,"A","-",21950,"A","N","A","H","-","A","A","0","Y","A","07",0,1,0,0,1,0,0,0,0,"-","-","SACRAMENTO","SACRAMENTO","CA",0,0
"8063583",-121.5022099,38.4958871,2016,"3404","0","4","4","07",0,2,"A",,,,,,900,6,"B","E","A","FLORIN RD","AMHERST ST",310,"E","N","2016-06-16",3404,"2016-06-09",859,"8141","4","5","7","0","0",,"0","00B","-","N",,0,0,,,0,,,,"N",2,"A","-",21658,"A","N","A","H","-","A","D","0","Y","A","01",0,0,2,0,0,0,0,0,0,"-","-","SACRAMENTO","SACRAMENTO","CA",0,0
"8063579",-121.5417031,38.508055,2016,"3404","0","6","4","09",0,1,"A",,,,,,2100,6,"D","C","A","FLORIN RD","SHOAL CT",0,,"Y","2016-06-16",3404,"2016-06-04",1818,"218","4","5","7","0","0",,"0","00C","-","N",,0,0,,,0,,,,"Y",2,"A","-",21801,"A","N","A","H","-","A","A","0","Y","A","01",0,0,1,0,0,0,0,0,0,"-","-","SACRAMENTO","SACRAMENTO","CA",0,0
"8063575",-121.5306831,38.6517351,2016,"3404","0","5","4","03",0,2,"A",,,,,,2100,6,"C","C","A","DEL PASO RD","RT 5",35,"W","N","2017-02-18",3404,"2016-06-03",1910,"639","SACRA","5","7","0","0",,"0","01A","-","Y","SAC",3,5,"-","-",28.817,"R","4","N","Y",3,"A","-",22350,,"N","A","H","-","A","A","0","Y","A","01",0,0,2,0,0,0,0,0,0,"-","NF","SACRAMENTO","SACRAMENTO","CA",0,0
"8063544",-121.4488132,38.6111251,2016,"3404","0","4","4","03",0,2,"A",,,,,,2100,6,"C","C","A","DEL PASO BL","EL CAMINO",24,"S","N","2016-06-16",3404,"2016-06-09",1828,"245","2","5","7","0","0",,"0","00B","-","N",,0,0,,,0,,,,"Y",2,"A","-",22350,,"N","A","H","-","A","A","0","Y","A","07",0,0,2,0,0,0,0,0,0,"-","-","SACRAMENTO","SACRAMENTO","CA",0,0
"8063540",-121.4754814,38.5411352,2016,"3404","0","4","4","03",0,1,"A",,,,,,900,6,"C","C","A","12TH AV","FRANKLIN BL",87,"E","N","2016-06-16",3404,"2016-06-09",749,"8198","4","5","7","0","0",,"0","04A","-","N",,0,0,,,0,,,,"Y",2,"A","-",22350,,"N","A","H","-","A","D","0","Y","A","01",0,0,1,0,0,0,0,0,0,"-","-","SACRAMENTO","SACRAMENTO","CA",0,0
"8063536",-121.4767431,38.5771051,2016,"3404","0","3","4","09",0,1,"A",,,,,,1800,6,"D","C","A","I ST","22ND ST",0,,"Y","2016-06-16",3404,"2016-06-08",1541,"0794",,"5","7","0","0",,"0",,"-","N",,0,0,,,0,,,,"N",2,"A","-",21802,"A","N","A","H","-","A","A","0","Y","A","01",0,0,1,0,0,0,0,0,0,"-","-","SACRAMENTO","SACRAMENTO","CA",0,0
"8063533",-121.4394731,38.595905,2016,"3404","0","4","4","08",0,1,"A",,,,,,1500,6,"D","C","A","EXPOSITION BL","RESPONSE RD",0,,"Y","2016-06-18",3404,"2016-06-09",1209,"8107","2","5","7","0","0",,"0","00C","-","N",,0,0,,,0,,,,"N",2,"A","-",22107,,"N","A","H","-","A","D","0","Y","-",,0,0,1,0,0,0,0,0,0,"-","-","SACRAMENTO","SACRAMENTO","CA",0,0