"CASEID","POINT_X","POINT_Y","YEAR_","LOCATION","CHPTYPE","DAYWEEK","CRASHSEV","VIOLCAT","KILLED","INJURED","WEATHER1","PEDCOL","BICCOL","MCCOL","TRUCKCOL","ETOH","TIMECAT","MONTH_","CRASHTYP","INVOLVE","PED","PRIMARYRD","SECONDRD","DISTANCE","DIRECT","INTERSECT_","PROCDATE","JURIS","DATE_","TIME_","BADGE","JURIDIST","SHIFT","POP","SPECIAL","BEATTYPE","LAPDDIV","BEATCLAS","BEATNUMB","WEATHER2","STATEHW","CALTRANC","CALTRAND","STROUTE","ROUTESUF","POSTPRE","POSTMILE","LOCATYPE","RAMP","SIDEHW","TOWAWAY","PARTIES","PCF","VIOLCODE","VIOL","VIOLSUB","HITRUN","ROADSURF","RDCOND1","RDCOND2","LIGHTING","RIGHTWAY","CHPRDTYP","NOTPRIV","STFAULT","CHPFAULT","SEVINJ","OTHERINJ","COP","PEDKILL","PEDINJ","BICKILL","BICINJ","MCKILL","MCINJURE","RAMP1","RAMP2","CITY","COUNTY","STATE","X_CHP","Y_CHP"
"8063245",-121.2716046,38.6714252,2016,"3496","0","5","3","03",0,1,"C",,,,,,900,3,"D","I","A","SUNRISE BL","MACY PLAZA DR",102,"S","N","2016-06-14",3496,"2016-03-11",824,"161",,"5","5","0","0",,"0","003","-","N",,0,0,,,0,,,,"Y",1,"A","-",22350,,"N","B","H","-","A","D","0","Y","D","22",0,1,0,0,0,0,0,0,0,"-","-","CITRUS HEIGHTS","SACRAMENTO","CA",0,0
"8062737",0,0,2016,"3404","0","1","3","08",0,1,"A",,,,,,900,5,"E","A","A","TRUXEL RD","MAMMOTH WY",246,"N","N","2016-06-16",3404,"2016-05-30",816,"8131","1","5","7","0","0",,"0","01B","-","N",,0,0,,,0,,,,"Y",1,"A","-",22107,,"N","A","H","-","A","A","0","Y","A","01",0,1,0,0,0,0,0,0,0,"-","-","SACRAMENTO","SACRAMENTO","CA",0,0
"8062733",-121.4694531,38.544775,2016,"3404","0","6","3","00",0,1,"A","Y",,,,,2100,5,"G","B","B","35TH ST","8TH AV",0,,"Y","2016-06-20",3404,"2016-05-21",1900,"0916","P6","5","7","0","0",,"0","00A","-","N",,0,0,,,0,,,,"N",2,"A","-",21950,,"F","A","H","-","A","A","0","Y","A","01",0,1,0,0,1,0,0,0,0,"-","-","SACRAMENTO","SACRAMENTO","CA",0,0
"8062362",-121.4419092,38.5394862,2016,"3404","0","7","4","03",0,2,"A",,,,,,1500,6,"B","C","A","14TH ST","55TH ST",24,"E","N","2016-07-05",3404,"2016-06-19",1248,"8202","6","5","7","0","0",,"0","06C","-","N",,0,0,,,0,,,,"Y",2,"A","-",22350,,"N","A","H","-","A","D","0","Y","A","07",0,0,2,0,0,0,0,0,0,"-","-","SACRAMENTO","SACRAMENTO","CA",0,0
"8062350",-121.4384972,38.6638156,2016,"3404","0","6","4","03",0,1,"A",,,,,,1500,6,"D","C","A","ROOD AV","DRY CREEK RD",24,"W","N","2016-07-05",3404,"2016-06-25",1312,"291",,"5","7","0","0",,"0","02A","-","N",,0,0,,,0,,,,"Y",2,"A","-",22350,,"N","A","H","-","A","D","0","Y","A","01",0,0,1,0,0,0,0,0,0,"-","-","SACRAMENTO","SACRAMENTO","CA",0,0
"8062258",-121.4357474,38.5104967,2016,"3404","0","3","4","03",0,2,"A",,,,,,2400,6,"C","C","A","ELDER CREEK RD","STOCKTON BL",36,"E","N","2016-07-13",3404,"2016-06-15",2208,"397","6","5","7","0","0",,"0","00B","-","N",,0,0,,,0,,,,"N",2,"A","-",22350,,"N","A","H","-","C","A","0","Y","D","22",0,0,2,0,0,0,0,0,0,"-","-","SACRAMENTO","SACRAMENTO","CA",0,0
"8062176",-121.387533,38.4525248,2016,"3450","0","1","2","11",0,1,"A","Y",,,,,1800,5,"G","B","D","CALVINE RD","WINTERBERRY DR",20,"W","N","2016-06-30",340,"2016-05-23",1520,"10076","3101","5","5","0","0",,"0","003","-","N",,0,0,,,0,,,,"N",2,"A","-",21954,"A","N","A","H","-","A","D","0","Y","N","60",1,0,0,0,1,0,0,0,0,"-","-","ELK GROVE","SACRAMENTO","CA",0,0
"8062160",-121.3347681,38.4526552,2016,"3450","0","1","4","03",0,2,"A",,,,,,1800,6,"C","C","A","CALVIN","BRADSHAW RD",10,"W","N","2016-06-29",340,"2016-06-13",1549,"10621","3205","5","5","0","0",,"0","003","-","N",,0,0,,,0,,,,"Y",2,"A","-",22350,,"N","A","H","-","A","A","0","Y","A","07",0,0,2,0,0,0,0,0,0,"-","-","ELK GROVE","SACRAMENTO","CA",0,0
"8062144",-121.449693,38.4111451,2016,"3450","0","6","4","12",0,1,"A",,,,,,1500,6,"D","C","A","FRANKLIN BL","CASTLEVIEW DR",0,,"Y","2016-06-29",340,"2016-06-11",1232,"10068","2305","5","5","0","0",,"0","002","-","N",,0,0,,,0,,,,"N",2,"A","-",21453,"A","N","A","H","-","A","A","0","Y","A","01",0,0,1,0,0,0,0,0,0,"-","-","ELK GROVE","SACRAMENTO","CA",0,0
"8062055",0,0,2016,"3450","0","2","3","01",0,2,"A",,"Y",,,"Y",1800,6,"B","G","A","FRANKLIN BL","WHITELOCK PKWY",808,"N","N","2016-06-29",340,"2016-06-14",1751,"10076","4101","5","5","0","0",,"0","004","-","N",,0,0,,,0,,,,"Y",3,"A","-",23152,"A","N","A","H","-","A","D","0","Y","D","22",0,2,0,0,0,0,2,0,0,"-","-","ELK GROVE","SACRAMENTO","CA",0,0
"8062051",-121.3799712,38.4363372,2016,"3450","0","7","4","01",0,1,"A",,,,,"Y",300,5,"C","E","A","WESTKNOLL AV","SPRINGHURST DR",90,"W","N","2016-06-29",340,"2016-05-29",6,"10140","3404","5","5","0","0",,"0","003","-","N",,0,0,,,0,,,,"N",2,"A","-",23152,"A","N","A","H","-","C","D","0","Y","A","01",0,0,1,0,0,0,0,0,0,"-","-","ELK GROVE","SACRAMENTO","CA",0,0
"8061825",-121.466413,38.560495,2016,"3404","0","3","4","12",0,1,"A",,,,,,1800,6,"D","C","A","34TH ST","T ST",0,,"Y","2016-08-30",3404,"2016-06-01",1727,"212","6","5","7","0","0",,"0","06A","-","N",,0,0,,,0,,,,"Y",2,"A","-",21453,"A","N","A","H","-","A","A","0","Y","A","01",0,0,1,0,0,0,0,0,0,"-","-","SACRAMENTO","SACRAMENTO","CA",0,0
"8061591",-121.4440131,38.546725,2016,"3404","0","4","4","03",0,2,"A",,,,,,1800,6,"C","C","A","BROADWAY","FAIRGROUNDS DR",0,,"Y","2016-06-20",3404,"2016-06-02",1621,"0205","SACTO","5","7","0","0",,"0","06B","-","N",,0,0,,,0,,,,"N",2,"A","-",22350,,"N","A","H","-","A","A","0","Y","A","01",0,0,2,0,0,0,0,0,0,"-","-","SACRAMENTO","SACRAMENTO","CA",0,0
"8061583",-121.4426431,38.525045,2016,"3404","0","3","4","00",0,3,"A",,,,,,1800,6,"D","D","A","STOCKTON BL","FRUITRIDGE RD",0,,"Y","2016-06-20",3404,"2016-06-01",1659,"963","6","5","7","0","0",,"0","00B","-","N",,0,0,,,0,,,,"N",2,"A","-",22350,"A","N","A","H","-","A","D","0","Y","A","01",0,0,3,0,0,0,0,0,0,"-","-","SACRAMENTO","SACRAMENTO","CA",0,0
"8061579",-121.4246231,38.459115,2016,"3404","0","4","4","09",0,1,"A",,,,,,1800,6,"-","C","A","ARROYO VISTA DR","SUNNY CREEK WY",0,,"Y","2016-06-20",3404,"2016-06-02",1504,"8204","5","5","7","0","0",,"0","00C","-","N",,0,0,,,0,,,,"Y",2,"A","-",21801,"A","N","A","H","-","A","D","0","Y","A","01",0,0,1,0,0,0,0,0,0,"-","-","SACRAMENTO","SACRAMENTO","CA",0,0
"8061553",-121.446213,38.612965,2016,"3404","0","1","4","-",0,3,"A",,,,,,1500,5,"D","C","A","DEL PASO BL","BOXWOOD ST",0,,"Y","2016-06-20",3404,"2016-05-16",1420,"0469",,"5","7","0","0",,"0",,"-","N",,0,0,,,0,,,,"Y",3,"A","-",0,,"N","A","H","-","A","D","0","Y","-",,0,0,3,0,0,0,0,0,0,"-","-","SACRAMENTO","SACRAMENTO","CA",0,0
"8061118",-121.4908231,38.579585,2016,"3404","0","3","4","08",0,4,"A",,,,"Y",,1200,6,"D","F","A","12TH ST","J ST",0,,"Y","2016-07-25",3404,"2016-06-29",1144,"0372","3","5","7","0","0",,"0","00M","-","N",,0,0,,,0,,,,"N",2,"A","-",22100,"B","N","A","H","-","A","A","0","Y","F","55",0,0,4,0,0,0,0,0,0,"-","-","SACRAMENTO","SACRAMENTO","CA",0,0
"8061117",-121.5020831,38.577655,2016,"3404","0","4","4","03",0,1,"A",,,"Y",,,1200,6,"C","C","A","N ST","5TH ST",0,,"Y","2016-07-21",3404,"2016-06-23",1028,"0866",,"5","7","0","0",,"0",,"-","N",,0,0,,,0,,,,"Y",2,"A","-",22350,,"N","A","H","-","A","A","0","Y","A","01",0,0,1,0,0,0,0,0,1,"-","-","SACRAMENTO","SACRAMENTO","CA",0,0
"8061006",0,0,2016,"3496","0","5","4","12",0,1,"A",,"Y",,,,1200,4,"B","G","A","DEVECCHI AV","AUBURN BL",1,"E","N","2016-06-14",3496,"2016-04-08",947,"265",,"5","5","0","0",,"0","003","-","N",,0,0,,,0,,,,"N",2,"A","-",22450,"A","N","A","H","-","A","A","0","Y","A","01",0,0,1,0,0,0,1,0,0,"-","-","CITRUS HEIGHTS","SACRAMENTO","CA",0,0
"8061005",-121.2718544,38.7186443,2016,"3496","0","3","4","12",0,2,"A",,,,,,1500,4,"D","C","A","SUNRISE BL","TWIN OAKS AV",7,"N","N","2016-06-14",3496,"2016-04-20",1253,"410",,"5","5","0","0",,"0","002","-","N",,0,0,,,0,,,,"N",2,"A","-",21453,"A","N","A","D","-","A","A","0","Y","A","01",0,0,2,0,0,0,0,0,0,"-","-","CITRUS HEIGHTS","SACRAMENTO","CA",0,0
"8061003",-121.284316,38.6638309,2016,"3496","0","5","4","03",0,2,"A",,,,,,1500,4,"C","C","A","MADISON AV","MARIPOSA AV",82,"E","N","2016-06-14",3496,"2016-04-29",1453,"265",,"5","5","0","0",,"0","002","-","N",,0,0,,,0,,,,"Y",5,"A","-",22350,,"N","A","H","-","A","A","0","Y","A","01",0,0,2,0,0,0,0,0,0,"-","-","CITRUS HEIGHTS","SACRAMENTO","CA",0,0
"8060959",-121.4841231,38.5704451,2016,"3404","0","4","4","-",0,2,"A",,,,,,2100,6,"D","C","A","19TH ST","P ST",0,,"Y","2016-06-13",3404,"2016-06-02",2034,"506","3","5","7","0","0",,"0","00B","-","N",,0,0,,,0,,,,"N",2,"-","-",0,,"N","A","H","-","C","A","0","Y","-","-",0,0,2,0,0,0,0,0,0,"-","-","SACRAMENTO","SACRAMENTO","CA",0,0
"8060101",0,0,2016,"3404","0","2","4","03",0,2,"A",,,,,,2100,6,"C","C","A","LEMON HILL AV","BELLEVIEW AV",26,"S","N","2016-06-21",3404,"2016-06-07",1814,"0280","P6","5","7","0","0",,"0","06C","-","N",,0,0,,,0,,,,"Y",2,"A","-",22350,,"N","A","H","-","-","D","0","Y","A","07",0,0,2,0,0,0,0,0,0,"-","-","SACRAMENTO","SACRAMENTO","CA",0,0
"8060085",-121.4695531,38.5628551,2016,"3404","0","2","4","09",0,1,"A",,,,,,300,6,"D","-","A","ALHAMBRA BL","S ST",0,,"Y","2016-06-21",3404,"2016-06-07",3,"935",,"5","7","0","0",,"0",,"-","N",,0,0,,,0,,,,"Y",2,"A","-",21803,,"N","A","H","-","A","A","0","Y","A","01",0,0,1,0,0,0,0,0,0,"-","-","SACRAMENTO","SACRAMENTO","CA",0,0
"8059741",-121.5080531,38.6653251,2016,"3404","0","5","3","00",0,2,"A",,,,,,1500,6,"A","C","A","NATOMAS BL","NORTH PARK DR",0,,"Y","2016-06-11",3404,"2016-06-03",1245,"779","1","5","7","0","0",,"0","00A","-","N",,0,0,,,0,,,,"N",2,"D","-",0,,"N","A","H","-","A","A","0","Y","-","-",0,1,1,0,0,0,0,0,0,"-","-","SACRAMENTO","SACRAMENTO","CA",0,0
"8059729",-121.4357631,38.564875,2016,"3404","0","3","4","12",0,1,"A",,,,,,1500,6,"D","C","A","J ST","55TH ST",0,,"Y","2016-06-11",3404,"2016-06-01",1330,"8198","6","5","7","0","0",,"0","06D","-","N",,0,0,,,0,,,,"N",2,"A","-",21453,"A","N","A","H","-","A","A","0","Y","A","01",0,0,1,0,0,0,0,0,0,"-","-","SACRAMENTO","SACRAMENTO","CA",0,0
"8059725",-121.4646432,38.525449,2016,"3404","0","4","3","08",0,1,"A",,"Y",,,,1800,6,"D","G","A","MARTIN LUTHER KING JR BL","FRUITRIDGE RD",158,"N","N","2016-06-11",3404,"2016-06-02",1710,"8202","6","5","7","0","0",,"0","06A","-","N",,0,0,,,0,,,,"N",2,"A","-",22107,,"N","A","H","-","A","A","0","Y","L","04",0,1,0,0,0,0,1,0,0,"-","-","SACRAMENTO","SACRAMENTO","CA",0,0
"8059721",-121.4809569,38.5707734,2016,"3404","0","4","3","08",0,2,"A",,,,,,1500,6,"C","C","A","21ST ST","O ST",20,"S","N","2016-06-11",3404,"2016-06-02",1455,"8141","3","5","7","0","0",,"0","00B","-","N",,0,0,,,0,,,,"N",3,"A","-",22107,,"F","A","H","-","A","A","0","Y","-","99",0,1,1,0,0,0,0,0,0,"-","-","SACRAMENTO","SACRAMENTO","CA",0,0
"8059709",-121.5222873,38.4955784,2016,"3404","0","4","4","09",0,1,"A","Y",,,,,1200,6,"G","B","F","FLORIN RD","GREENHAVEN DR",404,"E","N","2016-06-11",3404,"2016-06-02",1053,"8202","4","5","7","0","0",,"0","04C","-","N",,0,0,,,0,,,,"N",2,"A","-",21804,,"N","A","H","-","A","B","0","Y","A","01",0,0,1,0,1,0,0,0,0,"-","-","SACRAMENTO","SACRAMENTO","CA",0,0
"8059340",0,0,2016,"3401","0","7","3","03",0,2,"A",,,,,,1200,5,"C","C","A","EAST NATOMA ST","FOLSOM LAKE CROSSING",150,"S","N","2016-06-15",3401,"2016-05-29",1043,"178","3401","5","5","0","0",,"0","003","-","N",,0,0,,,0,,,,"N",2,"A","-",22350,,"N","A","H","-","A","A","0","Y","A","01",0,1,1,0,0,0,0,0,0,"-","-","FOLSOM","SACRAMENTO","CA",0,0
"8059336",-121.109123,38.677075,2016,"3401","0","2","4","00",0,1,"A",,,,,,1200,5,"D","C","A","E NATOMA ST","GOLF LINKS DR",0,,"Y","2016-06-15",3401,"2016-05-31",1037,"227","CA034","5","5","0","0",,"0","003","-","N",,0,0,,,0,,,,"Y",2,"D","-",0,,"N","A","H","-","A","A","0","Y","-","-",0,0,1,0,0,0,0,0,0,"-","-","FOLSOM","SACRAMENTO","CA",0,0
"8059332",-121.4258423,38.4427084,2016,"3404","0","1","4","03",0,1,"A",,,,,,1800,5,"A","I","A","CENTER PKWY","HOLLYBROOK DR",444,"N","N","2016-06-15",3404,"2016-05-30",1742,"8178","5","5","7","0","0",,"0","05C","-","N",,0,0,,,0,,,,"Y",1,"A","-",22350,,"N","A","H","-","A","D","0","Y","A","01",0,0,1,0,0,0,0,0,0,"-","-","SACRAMENTO","SACRAMENTO","CA",0,0
"8059224",-121.4742231,38.572695,2016,"3404","0","4","4","09",0,1,"A",,,,,,1800,6,"D","C","A","L ST","25TH ST",0,,"Y","2016-06-15",3404,"2016-06-02",1755,"8178","3","5","7","0","0",,"0","03B","-","N",,0,0,,,0,,,,"Y",2,"A","-",21802,"A","N","A","H","-","A","A","0","Y","A","07",0,0,1,0,0,0,0,0,0,"-","-","SACRAMENTO","SACRAMENTO","CA",0,0
"8059228",-121.4284732,38.566485,2016,"3404","0","2","3","03",0,1,"A",,,,,,2100,6,"-","C","A","J ST","CARLSON DR",0,,"Y","2016-06-15",3404,"2016-06-07",1822,"529",,"5","7","0","0",,"0",,"-","N",,0,0,,,0,,,,"Y",3,"A","-",22350,,"N","A","H","-","A","A","0","Y","A","07",0,1,0,0,0,0,0,0,0,"-","-","SACRAMENTO","SACRAMENTO","CA",0,0
"8059220",-121.1693637,38.6563451,2016,"3401","0","3","3","00",0,1,"A",,"Y",,,,1500,6,"H","G","A","BLUE RAVINE RD","PRAIRIE CITY RD",169,"W","N","2016-06-15",3401,"2016-06-01",1440,"203","3401","5","5","0","0",,"0","004","-","N",,0,0,,,0,,,,"N",2,"D","-",0,,"N","A","H","-","A","D","0","Y","-","-",0,1,0,0,0,0,1,0,0,"-","-","FOLSOM","SACRAMENTO","CA",-121.16869,38.65638
"8059157",-121.3126431,38.5763751,2016,"3490","0","6","4","03",0,4,"A",,,,,,2100,4,"C","C","A","MATHER BL","RT 50",25,"N","N","2017-02-24",3400,"2016-04-23",2006,"47","RC","5","5","0","0",,"0","005","-","Y","SAC",3,50,"-","R",9.301,"R","4","E","N",2,"A","-",22350,,"N","A","H","-","C","A","0","Y","A","01",0,0,4,0,0,0,0,0,0,"-","EF","RANCHO CORDOVA","SACRAMENTO","CA",0,0
"8059043",-121.4727832,38.5290251,2016,"3404","0","2","4","12",0,1,"A",,,,"Y",,1200,5,"-","C","A","FRANKLIN BL","26TH AV",0,,"Y","2016-06-18",3404,"2016-05-31",1123,"8204","4","5","7","0","0",,"0","00B","-","N",,0,0,,,0,,,,"Y",2,"A","-",21453,"A","N","A","H","-","A","A","0","Y","F","26",0,0,1,0,0,0,0,0,0,"-","-","SACRAMENTO","SACRAMENTO","CA",0,0
"8058581",-121.4091432,38.5488789,2016,"3404","0","2","4","05",0,1,"A",,"Y",,,,1500,5,"D","G","A","POWER INN RD","FOLSOM BL",210,"S","N","2016-06-14",3404,"2016-05-31",1239,"8131","6","5","7","0","0",,"0","06E","-","N",,0,0,,,0,,,,"N",2,"A","-",21650,"1","N","A","H","-","A","A","0","Y","L","04",0,0,1,0,0,0,1,0,0,"-","-","SACRAMENTO","SACRAMENTO","CA",0,0
"8058577",-121.4882831,38.581385,2016,"3404","0","3","3","09",0,1,"A",,,,,,1500,5,"D","C","A","H ST","13TH ST",0,,"Y","2016-06-14",3404,"2016-05-25",1207,"679","P3","5","7","0","0",,"0","00A","-","N",,0,0,,,0,,,,"Y",2,"A","-",21804,"A","N","A","H","-","A","A","0","Y","A","01",0,1,0,0,0,0,0,0,0,"-","-","SACRAMENTO","SACRAMENTO","CA",0,0
"8058573",-121.5124331,38.4852151,2016,"3404","0","3","3","09",0,1,"A",,"Y",,,,1800,5,"-","G","A","POCKET RD","RT 5",0,,"Y","2017-02-18",3404,"2016-05-18",1626,"8204","4","5","7","0","0",,"0","00C","-","Y","SAC",3,5,"-","-",16.35,"R","4","S","N",2,"A","-",21804,"A","N","A","H","-","A","A","0","Y","A","01",0,1,0,0,0,0,1,0,0,"-","SF","SACRAMENTO","SACRAMENTO","CA",0,0
"8058569",0,0,2016,"3404","0","6","4","03",0,1,"A",,,,,,2100,5,"B","E","A","WHITE LILY CT","DELPHINUM WY",93,"N","N","2016-06-14",3404,"2016-05-14",1846,"233","1","5","7","0","0",,"0","01B","-","N",,0,0,,,0,,,,"N",2,"A","-",22350,,"N","A","H","-","A","D","0","Y","A","01",0,0,1,0,0,0,0,0,0,"-","-","SACRAMENTO","SACRAMENTO","CA",0,0
"8058446",-121.419632,38.4744108,2016,"3404","0","5","4","04",0,2,"A",,,,,,2100,6,"-","C","A","MACK RD","STOCKTON BL",189,"W","N","2016-06-13",3404,"2016-06-03",1851,"580","5","5","7","0","0",,"0","05C","-","N",,0,0,,,0,,,,"N",3,"A","-",21703,,"N","A","H","-","A","A","0","Y","A","01",0,0,2,0,0,0,0,0,0,"-","-","SACRAMENTO","SACRAMENTO","CA",0,0
"8058442",-121.4765917,38.6112841,2016,"3404","0","3","2","05",0,1,"A",,"Y",,,,2400,6,"-","G","A","WEST EL CAMINO AV","NORTHGATE BL",297,"W","N","2016-06-13",3404,"2016-06-01",2128,"639","SACRA","5","7","0","0",,"0","01C","-","N",,0,0,,,0,,,,"N",2,"A","-",21650,,"N","A","H","-","C","D","0","Y","L","04",1,0,0,0,0,0,1,0,0,"-","-","SACRAMENTO","SACRAMENTO","CA",0,0
"8058438",-121.4757836,38.5411588,2016,"3404","0","7","4","08",0,1,"A",,,,,,1800,6,"D","C","A","FRANKLIN BL","SUTTERVILLE RD",5,"N","N","2016-06-13",3404,"2016-06-05",1740,"574",,"5","7","0","0",,"0",,"-","N",,0,0,,,0,,,,"Y",2,"A","-",22107,,"N","A","H","-","A","D","0","Y","A","01",0,0,1,0,0,0,0,0,0,"-","-","SACRAMENTO","SACRAMENTO","CA",0,0
"8058434",-121.4912532,38.4958951,2016,"3404","0","2","3","01",0,6,"A",,,,,"Y",2400,6,"C","C","A","FLORIN RD","21ST ST",0,,"Y","2016-06-13",3404,"2016-06-07",2120,"0644","5","5","7","0","0",,"0","00A","-","N",,0,0,,,0,,,,"N",3,"A","-",23152,"A","N","A","H","-","C","A","0","Y","A","01",0,1,5,0,0,0,0,0,0,"-","-","SACRAMENTO","SACRAMENTO","CA",0,0
"8058421",0,0,2016,"3404","0","6","4","00",0,1,"A",,,,,,300,6,"C","C","A","FRANKLIN BL","CARDONA LN",5,"N","N","2016-06-13",3404,"2016-06-04",116,"0973","5","5","7","0","0",,"0","005","-","N",,0,0,,,0,,,,"N",2,"A","-",22350,"A","F","A","H","-","C","D","0","Y","A","07",0,0,1,0,0,0,0,0,0,"-","-","SACRAMENTO","SACRAMENTO","CA",0,0
"8058271",0,0,2016,"3404","0","2","4","09",0,1,"A",,,,,,1200,5,"D","C","A","KIEFER BL","KIEFER BL 8581",5,"S","N","2016-06-13",3404,"2016-05-31",1036,"8131","6","5","7","0","0",,"0","06E","-","N",,0,0,,,0,,,,"N",2,"A","-",21801,"A","N","A","H","-","A","D","0","Y","D","22",0,0,1,0,0,0,0,0,0,"-","-","SACRAMENTO","SACRAMENTO","CA",0,0
"8057557",-121.2661631,38.6012551,2016,"3490","0","3","3","09",0,2,"A",,,,,,1200,5,"D","C","A","SUNRISE BL","CITRUS RD",0,,"Y","2016-06-14",3400,"2016-05-11",1016,"15CSO","RCPD","5","5","0","0",,"0","005","-","N",,0,0,,,0,,,,"Y",2,"A","-",21801,"A","N","A","H","-","A","D","0","Y","A","07",0,1,1,0,0,0,0,0,0,"-","-","RANCHO CORDOVA","SACRAMENTO","CA",-121.26613,38.61429
"8057556",-121.2897478,38.597072,2016,"3490","0","2","3","10",0,1,"A","Y",,,,,1800,5,"G","B","B","CHASSELLA WY","ZINFANDEL DR",13,"W","N","2016-06-14",3400,"2016-05-31",1618,"1238","RC","5","5","0","0",,"0","005","-","N",,0,0,,,0,,,,"N",2,"A","-",21950,"A","N","A","H","-","A","D","0","Y","A","01",0,1,0,0,1,0,0,0,0,"-","-","RANCHO CORDOVA","SACRAMENTO","CA",-121.28961,38.59706
"8057555",-121.2878889,38.5965235,2016,"3490","0","5","4","03",0,3,"A",,,,,,1800,5,"C","C","A","FOLSOM BL","ZINFANDEL DR",360,"E","N","2016-06-15",3400,"2016-05-27",1554,"1136","RC","5","5","0","0",,"0","005","-","N",,0,0,,,0,,,,"N",3,"A","-",22350,,"N","A","H","-","A","A","0","Y","A","01",0,0,3,0,0,0,0,0,0,"-","-","RANCHO CORDOVA","SACRAMENTO","CA",0,0
"8057554",-121.2882593,38.5851688,2016,"3490","0","4","4","05",0,1,"A",,"Y",,,,1800,5,"H","G","A","DATA DR","QUALITY DR",419,"E","N","2016-06-14",3400,"2016-05-26",1512,"1238","RC","5","5","0","0",,"0","005","-","N",,0,0,,,0,,,,"N",2,"A","-",21650,"1","N","A","H","-","A","D","0","Y","L","04",0,0,1,0,0,0,1,0,0,"-","-","RANCHO CORDOVA","SACRAMENTO","CA",-121.28971,38.5848
"8057553",-121.2706931,38.617985,2016,"3490","0","6","4","12",0,2,"A",,,,,,1500,5,"B","C","A","COLOMA RD","TRINITY RIVER DR",0,,"Y","2016-06-15",3400,"2016-05-28",1400,"693","RC","5","5","0","0",,"0","005","-","N",,0,0,,,0,,,,"N",3,"A","-",21453,"A","N","A","H","-","A","A","0","Y","A","07",0,0,2,0,0,0,0,0,0,"-","-","RANCHO CORDOVA","SACRAMENTO","CA",-121.2706,38.61817
"8057552",-121.242763,38.525555,2016,"3490","0","4","4","08",0,1,"A",,,,,,1500,5,"C","C","A","SUNRISE BL","KIEFER BL",0,,"Y","2016-06-14",3400,"2016-05-26",1311,"1380","RC","5","5","0","0",,"0","005","-","N",,0,0,,,0,,,,"N",2,"A","-",22101,"D","N","A","H","-","A","A","0","Y","A","01",0,0,1,0,0,0,0,0,0,"-","-","RANCHO CORDOVA","SACRAMENTO","CA",0,0
"8057551",-121.2449968,38.5616602,2016,"3490","0","3","3","01",0,2,"B",,,,,"Y",900,5,"E","I","A","SUNRISE BL","DOUGLAS RD",985,"N","N","2016-06-15",3400,"2016-05-25",701,"1355","RC","5","5","0","0",,"0","005","-","N",,0,0,,,0,,,,"Y",1,"A","-",23152,"A","F","A","H","-","A","D","0","Y","-",,0,2,0,0,0,0,0,0,0,"-","-","RANCHO CORDOVA","SACRAMENTO","CA",-121.24352,38.55934
"8057550",-121.2878072,38.6095836,2016,"3490","0","3","3","01",0,1,"A",,,,,,900,5,"C","C","A","MCGREGOR DR","CAMPANA WY",20,"S","N","2016-06-14",3400,"2016-05-18",815,"507",,"5","5","0","0",,"0",,"-","N",,0,0,,,0,,,,"Y",2,"A","-",23152,"E","N","A","H","-","A","A","0","Y","-",,0,1,0,0,0,0,0,0,0,"-","-","RANCHO CORDOVA","SACRAMENTO","CA",-121.28792,38.60961
"8057549",-121.2901369,38.5984772,2016,"3490","0","2","4","08",0,1,"A",,,,,,1200,5,"-","E","A","ZINFANDEL DR","PEDRO WY",370,"S","N","2016-06-15",3400,"2016-05-03",1102,"1174","RC","5","5","0","0",,"0","005","-","N",,0,0,,,0,,,,"Y",2,"A","-",22107,,"N","A","H","-","A","D","0","Y","A","01",0,0,1,0,0,0,0,0,0,"-","-","RANCHO CORDOVA","SACRAMENTO","CA",-121.29072,38.59933
"8057548",-121.272836,38.6176896,2016,"3490","0","4","4","03",0,2,"C",,,,,,1800,5,"C","C","A","COLOMA RD","VEHICLE DR",280,"E","N","2016-06-28",3400,"2016-05-05",1613,"1136","RC","5","5","0","0",,"0","005","-","N",,0,0,,,0,,,,"N",3,"A","-",22350,,"N","B","H","-","A","A","0","Y","A","01",0,0,2,0,0,0,0,0,0,"-","-","RANCHO CORDOVA","SACRAMENTO","CA",-121.2738,38.6177
"8057547",-121.2911431,38.6110751,2016,"3490","0","7","3","03",0,2,"A",,,"Y",,,2400,5,"C","C","A","COLOMA RD","MCGREGOR DR",0,,"Y","2016-06-14",3400,"2016-05-15",2318,"585","RC","5","5","0","0",,"0","005","-","N",,0,0,,,0,,,,"Y",2,"A","-",22350,,"N","A","H","-","C","A","0","Y","C","02",0,2,0,0,0,0,0,0,2,"-","-","RANCHO CORDOVA","SACRAMENTO","CA",-121.29125,38.61102
"8057546",-121.2989348,38.602935,2016,"3490","0","5","4","08",0,1,"A",,,,,,1800,5,"D","C","A","COLOMA RD","GEORGETOWN DR",75,"N","N","2016-06-14",3400,"2016-05-13",1620,"1355","RC","5","5","0","0",,"0","005","-","N",,0,0,,,0,,,,"Y",2,"A","-",22107,,"N","A","H","-","A","D","0","Y","-",,0,0,1,0,0,0,0,0,0,"-","-","RANCHO CORDOVA","SACRAMENTO","CA",-121.29916,38.60276
"8057545",-121.284503,38.6164729,2016,"3490","0","5","4","08",0,2,"A",,,,,,1200,5,"D","C","A","BENITA DR","EL MANTO DR",250,"E","N","2016-06-14",3400,"2016-05-13",1133,"1355","RC","5","5","0","0",,"0","005","-","N",,0,0,,,0,,,,"N",2,"A","-",22103,,"N","A","H","-","A","D","0","Y","-",,0,0,2,0,0,0,0,0,0,"-","-","RANCHO CORDOVA","SACRAMENTO","CA",-121.28524,38.61622