"CASEID","POINT_X","POINT_Y","YEAR_","LOCATION","CHPTYPE","DAYWEEK","CRASHSEV","VIOLCAT","KILLED","INJURED","WEATHER1","PEDCOL","BICCOL","MCCOL","TRUCKCOL","ETOH","TIMECAT","MONTH_","CRASHTYP","INVOLVE","PED","PRIMARYRD","SECONDRD","DISTANCE","DIRECT","INTERSECT_","PROCDATE","JURIS","DATE_","TIME_","BADGE","JURIDIST","SHIFT","POP","SPECIAL","BEATTYPE","LAPDDIV","BEATCLAS","BEATNUMB","WEATHER2","STATEHW","CALTRANC","CALTRAND","STROUTE","ROUTESUF","POSTPRE","POSTMILE","LOCATYPE","RAMP","SIDEHW","TOWAWAY","PARTIES","PCF","VIOLCODE","VIOL","VIOLSUB","HITRUN","ROADSURF","RDCOND1","RDCOND2","LIGHTING","RIGHTWAY","CHPRDTYP","NOTPRIV","STFAULT","CHPFAULT","SEVINJ","OTHERINJ","COP","PEDKILL","PEDINJ","BICKILL","BICINJ","MCKILL","MCINJURE","RAMP1","RAMP2","CITY","COUNTY","STATE","X_CHP","Y_CHP"
"8044028",-121.4659231,38.581505,2016,"3404","0","1","3","12",0,1,"A",,,,,,1800,5,"D","C","A","28TH ST","C ST",0,,"Y","2016-06-01",3404,"2016-05-16",1511,"958","3","5","7","0","0",,"0","00B","-","N",,0,0,,,0,,,,"Y",2,"A","-",22450,"A","N","A","H","-","A","A","0","Y","-","-",0,1,0,0,0,0,0,0,0,"-","-","SACRAMENTO","SACRAMENTO","CA",0,0
"8044024",-121.4175985,38.4654473,2016,"3404","0","2","4","03",0,2,"A",,,,,,1800,5,"C","C","A","BRUCEVILLE RD","TIMBERLAKE WY",109,"S","N","2016-05-25",3404,"2016-05-17",1519,"8178","5","5","7","0","0",,"0","05C","-","N",,0,0,,,0,,,,"N",2,"A","-",22350,,"N","A","H","-","A","A","0","Y","A","07",0,0,2,0,0,0,0,0,0,"-","-","SACRAMENTO","SACRAMENTO","CA",0,0
"8044004",0,0,2016,"3404","0","3","4","09",0,1,"A",,,,,,900,5,"A","C","A","FRUITRIDGE RD","BELL VIEW AV",0,,"Y","2016-06-01",3404,"2016-05-18",807,"0947","6","5","7","0","0",,"0","00C","-","N",,0,0,,,0,,,,"Y",2,"A","-",21802,"A","N","A","H","-","A","A","0","Y","-","-",0,0,1,0,0,0,0,0,0,"-","-","SACRAMENTO","SACRAMENTO","CA",0,0
"8043949",-121.400528,38.5471942,2016,"3404","0","5","3","09",0,1,"A",,,,,,1800,4,"D","C","A","FOLSOM BL","NOTRE DAME DR",437,"W","N","2016-05-24",3404,"2016-04-29",1639,"767","6","5","7","0","0",,"0","00E","-","N",,0,0,,,0,,,,"Y",2,"A","-",21804,,"N","A","H","-","A","D","0","Y","A","01",0,1,0,0,0,0,0,0,0,"-","-","SACRAMENTO","SACRAMENTO","CA",0,0
"8043778",-121.4199131,38.516095,2016,"3404","0","3","4","03",0,1,"B",,,,"Y",,1200,4,"C","C","A","LEMON HILL AV","BELLEVIEW AV",0,,"Y","2016-06-01",3404,"2016-04-27",1139,"395",,"5","7","0","0",,"0","06C","-","N",,0,0,,,0,,,,"Y",2,"A","-",22350,,"N","A","H","-","A","D","0","Y","A","01",0,0,1,0,0,0,0,0,0,"-","-","SACRAMENTO","SACRAMENTO","CA",0,0
"8043629",-121.4268531,38.6112351,2016,"3404","0","7","4","09",0,1,"A",,,"Y",,,1500,5,"D","C","A","EL CAMINO AV","RT 80",0,,"Y","2016-05-23",3404,"2016-05-15",1218,"0735","2","5","7","0","0",,"0","00C","-","Y",,0,0,,,0,,,,"Y",2,"A","-",21804,"B","N","A","H","-","A","A","0","Y","C","02",0,0,1,0,0,0,0,0,1,"-","WF","SACRAMENTO","SACRAMENTO","CA",0,0
"8043625",-121.5118856,38.6148395,2016,"3404","0","3","3","01",0,1,"A",,,,,"Y",2400,5,"E","I","A","WEST EL CAMINO AV","RT 5",189,"E","N","2016-05-23",3404,"2016-05-11",2349,"948","P1","5","7","0","0",,"0","01B","-","Y",,0,0,,,0,,,,"Y",1,"A","-",23152,"A","M","A","H","-","C","A","0","Y","A","01",0,1,0,0,0,0,0,0,0,"-","SO","SACRAMENTO","SACRAMENTO","CA",0,0
"8043621",-121.4132173,38.5719827,2016,"3404","0","5","4","03",0,1,"A",,,,,,1800,5,"C","C","A","HOWE AV","UNIVERSITY AV",50,"E","N","2016-05-23",3404,"2016-05-06",1731,"8202","6","5","7","0","0",,"0","06E","-","N",,0,0,,,0,,,,"N",2,"A","-",22350,,"N","A","H","-","A","A","0","Y","A","01",0,0,1,0,0,0,0,0,0,"-","-","SACRAMENTO","SACRAMENTO","CA",0,0
"8043617",0,0,2016,"3404","0","7","4","03",0,6,"A",,,,,,1500,5,"C","C","A","COSUMNES RIVER BL","CENTER PKWY",480,"E","N","2016-05-23",3404,"2016-05-08",1240,"8202","5","5","7","0","0",,"0","05C","-","N",,0,0,,,0,,,,"Y",2,"A","-",22350,,"N","A","H","-","A","A","0","Y","A","01",0,0,6,0,0,0,0,0,0,"-","-","SACRAMENTO","SACRAMENTO","CA",0,0
"8043598",-121.4461931,38.616555,2016,"3404","0","6","4","00",0,1,"A",,,,,"Y",2400,5,"A","C","A","RIO LINDA BL","ELEANOR AV",0,,"Y","2016-05-23",3404,"2016-05-07",2217,"659","2","5","7","0","0",,"0","02B","-","N",,0,0,,,0,,,,"Y",2,"A","-",21453,,"N","A","H","-","C","A","0","Y","A","01",0,0,1,0,0,0,0,0,0,"-","-","SACRAMENTO","SACRAMENTO","CA",0,0
"8043509",-121.4234481,38.6092618,2016,"3404","0","3","3","09",0,1,"A",,,,,,1200,4,"H","A","A","ALBATROSS WY","SILICA AV",210,"N","N","2016-05-24",3404,"2016-04-27",1057,"0698","2","5","7","0","0",,"0","00C","-","N",,0,0,,,0,,,,"N",2,"A","-",21804,"A","N","A","E","-","A","D","0","Y","D","22",0,1,0,0,0,0,0,0,0,"-","-","SACRAMENTO","SACRAMENTO","CA",0,0
"8043501",-121.4350602,38.6315267,2016,"3404","0","6","4","01",0,1,"A",,,,,"Y",300,5,"B","E","A","NOGALES ST","HIGH ST",42,"W","N","2016-05-23",3404,"2016-05-14",125,"623","P2","5","7","0","0",,"0","02B","-","N",,0,0,,,0,,,,"Y",3,"A","-",23153,"A","N","A","H","-","C","D","0","Y","A","01",0,0,1,0,0,0,0,0,0,"-","-","SACRAMENTO","SACRAMENTO","CA",0,0
"8043457",-121.4416931,38.4812751,2016,"3404","0","5","4","00",0,2,"A",,,,,,1500,5,"D","C","A","CENTER PKWY","TANGERINE AV",0,,"Y","2016-05-23",3404,"2016-05-06",1418,"8202","5","5","7","0","0",,"0","05B","-","N",,0,0,,,0,,,,"N",2,"D","-",0,,"N","A","H","-","A","A","0","Y","-","-",0,0,2,0,0,0,0,0,0,"-","-","SACRAMENTO","SACRAMENTO","CA",0,0
"8043218",-121.3087532,38.6882656,2016,"3496","0","2","3","03",0,2,"A",,,,,,1800,2,"C","C","A","VAN MAREN LN","OAK LAKES LN",69,"S","N","2016-05-19",3496,"2016-02-16",1500,"136","3496","5","5","0","0",,"0","001","-","N",,0,0,,,0,,,,"Y",2,"A","-",22350,,"N","A","H","-","A","D","0","Y","A","01",0,1,1,0,0,0,0,0,0,"-","-","CITRUS HEIGHTS","SACRAMENTO","CA",0,0
"8041968",-121.4726531,38.5624551,2016,"3404","0","6","4","03",0,1,"A",,,,,"Y",300,5,"C","C","A","29TH ST","T ST",0,,"Y","2016-05-27",3404,"2016-05-07",29,"882","P3","5","7","0","0",,"0","03B","-","N",,0,0,,,0,,,,"Y",2,"A","-",22350,,"F","A","H","-","C","A","0","Y","A","01",0,0,1,0,0,0,0,0,0,"-","-","SACRAMENTO","SACRAMENTO","CA",0,0
"8041944",-121.4091531,38.549455,2016,"3404","0","7","2","08",0,1,"A",,,"Y",,,300,5,"-","A","A","FOLSOM BL","HOWE AV",0,,"Y","2016-05-27",3404,"2016-05-22",112,"0668",,"5","7","0","0",,"0","06E","-","N",,0,0,,,0,,,,"Y",2,"A","-",22100,"A","F","A","-","-","C","-","0","Y","A","01",1,0,0,0,0,0,0,0,1,"-","-","SACRAMENTO","SACRAMENTO","CA",0,0
"8041936",0,0,2016,"3404","0","4","4","01",0,1,"A",,,,,"Y",600,5,"E","E","A","RIO LINDA BL","RIO LINDA BL 3340",0,,"-","2016-05-27",3404,"2016-05-19",343,"0655","2","5","7","0","0",,"0","00B","-","N",,0,0,,,0,,,,"Y",2,"A","-",23152,"A","N","A","H","-","C","D","0","Y","A","01",0,0,1,0,0,0,0,0,0,"-","-","SACRAMENTO","SACRAMENTO","CA",0,0
"8041932",-121.469336,38.5612536,2016,"3404","0","5","3","21",0,1,"C",,"Y",,,,2100,5,"H","G","A","T ST","ALHAMBRA BL",243,"E","N","2016-05-27",3404,"2016-05-20",1905,"0573",,"5","7","0","0",,"0",,"-","N",,0,0,,,0,,,,"N",2,"A","-",22106,,"N","B","H","-","A","D","0","Y","A","01",0,1,0,0,0,0,1,0,0,"-","-","SACRAMENTO","SACRAMENTO","CA",0,0
"8041928",0,0,2016,"3404","0","7","4","09",0,1,"A",,,,,,1500,5,"D","C","A","SAN JUAN RD","GUILLEMOT DR",0,,"Y","2016-05-27",3404,"2016-05-08",1402,"0918",,"5","7","0","0",,"0","01A","-","N",,0,0,,,0,,,,"Y",2,"A","-",21802,"A","N","A","H","-","A","A","0","Y","A","01",0,0,1,0,0,0,0,0,0,"-","-","SACRAMENTO","SACRAMENTO","CA",0,0
"8041924",-121.4802932,38.562055,2016,"3404","0","7","3","00",0,2,"A",,,,,,1500,5,"D","C","A","24TH ST","V ST",0,,"Y","2016-05-27",3404,"2016-05-15",1202,"8202","3","5","7","0","0",,"0","03B","-","N",,0,0,,,0,,,,"N",2,"A","-",21082,"A","N","A","H","-","A","A","0","Y","A","01",0,2,0,0,0,0,0,0,0,"-","-","SACRAMENTO","SACRAMENTO","CA",0,0
"8041726",-121.4416931,38.434625,2016,"3450","0","6","3","05",0,1,"B",,"Y",,,,2400,5,"D","G","A","BIG HORN BL","FRYE CREEK DR",0,,"Y","2016-05-26",340,"2016-05-07",2300,"10621","2104","5","5","0","0",,"0","002","-","N",,0,0,,,0,,,,"N",2,"A","-",21650,"1","F","A","H","-","C","D","0","Y","L","04",0,1,0,0,0,0,1,0,0,"-","-","ELK GROVE","SACRAMENTO","CA",0,0
"8041722",0,0,2016,"3450","0","6","4","-",0,1,"A",,,,,,300,5,"E","I","A","ELK GROVE BL","MCKENNA DR",310,"W","N","2016-05-26",340,"2016-05-07",105,"10615","4104","5","5","0","0",,"0","004","-","N",,0,0,,,0,,,,"Y",1,"-","-",0,,"N","A","H","-","C","D","0","Y","-","-",0,0,1,0,0,0,0,0,0,"-","-","ELK GROVE","SACRAMENTO","CA",0,0
"8041714",0,0,2016,"3450","0","2","3","12",0,1,"A",,"Y",,,,1200,5,"D","C","A","BRABANT WY","WESTFALEN WY",0,,"Y","2016-05-26",340,"2016-05-10",1110,"10058","4105","5","5","0","0",,"0","004","-","N",,0,0,,,0,,,,"N",2,"A","-",22450,"A","N","A","H","-","A","D","0","Y","L","04",0,1,0,0,0,0,1,0,0,"-","-","ELK GROVE","SACRAMENTO","CA",0,0
"8041712",-121.3843961,38.4089635,2016,"3450","0","5","4","09",0,2,"A",,,,,,2400,4,"B","C","A","ELK GROVE BL","E STOCKTON BL",45,"E","N","2016-05-26",340,"2016-04-29",2225,"10598","5401","5","5","0","0",,"0","005","-","N",,0,0,,,0,,,,"N",2,"A","-",21453,"C","N","A","H","-","C","A","0","Y","A","01",0,0,2,0,0,0,0,0,0,"-","-","ELK GROVE","SACRAMENTO","CA",0,0
"8041706",-121.4472684,38.4286777,2016,"3450","0","2","4","03",0,6,"A",,,,,,900,5,"C","C","A","FRANKLIN BL","LAGUNA PARK DR",34,"N","N","2016-05-26",340,"2016-05-10",811,"10058","2103","5","5","0","0",,"0","002","-","N",,0,0,,,0,,,,"Y",3,"A","-",22350,,"N","A","H","-","A","A","0","Y","A","01",0,0,6,0,0,0,0,0,0,"-","-","ELK GROVE","SACRAMENTO","CA",0,0
"8041708",-121.4598431,38.424365,2016,"3450","0","2","4","09",0,1,"A",,,,,,2400,4,"D","C","A","LAGUNA BL","BABSON DR",0,,"Y","2016-05-26",340,"2016-04-26",2122,"10572","1207","5","5","0","0",,"0","001","-","N",,0,0,,,0,,,,"N",2,"A","-",21453,"C","N","A","H","-","C","A","0","Y","A","01",0,0,1,0,0,0,0,0,0,"-","-","ELK GROVE","SACRAMENTO","CA",0,0
"8041571",-121.4334031,38.435375,2016,"3450","0","4","3","12",0,2,"A",,,,,,1500,5,"B","C","A","BIG HORN BL","BROCKENHURST DR",0,,"Y","2016-05-27",340,"2016-05-12",1330,"10103","2104","5","5","0","0",,"0","002","-","N",,0,0,,,0,,,,"Y",2,"A","-",21453,"A","N","A","H","-","A","A","0","Y","A","01",0,1,1,0,0,0,0,0,0,"-","-","ELK GROVE","SACRAMENTO","CA",0,0
"8041563",-121.3731849,38.423443,2016,"3450","0","6","3","03",0,2,"A",,,,,,1800,5,"C","C","A","BOND RD","ELK GROVE FLORIN RD",525,"E","N","2016-05-27",340,"2016-05-14",1503,"10573","3404","5","5","0","0",,"0","003","-","N",,0,0,,,0,,,,"Y",2,"A","-",22350,,"N","A","H","-","A","A","0","Y","A","01",0,1,1,0,0,0,0,0,0,"-","-","ELK GROVE","SACRAMENTO","CA",0,0
"8041523",-121.4807665,38.417462,2016,"3450","0","4","4","03",0,1,"A",,,,,,900,4,"C","C","A","GALEN DR","HARBOUR POINT DR",20,"W","N","2016-05-27",340,"2016-04-28",653,"10107","1203","5","5","0","0",,"0","001","-","N",,0,0,,,0,,,,"N",2,"A","-",22350,,"N","A","H","-","A","D","0","Y","D","22",0,0,1,0,0,0,0,0,0,"-","-","ELK GROVE","SACRAMENTO","CA",0,0
"8041343",-121.4646231,38.5774751,2016,"3404","0","5","4","12",0,2,"A",,,,,,2400,4,"D","C","A","F ST","30TH ST",0,,"Y","2016-05-24",3404,"2016-04-29",2254,"667","6","5","7","0","0",,"0","06D","-","N",,0,0,,,0,,,,"Y",2,"A","-",21453,"A","N","A","H","-","C","A","0","Y","A","01",0,0,2,0,0,0,0,0,0,"-","-","SACRAMENTO","SACRAMENTO","CA",0,0
"8041292",-121.4279197,38.5322082,2016,"3404","0","1","3","03",0,1,"A",,,"Y",,,1500,5,"H","J","A","21ST AV","65TH ST EXPWY",82,"W","N","2016-05-24",3404,"2016-05-16",1209,"395",,"5","7","0","0",,"0",,"-","N",,0,0,,,0,,,,"Y",1,"A","-",22350,,"N","A","H","-","A","A","0","Y","C","02",0,1,0,0,0,0,0,0,1,"-","-","SACRAMENTO","SACRAMENTO","CA",0,0
"8041280",-121.4415154,38.5597683,2016,"3404","0","1","3","09",0,2,"A",,,,,,1200,5,"D","C","A","FOLSOM BL","53RD ST",31,"E","N","2016-05-24",3404,"2016-05-16",928,"8105",,"5","7","0","0",,"0",,"-","N",,0,0,,,0,,,,"Y",2,"A","-",21804,"A","N","A","H","-","A","D","0","Y","A","07",0,1,1,0,0,0,0,0,0,"-","-","SACRAMENTO","SACRAMENTO","CA",0,0
"8041276",-121.4090931,38.542235,2016,"3404","0","1","3","05",0,1,"A",,"Y",,,,1200,5,"D","G","A","POWER INN RD","RAMONA AV",0,,"Y","2016-05-24",3404,"2016-05-16",958,"957","6","5","7","0","0",,"0","06C","-","N",,0,0,,,0,,,,"N",2,"A","-",21650,,"N","A","H","-","A","A","0","Y","L","04",0,1,0,0,0,0,1,0,0,"-","-","SACRAMENTO","SACRAMENTO","CA",0,0
"8041272",-121.4865168,38.5751958,2016,"3404","0","1","4","03",0,2,"A",,,,,,2100,5,"C","C","A","16TH ST","CAPITOL AV",150,"N","N","2016-06-02",3404,"2016-05-16",1812,"325","3","5","7","0","0",,"0","03B","-","N",,0,0,,,0,,,,"N",2,"A","-",22350,,"N","A","H","-","A","A","0","Y","A","01",0,0,2,0,0,0,0,0,0,"-","-","SACRAMENTO","SACRAMENTO","CA",0,0
"8041268",-121.4795531,38.591195,2016,"3404","0","7","3","00",0,1,"A","Y",,,,,300,5,"G","B","D","NORTH 16TH ST","MCCORMACK ST",0,,"Y","2016-05-24",3404,"2016-05-15",246,"0557","3","5","7","0","0",,"0","00A","-","N",,0,0,,,0,,,,"N",2,"A","-",20001,,"F","A","H","-","C","D","0","Y","A","01",0,1,0,0,1,0,0,0,0,"-","-","SACRAMENTO","SACRAMENTO","CA",0,0
"8041264",-121.4869051,38.4814251,2016,"3404","0","5","4","10",0,1,"C","Y",,,,,900,5,"G","B","B","MEADOWVIEW RD","TAMOSHANTER WY",12,"W","N","2016-05-24",3404,"2016-05-06",733,"0690","5","5","7","0","0",,"0","00A","-","N",,0,0,,,0,,,,"N",2,"A","-",21950,"A","F","B","H","-","A","A","0","Y","A","01",0,0,1,0,1,0,0,0,0,"-","-","SACRAMENTO","SACRAMENTO","CA",0,0
"8041211",-121.5037731,38.580615,2016,"3404","0","7","2","00",0,2,"A",,,,,,2100,5,"D","C","A","L ST","3RD ST",0,,"Y","2016-05-24",3404,"2016-05-15",2004,"824","3","5","7","0","0",,"0","00M","-","N",,0,0,,,0,,,,,2,"A","-",22350,"A","N","A","H","-","B","A","0","Y","A","01",1,0,1,0,0,0,0,0,0,"-","-","SACRAMENTO","SACRAMENTO","CA",0,0
"8041130",-121.5013031,38.481285,2016,"3404","0","2","4","00",0,1,"A",,,,,,1200,5,"D","C","A","MEADOWVIEW RD","AMHERST ST",0,,"Y","2016-05-25",3404,"2016-05-10",945,"8131","5","5","7","0","0",,"0","05A","-","N",,0,0,,,0,,,,"Y",2,"D","-",0,,"N","A","H","-","A","A","0","Y","-","-",0,0,1,0,0,0,0,0,0,"-","-","SACRAMENTO","SACRAMENTO","CA",0,0
"8041126",-121.4186482,38.6364651,2016,"3404","0","7","3","01",0,3,"A","Y",,,,"Y",2400,5,"B","E","E","GRAND AV","DAYTON ST",50,"W","N","2016-05-24",3404,"2016-05-15",2100,"860","2A","5","7","0","0",,"0",,"-","N",,0,0,,,0,,,,"N",4,"A","-",23152,"A","F","A","H","-","C","D","0","Y","A","01",0,2,1,0,1,0,0,0,0,"-","-","SACRAMENTO","SACRAMENTO","CA",0,0
"8040720",0,0,2016,"3401","0","2","4","03",0,1,"B",,,,,,1200,5,"C","C","A","GREENBACK LN","NEGRO BAR ENTRANCE",150,"E","N","2016-05-20",3401,"2016-05-03",1030,"222","3401","5","5","0","0",,"0","001","-","N",,0,0,,,0,,,,"N",2,"A","-",22350,,"N","A","D","-","A","A","0","Y","D","22",0,0,1,0,0,0,0,0,0,"-","-","FOLSOM","SACRAMENTO","CA",-121.1844,38.68311
"8040701",-121.1989884,38.6780522,2016,"3401","0","7","4","03",0,1,"B",,,,,,1200,5,"C","C","A","GREENBACK LN","RIVER ROCK WY",785,"W","N","2016-05-19",3401,"2016-05-08",1012,"173","3401","5","5","0","0",,"0","001","-","N",,0,0,,,0,,,,"Y",3,"A","-",22350,,"N","A","H","-","A","D","0","Y","A","01",0,0,1,0,0,0,0,0,0,"-","-","FOLSOM","SACRAMENTO","CA",0,0
"8040616",-121.4302031,38.634695,2016,"3404","0","2","3","03",0,1,"A",,,,,,1200,5,"C","C","A","ROANOKE","MARYSVILLE BL",0,,"Y","2016-05-23",3404,"2016-05-03",946,"598",,"5","7","0","0",,"0",,"-","N",,0,0,,,0,,,,"N",2,"A","-",22350,,"F","A","H","-","-","D","0","Y","-",,0,1,0,0,0,0,0,0,0,"-","-","SACRAMENTO","SACRAMENTO","CA",0,0
"8040612",-121.4071951,38.5489508,2016,"3404","0","2","4","07",0,1,"A",,,"Y",,,1500,5,"D","C","A","FOLSOM BL","BICENTENNIAL CIR",120,"E","N","2016-05-18",3404,"2016-05-03",1444,"8131","6","5","7","0","0",,"0","06E","-","N",,0,0,,,0,,,,"Y",3,"A","-",21658,"A","N","A","H","-","A","A","0","Y","C","02",0,0,1,0,0,0,0,0,1,"-","-","SACRAMENTO","SACRAMENTO","CA",0,0
"8040608",-121.4428271,38.5254308,2016,"3404","0","3","4","09",0,1,"A",,,,,,2100,5,"D","D","A","STOCKTON BL","FRUITRIDGE RD",150,"N","N","2016-05-18",3404,"2016-05-04",1911,"0280","P6","5","7","0","0",,"0","06B","-","N",,0,0,,,0,,,,"Y",2,"A","-",21804,,"N","A","A","-","A","D","0","Y","A","07",0,0,1,0,0,0,0,0,0,"-","-","SACRAMENTO","SACRAMENTO","CA",0,0
"8040604",-121.4655034,38.5721439,2016,"3404","0","1","4","17",0,1,"A",,"Y",,,,2100,5,"D","G","A","ALHAMBRA BL","K ST",180,"N","N","2016-05-18",3404,"2016-05-09",2007,"938","6","5","7","0","0",,"0","00D","-","N",,0,0,,,0,,,,"N",2,"A","-",21208,,"N","A","H","-","B","D","0","Y","L","04",0,0,1,0,0,0,1,0,0,"-","-","SACRAMENTO","SACRAMENTO","CA",0,0
"8040600",-121.4306131,38.6329251,2016,"3404","0","2","3","10",0,1,"A","Y",,,,,900,5,"G","B","B","MARYSVILLE BL","SOUTH AV",0,,"Y","2016-05-18",3404,"2016-05-10",634,"733",,"5","7","0","0",,"0",,"-","N",,0,0,,,0,,,,"N",2,"A","-",21950,"A","N","A","H","-","-","A","0","Y","A","01",0,1,0,0,1,0,0,0,0,"-","-","SACRAMENTO","SACRAMENTO","CA",0,0
"8040596",-121.4927031,38.5923951,2016,"3404","0","2","4","09",0,2,"A",,,,,,1800,5,"A","C","A","NORTH 7TH ST","NORTH B ST",0,,"Y","2016-05-18",3404,"2016-05-10",1726,"824","3","5","7","0","0",,"0","00A","-","N",,0,0,,,0,,,,"Y",2,"A","-",21801,"A","N","A","H","-","A","A","0","Y","A","01",0,0,2,0,0,0,0,0,0,"-","-","SACRAMENTO","SACRAMENTO","CA",0,0
"8040588",-121.4978631,38.612765,2016,"3404","0","7","3","11",0,1,"A","Y",,,,"Y",2400,5,"G","B","B","TRUXEL RD","WEST EL CAMINO AV",0,,"Y","2016-05-18",3404,"2016-05-01",2122,"233","1","5","7","0","0",,"0","01B","-","N",,0,0,,,0,,,,"N",2,"A","-",21456,"B","N","A","H","-","C","A","0","Y","N","60",0,1,0,0,1,0,0,0,0,"-","-","SACRAMENTO","SACRAMENTO","CA",0,0
"8040568",-121.4722032,38.5635751,2016,"3404","0","2","3","00",0,2,"A",,,,,,2100,5,"D","C","A","29TH ST","S ST",0,,"Y","2016-05-23",3404,"2016-05-10",1857,"931","3","5","7","0","0",,"0","00B","-","N",,0,0,,,0,,,,"Y",2,"A","-",21453,,"N","A","H","-","A","A","0","Y","-","-",0,1,1,0,0,0,0,0,0,"-","-","SACRAMENTO","SACRAMENTO","CA",0,0
"8040514",-121.379516,38.6384904,2016,"3404","0","2","4","03",0,3,"A",,,,,,900,5,"C","C","A","AUBURN BL","ANNADALE LN",366,"W","N","2016-08-29",3404,"2016-05-03",805,"0237","SACRA","5","7","0","0",,"0","02A","-","N",,0,0,,,0,,,,"Y",4,"A","-",22350,,"N","A","H","-","A","D","0","Y","A","01",0,0,3,0,0,0,0,0,0,"-","-","SACRAMENTO","SACRAMENTO","CA",0,0
"8040477",-121.2721032,38.7036709,2016,"3496","0","4","4","03",0,1,"A",,,,,,1200,2,"C","C","A","OLD AUBURN RD","SUNRISE BL",55,"W","N","2016-05-16",3496,"2016-02-25",1015,"247","3496","5","5","0","0",,"0","002","-","N",,0,0,,,0,,,,"N",2,"A","-",22350,,"N","A","H","-","A","A","0","Y","A","01",0,0,1,0,0,0,0,0,0,"-","-","CITRUS HEIGHTS","SACRAMENTO","CA",0,0
"8040473",-121.3241591,38.6763624,2016,"3496","0","3","4","03",0,1,"B",,,"Y",,,1800,2,"F","A","A","AUBURN BL","SHADOW LN",258,"S","N","2016-05-16",3496,"2016-02-17",1735,"328",,"5","5","0","0",,"0","001","-","N",,0,0,,,0,,,,"N",1,"A","-",22350,,"N","A","H","-","B","D","0","Y","C","03",0,0,1,0,0,0,0,0,1,"-","-","CITRUS HEIGHTS","SACRAMENTO","CA",0,0
"8040465",-121.2719101,38.6996349,2016,"3496","0","3","3","03",0,1,"A",,,"Y",,,1800,2,"F","A","A","SUNRISE BL","OAK AV",255,"S","N","2016-05-16",3496,"2016-02-24",1650,"375","3496","5","5","0","0",,"0","002","-","N",,0,0,,,0,,,,"Y",1,"A","-",22350,,"N","A","H","-","A","D","0","Y","C","02",0,1,0,0,0,0,0,0,1,"-","-","CITRUS HEIGHTS","SACRAMENTO","CA",0,0
"8040416",-121.4667331,38.5523651,2016,"3404","0","2","4","12",0,1,"B",,,,,,1800,5,"D","C","A","36TH ST","2ND AV",0,,"Y","2016-05-16",3404,"2016-05-03",1541,"0855","6","5","7","0","0",,"0","06A","-","N",,0,0,,,0,,,,"Y",4,"A","-",22450,,"F","A","H","-","A","A","0","Y","A","01",0,0,1,0,0,0,0,0,0,"-","-","SACRAMENTO","SACRAMENTO","CA",0,0
"8040412",-121.5060999,38.4967261,2016,"3404","0","5","2","03",0,3,"A",,,,,,1500,5,"E","I","A","FREEPORT BL","FLORIN RD",350,"N","N","2016-05-16",3404,"2016-05-06",1421,"8167",,"5","7","0","0",,"0","04B","-","N",,0,0,,,0,,,,"Y",1,"A","-",22350,,"N","A","H","-","A","D","0","Y","A","01",1,0,2,0,0,0,0,0,0,"-","-","SACRAMENTO","SACRAMENTO","CA",0,0
"8040345",-121.2443131,38.705059,2016,"3496","0","6","4","08",0,2,"A",,,,,,1500,3,"D","C","A","WACHTEL WY","LOIS LN",16,"N","N","2016-05-16",3496,"2016-03-12",1403,"364","3496","5","5","0","0",,"0","002","-","N",,0,0,,,0,,,,"Y",2,"A","-",22100,"B","N","A","H","-","A","D","0","Y","A","08",0,0,2,0,0,0,0,0,0,"-","-","CITRUS HEIGHTS","SACRAMENTO","CA",0,0
"8040329",-121.4750231,38.538035,2016,"3404","0","6","2","09",0,3,"A",,,,,,1800,4,"D","C","A","FRANKLIN BL","WILMINGTON AV",0,,"Y","2016-05-13",3404,"2016-04-30",1752,"0784","4","5","7","0","0",,"0","04B","-","N",,0,0,,,0,,,,"Y",2,"A","-",21802,"A","N","A","H","-","A","A","0","Y","A","01",1,0,2,0,0,0,0,0,0,"-","-","SACRAMENTO","SACRAMENTO","CA",0,0
"8040022",-121.4681015,38.5662122,2016,"3404","0","1","4","03",0,1,"A",,,,,,1800,5,"C","C","A","ALHAMBRA BL","STOCKTON BL",33,"N","N","2016-05-12",3404,"2016-05-02",1643,"948","P6","5","7","0","0",,"0","06D","-","N",,0,0,,,0,,,,"N",2,"A","-",22350,,"N","A","H","-","A","A","0","Y","A","01",0,0,1,0,0,0,0,0,0,"-","-","SACRAMENTO","SACRAMENTO","CA",0,0
"8039383",-121.141904,38.6756359,2016,"3401","0","6","2","00",0,2,"A",,,,,,1200,5,"E","I","A","BLUE RAVINE RD","FLOWER DR",40,"W","N","2016-05-25",3401,"2016-05-14",1145,"178","3401","5","5","0","0",,"0","003","-","N",,0,0,,,0,,,,"Y",1,"A","-",23153,"E","N","A","H","-","A","A","0","Y","A","01",1,1,0,0,0,0,0,0,0,"-","-","FOLSOM","SACRAMENTO","CA",0,0
"8039379",0,0,2016,"3401","0","2","3","01",0,1,"A",,,,,"Y",600,5,"E","I","A","RILEY ST","BIDWELL ST",30,"S","N","2016-05-25",3401,"2016-05-03",323,"204","3401","5","5","0","0",,"0","002","-","N",,0,0,,,0,,,,"Y",1,"A","-",23152,"A","M","A","H","-","C","D","0","Y","A","01",0,1,0,0,0,0,0,0,0,"-","-","FOLSOM","SACRAMENTO","CA",0,0
"8039346",-121.4852631,38.560935,2016,"3404","0","7","4","12",0,3,"A",,,,,,2400,4,"D","C","A","X ST","21ST ST",0,,"Y","2016-05-19",3404,"2016-04-24",2126,"0963",,"5","7","0","0",,"0","04A","-","N",,0,0,,,0,,,,"Y",2,"A","-",21453,"A","N","A","H","-","C","A","0","Y","A","01",0,0,3,0,0,0,0,0,0,"-","-","SACRAMENTO","SACRAMENTO","CA",0,0