"CASEID","POINT_X","POINT_Y","YEAR_","LOCATION","CHPTYPE","DAYWEEK","CRASHSEV","VIOLCAT","KILLED","INJURED","WEATHER1","PEDCOL","BICCOL","MCCOL","TRUCKCOL","ETOH","TIMECAT","MONTH_","CRASHTYP","INVOLVE","PED","PRIMARYRD","SECONDRD","DISTANCE","DIRECT","INTERSECT_","PROCDATE","JURIS","DATE_","TIME_","BADGE","JURIDIST","SHIFT","POP","SPECIAL","BEATTYPE","LAPDDIV","BEATCLAS","BEATNUMB","WEATHER2","STATEHW","CALTRANC","CALTRAND","STROUTE","ROUTESUF","POSTPRE","POSTMILE","LOCATYPE","RAMP","SIDEHW","TOWAWAY","PARTIES","PCF","VIOLCODE","VIOL","VIOLSUB","HITRUN","ROADSURF","RDCOND1","RDCOND2","LIGHTING","RIGHTWAY","CHPRDTYP","NOTPRIV","STFAULT","CHPFAULT","SEVINJ","OTHERINJ","COP","PEDKILL","PEDINJ","BICKILL","BICINJ","MCKILL","MCINJURE","RAMP1","RAMP2","CITY","COUNTY","STATE","X_CHP","Y_CHP"
"8032608",-121.3346561,38.4315387,2016,"3450","0","3","2","21",0,4,"A",,,,,,2400,4,"D","C","A","BRADSHAW RD","BOND RD",2889,"N","N","2016-05-03",340,"2016-04-27",2118,"10599","3504","5","5","0","0",,"0","003","-","N",,0,0,,,0,,,,"Y",2,"A","-",22106,,"N","A","H","-","D","D","0","Y","A","01",1,0,3,0,0,0,0,0,0,"-","-","ELK GROVE","SACRAMENTO","CA",0,0
"8032604",-121.3716231,38.413635,2016,"3450","0","5","4","12",0,3,"A",,,,,,2100,4,"D","C","A","ELK GROVE FLORIN RD","2ND AV",0,,"Y","2016-05-03",340,"2016-04-22",1853,"10599","5105","5","5","0","0",,"0","005","-","N",,0,0,,,0,,,,"Y",2,"A","-",21453,"A","N","A","H","-","A","A","0","Y","-","-",0,0,3,0,0,0,0,0,0,"-","-","ELK GROVE","SACRAMENTO","CA",0,0
"8032600",-121.3956831,38.4090651,2016,"3450","0","2","4","12",0,1,"A",,,,,,1800,4,"B","C","A","ELK GROVE BL","LAGUNA SPRINGS DR",0,,"Y","2016-05-03",340,"2016-04-19",1545,"10154","4203","5","5","0","0",,"0","004","-","N",,0,0,,,0,,,,"N",2,"A","-",21453,"A","M","A","H","-","A","A","0","Y","A","01",0,0,1,0,0,0,0,0,0,"-","-","ELK GROVE","SACRAMENTO","CA",0,0
"8032596",-121.3346936,38.4090027,2016,"3450","0","2","3","11",0,1,"B","Y",,,,,1800,4,"G","B","D","BRADSHAW RD","ELK GROVE BL",30,"S","N","2016-05-03",340,"2016-04-19",1520,"10621","5602","5","5","0","0",,"0","005","-","N",,0,0,,,0,,,,"N",2,"A","-",21954,"A","N","A","H","-","A","D","0","Y","N","60",0,1,0,0,1,0,0,0,0,"-","-","ELK GROVE","SACRAMENTO","CA",0,0
"8032576",-121.3521864,38.4090533,2016,"3450","0","5","3","17",0,2,"A",,,,,,1800,4,"D","C","A","ELK GROVE BL","WATERMAN RD",277,"E","N","2016-05-03",340,"2016-04-22",1519,"10573","5601","5","5","0","0",,"0","005","-","N",,0,0,,,0,,,,"N",2,"A","-",21209,"A","N","A","H","-","A","A","0","Y","A","01",0,1,1,0,0,0,0,0,0,"-","-","ELK GROVE","SACRAMENTO","CA",0,0
"8032572",-121.3662631,38.409005,2016,"3450","0","5","3","05",0,1,"A",,"Y",,,,900,4,"D","G","A","ELK GROVE BL","WALNUT AV",0,"E","N","2016-05-03",340,"2016-04-15",825,"10097","5501","5","5","0","0",,"0","005","-","N",,0,0,,,0,,,,"N",2,"A","-",21650,"1","N","A","H","-","A","D","0","Y","L","04",0,1,0,0,0,0,1,0,0,"-","-","ELK GROVE","SACRAMENTO","CA",0,0
"8032568",-121.4512652,38.4200451,2016,"3450","0","4","3","08",0,2,"A",,,,,,600,4,"A","E","A","SILVIES WY","ABERT CT",8,"E","N","2016-05-03",340,"2016-04-21",334,"10615","2301","5","5","0","0",,"0","002","-","N",,0,0,,,0,,,,"Y",2,"A","-",22107,,"N","A","H","-","C","D","0","Y","A","01",0,1,1,0,0,0,0,0,0,"-","-","ELK GROVE","SACRAMENTO","CA",0,0
"8032564",0,0,2016,"3450","0","4","4","09",0,3,"A",,,,,,2100,4,"D","C","A","BRUCEVILLE RD","WHITELOCK PKWY",0,,"Y","2016-05-03",340,"2016-04-21",2049,"10573","4302","5","5","0","0",,"0","004","-","N",,0,0,,,0,,,,"Y",2,"A","-",21453,"C","N","A","H","-","C","A","0","Y","A","01",0,0,3,0,0,0,0,0,0,"-","-","ELK GROVE","SACRAMENTO","CA",0,0
"8032387",-121.456203,38.611145,2016,"3404","0","6","4","01",0,1,"A",,,,,"Y",2400,4,"C","C","A","EL CAMINO AV","FORREST ST",0,,"Y","2016-04-29",3404,"2016-04-23",2318,"659","2","5","7","0","0",,"0","02B","-","N",,0,0,,,0,,,,"Y",2,"A","-",23152,"B","N","A","H","-","C","D","0","Y","A","01",0,0,1,0,0,0,0,0,0,"-","-","SACRAMENTO","SACRAMENTO","CA",0,0
"8032238",-121.4287615,38.6473709,2016,"3404","0","1","4","05",0,1,"A",,,,,,1200,4,"D","C","A","BELL AV","RALEY BL",129,"E","N","2016-05-02",3404,"2016-04-18",1123,"8167",,"5","7","0","0",,"0","02A","-","N",,0,0,,,0,,,,"Y",2,"A","-",21651,"A","N","A","H","-","A","D","0","Y","A","01",0,0,1,0,0,0,0,0,0,"-","-","SACRAMENTO","SACRAMENTO","CA",0,0
"8032234",-121.4833432,38.582485,2016,"3404","0","1","4","09",0,1,"A",,,,,,1500,4,"A","C","A","16TH ST","F ST",0,,"Y","2016-05-02",3404,"2016-04-25",1415,"0960","3","5","7","0","0",,"0","00B","-","N",,0,0,,,0,,,,"N",2,"A","-",21801,"A","N","A","H","-","A","A","0","Y","A","01",0,0,1,0,0,0,0,0,0,"-","-","SACRAMENTO","SACRAMENTO","CA",0,0
"8032228",-121.5118768,38.6148404,2016,"3404","0","4","4","03",0,1,"A",,,,,,1500,4,"C","E","A","WEST EL CAMINO AV","GATEWAY OAKS DR",1520,"E","N","2016-05-04",3404,"2016-04-14",1236,"779",,"5","7","0","0",,"0","00B","-","N",,0,0,,,0,,,,"N",3,"A","-",22350,,"N","A","H","-","A","D","0","Y","A","01",0,0,1,0,0,0,0,0,0,"-","-","SACRAMENTO","SACRAMENTO","CA",0,0
"8032226",-121.4426431,38.525045,2016,"3404","0","7","4","09",0,1,"A",,"Y",,,,2100,4,"D","G","A","STOCKTON BL","FRUITRIDGE RD",0,,"Y","2016-05-02",3404,"2016-04-24",1930,"0960","6","5","7","0","0",,"0","00B","-","N",,0,0,,,0,,,,"N",2,"A","-",21804,"A","N","A","H","-","B","A","0","Y","L","04",0,0,1,0,0,0,1,0,0,"-","-","SACRAMENTO","SACRAMENTO","CA",0,0
"8032181",0,0,2016,"3404","0","6","4","00",0,1,"A",,,"Y",,,2400,4,"-","J","A","ARDEN WY","ARDEN WY 1771",209,"E","N","2016-05-02",3404,"2016-04-23",2251,"780","2","5","7","0","0",,"0","00C","-","N",,0,0,,,0,,,,"N",1,"A","-",22107,"A","N","A","H","-","C","A","0","Y","C","02",0,0,1,0,0,0,0,0,1,"-","-","SACRAMENTO","SACRAMENTO","CA",0,0
"8032177",0,0,2016,"3404","0","2","4","03",0,1,"A",,,,,,1800,4,"C","C","A","FRUITRIDGE RD","FOODLINK ST",150,"W","N","2016-05-02",3404,"2016-04-26",1623,"0280",,"5","7","0","0",,"0",,"-","N",,0,0,,,0,,,,"N",3,"A","-",22350,,"N","A","H","-","A","D","0","Y","A","01",0,0,1,0,0,0,0,0,0,"-","-","SACRAMENTO","SACRAMENTO","CA",0,0
"8032169",-121.459403,38.6111151,2016,"3404","0","7","4","00",0,1,"-",,,,,,300,4,"D","C","A","EL CAMINO AV","GROVE AV",0,,"Y","2016-05-02",3404,"2016-04-24",137,"0597","P2","5","7","0","0",,"0","02B","-","N",,0,0,,,0,,,,"Y",2,"A","-",21453,,"F","A","H","-","E","A","0","Y","A","01",0,0,1,0,0,0,0,0,0,"-","-","SACRAMENTO","SACRAMENTO","CA",0,0
"8032173",-121.5170339,38.6135953,2016,"3404","0","3","3","-",0,1,"A",,"Y",,,,1500,4,"D","G","A","GATEWAY OAKS DR","WEST EL CAMINO AV",320,"S","N","2016-05-04",3404,"2016-04-13",1417,"779","1","5","7","0","0",,"0","00B","-","N",,0,0,,,0,,,,"N",2,"A","I",0,,"N","A","H","-","A","D","0","Y","L","04",0,1,0,0,0,0,1,0,0,"-","-","SACRAMENTO","SACRAMENTO","CA",0,0
"8032161",-121.4696631,38.572755,2016,"3404","0","6","3","00",0,1,"A","Y",,,,,2400,4,"G","B","B","28TH ST","K ST",0,,"Y","2016-05-02",3404,"2016-04-23",2212,"957","3","5","7","0","0",,"0","03B","-","N",,0,0,,,0,,,,"N",2,"A","-",21453,,"F","A","H","-","C","A","0","Y","-",,0,1,0,0,1,0,0,0,0,"-","-","SACRAMENTO","SACRAMENTO","CA",0,0
"8031974",-121.494303,38.581775,2016,"3404","0","6","4","12",0,2,"C",,,,,,1200,5,"D","C","A","I ST","9TH ST",0,,"Y","2016-05-12",3404,"2016-05-07",1003,"8198",,"5","7","0","0",,"0",,"-","N",,0,0,,,0,,,,"Y",2,"A","-",21453,"A","N","B","H","-","A","A","0","Y","A","08",0,0,2,0,0,0,0,0,0,"-","-","SACRAMENTO","SACRAMENTO","CA",0,0
"8031959",-121.4964531,38.556015,2016,"3404","0","1","4","09",0,1,"A",,,,,,900,5,"D","C","A","LAND PARK DR","MARKHAM WY",0,,"Y","2016-05-12",3404,"2016-05-02",846,"0835",,"5","7","0","0",,"0",,"-","N",,0,0,,,0,,,,"Y",2,"A","-",21801,"A","N","A","H","-","A","A","0","Y","A","01",0,0,1,0,0,0,0,0,0,"-","-","SACRAMENTO","SACRAMENTO","CA",0,0
"8031931",-121.4983988,38.6080716,2016,"3404","0","7","3","00",0,1,"A",,,,,,600,5,"E","I","A","GARDEN HWY","TRUXEL RD",165,"W","N","2016-05-17",3404,"2016-05-01",556,"957","1","5","7","0","0",,"0","01B","-","N",,0,0,,,0,,,,"Y",1,"D","-",0,,"F","A","H","-","C","A","0","Y","-","-",0,1,0,0,0,0,0,0,0,"-","-","SACRAMENTO","SACRAMENTO","CA",0,0
"8031729",-121.2907119,38.7066137,2016,"3496","0","2","4","03",0,1,"B",,,,,,1500,1,"-","C","A","ANTELOPE RD","AUBURN BL",91,"W","N","2016-05-10",3496,"2016-01-05",1412,"394",,"5","5","0","0",,"0","001","C","N",,0,0,,,0,,,,"N",2,"A","-",22350,,"M","B","H","-","A","A","0","Y","A","01",0,0,1,0,0,0,0,0,0,"-","-","CITRUS HEIGHTS","SACRAMENTO","CA",0,0
"8030957",0,0,2016,"3404","0","5","4","01",0,1,"A",,,,,,1200,4,"C","C","A","COSUMNES RIVER BL","BRUCEVILLE RD",129,"E","N","2016-05-05",3404,"2016-04-29",935,"0690","5","5","7","0","0",,"0","00C","-","N",,0,0,,,0,,,,"Y",3,"A","-",23152,"A","N","A","H","-","A","A","0","Y","A","01",0,0,1,0,0,0,0,0,0,"-","-","SACRAMENTO","SACRAMENTO","CA",0,0
"8030933",-121.5020757,38.6274651,2016,"3404","0","1","4","03",0,2,"A",,,,,,1200,4,"C","C","A","SAN JUAN RD","MIRAMONTE DR",75,"W","N","2016-05-05",3404,"2016-04-25",1051,"926",,"5","7","0","0",,"0","01B","-","N",,0,0,,,0,,,,"Y",2,"A","-",22350,,"N","A","H","-","A","A","0","Y","A","01",0,0,2,0,0,0,0,0,0,"-","-","SACRAMENTO","SACRAMENTO","CA",0,0
"8030929",-121.5002292,38.5821283,2016,"3404","0","4","4","03",0,1,"A",,,,,,1200,4,"C","C","A","J ST","5TH ST",38,"W","N","2016-05-05",3404,"2016-04-28",1130,"8198","3","5","7","0","0",,"0","03M","-","N",,0,0,,,0,,,,"N",2,"A","-",22350,,"F","A","H","-","A","A","0","Y","A","01",0,0,1,0,0,0,0,0,0,"-","-","SACRAMENTO","SACRAMENTO","CA",0,0
"8030925",-121.4154031,38.574145,2016,"3404","0","4","4","09",0,1,"A",,,"Y",,,1500,4,"D","C","A","FAIR OAKS BL","HOWE RD",0,,"Y","2016-05-05",3404,"2016-04-28",1311,"0973","6","5","7","0","0",,"0","00E","-","N",,0,0,,,0,,,,"N",2,"A","-",21453,"C","N","A","H","-","A","A","0","Y","A","01",0,0,1,0,0,0,0,0,1,"-","-","SACRAMENTO","SACRAMENTO","CA",0,0
"8030921",-121.443913,38.6111451,2016,"3404","0","4","4","00",0,3,"A",,,,,,2100,4,"D","C","A","EL CAMINO AV","EVERGREEN ST",0,,"Y","2016-05-05",3404,"2016-04-28",1858,"268","2","5","7","0","0",,"0","00B","-","N",,0,0,,,0,,,,"Y",2,"A","-",21450,,"N","A","H","-","A","A","0","Y","A","07",0,0,3,0,0,0,0,0,0,"-","-","SACRAMENTO","SACRAMENTO","CA",0,0
"8030842",-121.4368892,38.4741245,2016,"3404","0","5","4","08",0,1,"A",,"Y",,,,1800,4,"D","G","A","CENTER PKWY","MACK RD",80,"S","N","2016-05-16",3404,"2016-04-22",1652,"819","5","5","7","0","0",,"0","00C","-","N",,0,0,,,0,,,,"N",2,"A","-",22107,,"N","A","H","-","A","D","0","Y","L","04",0,0,1,0,0,0,1,0,0,"-","-","SACRAMENTO","SACRAMENTO","CA",0,0
"8029889",-121.2738031,38.617565,2016,"3490","0","5","3","03",0,1,"A",,,,,,1800,4,"C","C","A","COLOMA RD","VEHICLE DR",0,,"Y","2016-04-27",3400,"2016-04-01",1758,"967","RC","5","5","0","0",,"0",,"-","N",,0,0,,,0,,,,"N",2,"A","-",22350,,"N","A","H","-","A","A","0","Y","A","01",0,1,0,0,0,0,0,0,0,"-","-","RANCHO CORDOVA","SACRAMENTO","CA",-121.2738,38.6177
"8029877",-121.2714074,38.6136932,2016,"3490","0","4","3","05",0,2,"A",,,,,,1800,4,"A","C","A","ZINFANDEL DR","VEHICLE DR",110,"N","N","2016-04-27",3400,"2016-04-07",1547,"1407","RC","5","5","0","0",,"0",,"-","N",,0,0,,,0,,,,"Y",2,"A","-",21650,,"N","A","H","-","A","D","0","Y","-",,0,2,0,0,0,0,0,0,0,"-","-","RANCHO CORDOVA","SACRAMENTO","CA",-121.27153,38.61351
"8029850",-121.2872181,38.580779,2016,"3490","0","2","4","08",0,1,"A",,,,,,1500,4,"A","C","A","INTERNATIONAL DR","ZINFANDEL DR",790,"W","N","2016-04-27",3400,"2016-04-05",1437,"1174","RC","5","5","0","0",,"0","005","-","N",,0,0,,,0,,,,"Y",2,"A","-",22107,,"N","A","H","-","A","D","0","Y","A","01",0,0,1,0,0,0,0,0,0,"-","-","RANCHO CORDOVA","SACRAMENTO","CA",-121.28462,38.58171
"8029846",-121.2738421,38.6114645,2016,"3490","0","1","3","08",0,1,"A",,,,,,1500,4,"D","C","A","ZINFANDEL DR","RASHAWN DR",65,"W","N","2016-04-27",3400,"2016-04-11",1330,"507",,"5","5","0","0",,"0",,"-","N",,0,0,,,0,,,,"N",2,"A","-",22107,,"N","A","H","-","A","D","0","Y","-",,0,1,0,0,0,0,0,0,0,"-","-","RANCHO CORDOVA","SACRAMENTO","CA",-121.27369,38.61162
"8029845",-121.2683643,38.6181139,2016,"3490","0","6","4","03",0,3,"A",,,,,,2400,4,"C","C","A","SUNRISE BL","COLOMA RD",86,"S","N","2016-04-27",3400,"2016-04-02",2140,"374","5","5","5","0","0",,"0","005","-","N",,0,0,,,0,,,,"N",2,"A","-",22350,,"N","A","H","-","C","A","0","Y","A","01",0,0,3,0,0,0,0,0,0,"-","-","RANCHO CORDOVA","SACRAMENTO","CA",-121.26816,38.61852
"8029658",-121.4060516,38.6375389,2016,"3404","0","6","3","03",0,1,"A",,,,,,600,4,"E","I","A","ROSEVILLE RD","RT 80",141,"N","N","2016-08-29",3404,"2016-04-23",310,"623","P2","5","7","0","0",,"0","02A","-","N",,0,0,,,0,,,,"Y",1,"A","-",22350,,"N","A","H","-","C","D","0","Y","A","01",0,1,0,0,0,0,0,0,0,"-","-","SACRAMENTO","SACRAMENTO","CA",0,0
"8029654",0,0,2016,"3404","0","5","4","12",0,2,"A",,,,,,1200,4,"D","C","A","ARDEN WY","SEARS DRWY",16,"E","N","2016-05-17",3404,"2016-04-29",1103,"8202","2","5","7","0","0",,"0","02C","-","N",,0,0,,,0,,,,"Y",2,"A","-",21453,"A","N","A","H","-","A","A","0","Y","-","-",0,0,2,0,0,0,0,0,0,"-","-","SACRAMENTO","SACRAMENTO","CA",0,0
"8029492",0,0,2016,"3404","0","6","3","03",0,6,"-",,,,,,300,4,"F","A","A","FOLSOM BL","FOLSOM BL 6800",100,"S","N","2016-05-11",3404,"2016-04-30",136,"0667","6","5","7","0","0",,"0","00D","-","N",,0,0,,,0,,,,"Y",1,"A","-",22350,,"N","A","H","-","-","D","0","Y","A","07",0,2,4,0,0,0,0,0,0,"-","-","SACRAMENTO","SACRAMENTO","CA",0,0
"8029488",-121.4450931,38.567415,2016,"3404","0","4","3","04",0,3,"A",,,"Y",,,2400,4,"-","C","A","J ST","47TH ST",0,,"Y","2016-05-11",3404,"2016-04-28",2202,"667","6","5","7","0","0",,"0","06D","-","N",,0,0,,,0,,,,"N",3,"A","-",21703,,"N","A","H","-","C","A","0","Y","C","02",0,1,2,0,0,0,0,0,3,"-","-","SACRAMENTO","SACRAMENTO","CA",0,0
"8029484",-121.467593,38.495995,2016,"3404","0","1","4","03",0,1,"A",,,,,,1800,4,"C","C","A","FLORIN RD","HISPERRY LN",0,,"Y","2016-05-11",3404,"2016-04-25",1513,"489","SAC","5","7","0","0",,"0","04B","-","N",,0,0,,,0,,,,"N",3,"A","-",22350,,"F","A","H","-","A","D","0","Y","A","01",0,0,1,0,0,0,0,0,0,"-","-","SACRAMENTO","SACRAMENTO","CA",0,0
"8029231",-121.4724931,38.556075,2016,"3404","0","1","4","12",0,2,"A",,,,,"Y",300,4,"D","C","A","ALHAMBRA BL","BROADWAY",0,,"Y","2016-05-04",3404,"2016-04-18",159,"971","6","5","7","0","0",,"0","00A","-","N",,0,0,,,0,,,,"Y",2,"A","-",21453,"A","N","A","H","-","C","A","0","Y","D","22",0,0,2,0,0,0,0,0,0,"-","-","SACRAMENTO","SACRAMENTO","CA",0,0
"8028119",0,0,2016,"3490","0","7","4","09",0,1,"A",,,,,,1500,4,"D","C","A","ROUTIER RD","MILLS STATION RD",0,,"Y","2016-04-27",3400,"2016-04-10",1436,"374","5","5","5","0","0",,"0","005","-","N",,0,0,,,0,,,,"Y",2,"A","-",21802,"A","N","A","H","-","A","D","0","Y","A","01",0,0,1,0,0,0,0,0,0,"-","-","RANCHO CORDOVA","SACRAMENTO","CA",-121.31842,38.5765
"8028111",-121.287223,38.589505,2016,"3490","0","1","3","12",0,2,"A",,,,,,900,4,"D","C","A","ZINFANDEL DR","GOLD CENTER DR",0,,"Y","2016-04-27",3400,"2016-04-04",745,"20CSO","RC","5","5","0","0",,"0","005","-","N",,0,0,,,0,,,,"Y",2,"A","-",21453,"A","N","A","H","-","A","D","0","Y","A","01",0,1,1,0,0,0,0,0,0,"-","-","RANCHO CORDOVA","SACRAMENTO","CA",-121.28728,38.5894
"8028066",-121.2868721,38.5877021,2016,"3490","0","5","3","03",0,2,"B",,,,,,2400,4,"C","C","A","ZINFANDEL DR","WHITE ROCK RD",60,"S","N","2016-04-28",3400,"2016-04-08",2151,"1003","RC","5","5","0","0",,"0","005","-","N",,0,0,,,0,,,,"Y",3,"A","-",22350,,"N","A","H","-","C","A","0","Y","A","01",0,1,1,0,0,0,0,0,0,"-","-","RANCHO CORDOVA","SACRAMENTO","CA",-121.28682,38.58776
"8027517",-121.3827474,38.5648059,2016,"3404","0","6","3","03",0,4,"A",,,,,,900,4,"C","C","A","WATT AV","LA RIVIERA DR",231,"N","N","2016-08-29",3404,"2016-04-16",600,"668","CE","5","7","0","0",,"0","00E","-","N",,0,0,,,0,,,,"Y",2,"A","-",22350,,"N","A","H","-","B","-","0","Y","A","01",0,3,1,0,0,0,0,0,0,"-","-","SACRAMENTO","SACRAMENTO","CA",0,0
"8027469",-121.469353,38.570185,2016,"3404","0","7","3","01",0,3,"A",,,,,"Y",2400,4,"D","C","A","CAPITOL AV","29TH ST",0,,"Y","2016-04-29",3404,"2016-04-24",2223,"957","3","5","7","0","0",,"0","03B","-","N",,0,0,,,0,,,,"Y",2,"A","-",23153,"A","N","A","H","-","C","A","0","Y","A","01",0,2,1,0,0,0,0,0,0,"-","-","SACRAMENTO","SACRAMENTO","CA",0,0
"8027461",-121.4252984,38.5250915,2016,"3404","0","6","4","09",0,2,"A",,,,,,1800,4,"D","C","A","FRUITRIDGE RD","66TH ST",30,"E","N","2016-04-29",3404,"2016-04-16",1645,"403","6C","5","7","0","0",,"0",,"-","N",,0,0,,,0,,,,"Y",2,"A","-",21801,"A","N","A","H","-","A","D","0","Y","A","01",0,0,2,0,0,0,0,0,0,"-","-","SACRAMENTO","SACRAMENTO","CA",0,0
"8027465",-121.3699269,38.5114112,2016,"3404","0","6","4","00",0,1,"A","Y",,,,,300,4,"G","B","E","SOUTH WATT AV","ELDER CREEK RD",246,"N","N","2016-05-03",3404,"2016-04-16",121,"0572","6","5","7","0","0",,"0","00C","-","N",,0,0,,,0,,,,"N",2,"A","-",21954,,"N","A","H","-","C","D","0","Y","N","60",0,0,1,0,1,0,0,0,0,"-","-","SACRAMENTO","SACRAMENTO","CA",0,0
"8027457",-121.4980631,38.576575,2016,"3404","0","6","3","03",0,2,"A",,,,,,300,4,"D","C","A","N ST","8TH ST",0,,"Y","2016-04-29",3404,"2016-04-23",210,"602","3","5","7","0","0",,"0","00M","-","N",,0,0,,,0,,,,"N",2,"A","-",22350,,"N","A","H","-","C","A","0","Y","A","01",0,1,1,0,0,0,0,0,0,"-","-","SACRAMENTO","SACRAMENTO","CA",0,0
"8027453",-121.4755308,38.6296021,2016,"3404","0","6","4","03",0,2,"A",,,,,,2100,4,"C","C","A","SAN JUAN RD","NORTHGATE BL",15,"E","N","2016-05-03",3404,"2016-04-23",1837,"0379","1","5","7","0","0",,"0","00C","-","N",,0,0,,,0,,,,"N",2,"A","-",22350,,"F","A","H","-","A","A","0","Y","A","01",0,0,2,0,0,0,0,0,0,"-","-","SACRAMENTO","SACRAMENTO","CA",0,0
"8026906",0,0,2016,"3404","0","3","4","05",0,1,"A",,,,"Y",,900,4,"A","C","A","BANNON ST","SEQUOIA PACIFIC BL",400,"S","N","2016-06-22",3404,"2016-04-20",751,"679","P3","5","7","0","0",,"0","00B","-","N",,0,0,,,0,,,,"Y",2,"A","-",21460,"A","N","A","H","-","A","A","0","Y","F","25",0,0,1,0,0,0,0,0,0,"-","-","SACRAMENTO","SACRAMENTO","CA",0,0
"8026799",-121.4979032,38.618965,2016,"3404","0","6","4","12",0,2,"A",,,,,,900,4,"D","C","A","TRUXEL RD","PEBBLESTONE WY",0,,"Y","2016-04-25",3404,"2016-04-02",822,"8204","1","5","7","0","0",,"0","01C","-","N",,0,0,,,0,,,,"Y",2,"A","-",21453,"A","N","A","H","-","A","A","0","Y","A","01",0,0,2,0,0,0,0,0,0,"-","-","SACRAMENTO","SACRAMENTO","CA",0,0
"8026764",0,0,2016,"3404","0","3","4","03",0,3,"A",,,,,"Y",1800,4,"C","C","A","HOWE AV","SACRAMENTO CITY LIGHT POST 22586",48,"S","N","2016-04-25",3404,"2016-04-20",1632,"428","P6","5","7","0","0",,"0","06E","-","N",,0,0,,,0,,,,"Y",4,"A","-",22350,,"N","A","H","-","A","D","0","Y","A","01",0,0,3,0,0,0,0,0,0,"-","-","SACRAMENTO","SACRAMENTO","CA",0,0
"8026760",-121.4658531,38.533615,2016,"3404","0","3","4","12",0,2,"A",,,,,,2100,4,"D","C","A","21ST AV","38TH ST",0,,"Y","2016-04-25",3404,"2016-04-20",1826,"0280","P6","5","7","0","0",,"0","06A","-","N",,0,0,,,0,,,,"Y",2,"A","-",22450,,"N","A","H","-","A","A","0","Y","A","01",0,0,2,0,0,0,0,0,0,"-","-","SACRAMENTO","SACRAMENTO","CA",0,0
"8026756",-121.4272331,38.520375,2016,"3404","0","3","3","12",0,3,"A",,,,,,900,4,"D","C","A","38TH AV","65TH ST",0,,"Y","2016-04-25",3404,"2016-04-20",655,"8198","6","5","7","0","0",,"0","06C","-","N",,0,0,,,0,,,,"Y",2,"A","-",22450,"A","N","A","H","-","A","A","0","Y","A","01",0,1,2,0,0,0,0,0,0,"-","-","SACRAMENTO","SACRAMENTO","CA",0,0
"8026752",0,0,2016,"3404","0","2","3","03",0,1,"A",,,,,,2400,4,"D","I","A","ALTOS AV","ALTOS AV 2818",0,,"Y","2016-04-25",3404,"2016-04-19",2340,"992","SACRA","5","7","0","0",,"0","02D","-","N",,0,0,,,0,,,,"Y",3,"A","-",22350,,"N","A","H","-","C","D","0","Y","A","07",0,1,0,0,0,0,0,0,0,"-","-","SACRAMENTO","SACRAMENTO","CA",0,0
"8026748",-121.4090931,38.5200263,2016,"3404","0","2","1","09",1,1,"A","Y",,,,,1200,4,"G","B","F","POWER INN RD","36TH AV",178,"S","N","2016-06-17",3404,"2016-04-19",919,"0784","6","5","7","0","0",,"0","06C","-","N",,0,0,,,0,,,,"Y",3,"A","-",21802,"A","N","A","H","-","A","A","0","Y","A","07",0,1,0,1,0,0,0,0,0,"-","-","SACRAMENTO","SACRAMENTO","CA",0,0
"8026744",-121.4663731,38.5412051,2016,"3404","0","1","4","03",0,2,"-",,,,,,2400,4,"-","C","A","12TH AV","38TH ST",0,,"Y","2016-04-25",3404,"2016-04-18",2130,"479",,"5","7","0","0",,"0",,"-","N",,0,0,,,0,,,,"N",2,"A","-",22350,,"N","-","H","-","C","D","0","Y","-",,0,0,2,0,0,0,0,0,0,"-","-","SACRAMENTO","SACRAMENTO","CA",0,0
"8026740",0,0,2016,"3404","0","1","4","03",0,1,"A",,,,,,2100,4,"C","C","A","ARENA BL","E COMMERCE WAY",167,"W","N","2016-04-29",3404,"2016-04-18",1901,"233","2","5","7","0","0",,"0","02A","-","N",,0,0,,,0,,,,"Y",3,"A","-",22350,,"N","A","H","-","A","D","0","Y","A","01",0,0,1,0,0,0,0,0,0,"-","-","SACRAMENTO","SACRAMENTO","CA",0,0
"8026736",-121.4758343,38.6053136,2016,"3404","0","1","4","03",0,2,"A",,,,,,1800,4,"C","C","A","ARDEN GARDEN CONNECTOR","NORTHGATE BL",50,"W","N","2016-04-25",3404,"2016-04-18",1646,"233","1","5","7","0","0",,"0","01C","-","N",,0,0,,,0,,,,"Y",2,"A","-",22350,,"N","A","H","-","A","D","0","Y","A","01",0,0,2,0,0,0,0,0,0,"-","-","SACRAMENTO","SACRAMENTO","CA",0,0
"8026732",-121.5023332,38.539715,2016,"3404","0","1","4","09",0,2,"A",,,,,,1500,4,"D","C","A","LAND PARK DR","15TH AV",0,,"Y","2016-04-25",3404,"2016-04-18",1208,"0940","4","5","7","0","0",,"0","04A","-","N",,0,0,,,0,,,,"N",2,"A","-",21802,"A","N","A","H","-","A","A","0","Y","A","08",0,0,2,0,0,0,0,0,0,"-","-","SACRAMENTO","SACRAMENTO","CA",0,0
"8026728",-121.4337531,38.505925,2016,"3404","0","7","4","03",0,2,"A",,,,,,1200,4,"C","C","A","STOCKTON BL","FOWLER AV",0,"S","N","2016-04-25",3404,"2016-04-17",905,"8167",,"5","7","0","0",,"0","06C","-","N",,0,0,,,0,,,,"N",2,"A","-",22350,,"F","A","H","-","A","B","0","Y","-",,0,0,2,0,0,0,0,0,0,"-","-","SACRAMENTO","SACRAMENTO","CA",0,0