"CASEID","POINT_X","POINT_Y","YEAR_","LOCATION","CHPTYPE","DAYWEEK","CRASHSEV","VIOLCAT","KILLED","INJURED","WEATHER1","PEDCOL","BICCOL","MCCOL","TRUCKCOL","ETOH","TIMECAT","MONTH_","CRASHTYP","INVOLVE","PED","PRIMARYRD","SECONDRD","DISTANCE","DIRECT","INTERSECT_","PROCDATE","JURIS","DATE_","TIME_","BADGE","JURIDIST","SHIFT","POP","SPECIAL","BEATTYPE","LAPDDIV","BEATCLAS","BEATNUMB","WEATHER2","STATEHW","CALTRANC","CALTRAND","STROUTE","ROUTESUF","POSTPRE","POSTMILE","LOCATYPE","RAMP","SIDEHW","TOWAWAY","PARTIES","PCF","VIOLCODE","VIOL","VIOLSUB","HITRUN","ROADSURF","RDCOND1","RDCOND2","LIGHTING","RIGHTWAY","CHPRDTYP","NOTPRIV","STFAULT","CHPFAULT","SEVINJ","OTHERINJ","COP","PEDKILL","PEDINJ","BICKILL","BICINJ","MCKILL","MCINJURE","RAMP1","RAMP2","CITY","COUNTY","STATE","X_CHP","Y_CHP"
"7167139",-121.4282868,38.6263746,2016,"3404","0","2","4","03",0,1,"B",,,,,"Y",1200,1,"E","I","A","ARCADE BL","DIGGS PARK DR",300,"W","N","2016-02-02",3404,"2016-01-19",1157,"774",,"5","7","0","0",,"0","02B","C","N",,0,0,,,0,,,,"Y",1,"A","-",22350,,"N","B","H","-","A","A","0","Y","A","01",0,0,1,0,0,0,0,0,0,"-","-","SACRAMENTO","SACRAMENTO","CA",0,0
"7167127",-121.4755631,38.612195,2016,"3404","0","5","2","11",0,1,"B","Y",,,,,2100,1,"G","B","D","NORTHGATE BL","PERALTA AV",0,,"Y","2016-02-02",3404,"2016-01-15",2043,"554","1C","5","7","0","0",,"0",,"C","N",,0,0,,,0,,,,"N",2,"A","-",21955,,"N","B","H","-","C","D","0","Y","N","60",1,0,0,0,1,0,0,0,0,"-","-","SACRAMENTO","SACRAMENTO","CA",0,0
"7167123",-121.4903731,38.569635,2016,"3404","0","3","4","08",0,1,"A",,,,,,2400,1,"D","D","A","15TH ST","R ST",0,,"Y","2016-02-02",3404,"2016-01-13",2305,"378","3","5","7","0","0",,"0","00A","-","N",,0,0,,,0,,,,"Y",2,"A","-",22100,"5","N","A","H","-","C","A","0","Y","A","01",0,0,1,0,0,0,0,0,0,"-","-","SACRAMENTO","SACRAMENTO","CA",0,0
"7166710",-121.5040131,38.6374851,2016,"3404","0","2","4","08",0,2,"A",,,,,,1500,1,"D","C","A","GATEWAY PARK BL","TRUXEL RD",0,,"Y","2016-01-26",3404,"2016-01-12",1313,"493","1A","5","7","0","0",,"0",,"-","N",,0,0,,,0,,,,"Y",2,"A","-",22107,,"N","A","H","-","A","A","0","Y","A","01",0,0,2,0,0,0,0,0,0,"-","-","SACRAMENTO","SACRAMENTO","CA",0,0
"7166686",-121.4979131,38.6205551,2016,"3404","0","3","4","04",0,1,"A",,,,,,1800,1,"C","C","A","TRUXEL RD","WOODLAND OAKS WY",0,,"Y","2016-01-26",3404,"2016-01-20",1627,"0788","1","5","7","0","0",,"0","01C","-","N",,0,0,,,0,,,,"Y",2,"A","-",21703,,"N","A","H","-","A","D","0","Y","A","01",0,0,1,0,0,0,0,0,0,"-","-","SACRAMENTO","SACRAMENTO","CA",0,0
"7166678",-121.427829,38.548052,2016,"3404","0","2","4","09",0,1,"C",,,,,,1200,1,"D","C","A","65TH ST","4TH AV",114,"S","N","2016-01-26",3404,"2016-01-19",915,"8141",,"5","7","0","0",,"0","00B","-","N",,0,0,,,0,,,,"Y",2,"A","-",21801,"A","N","B","H","-","A","A","0","Y","A","01",0,0,1,0,0,0,0,0,0,"-","-","SACRAMENTO","SACRAMENTO","CA",0,0
"7166674",-121.437003,38.474325,2016,"3404","0","1","4","03",0,1,"B",,,,,,2100,1,"C","C","A","MACK RD","CENTER PKWY",0,,"Y","2016-01-26",3404,"2016-01-18",1813,"8169",,"5","7","0","0",,"0",,"-","N",,0,0,,,0,,,,"N",2,"A","-",22350,,"F","B","H","-","C","A","0","Y","A","01",0,0,1,0,0,0,0,0,0,"-","-","SACRAMENTO","SACRAMENTO","CA",0,0
"7166670",-121.4754231,38.504635,2016,"3404","0","4","4","09",0,1,"B",,,,,,2100,1,"D","C","A","52ND AV","CARNATION AV",0,,"Y","2016-01-26",3404,"2016-01-14",1915,"8169",,"5","7","0","0",,"0",,"-","N",,0,0,,,0,,,,"Y",2,"A","-",21802,"A","N","B","H","-","C","A","0","Y","A","01",0,0,1,0,0,0,0,0,0,"-","-","SACRAMENTO","SACRAMENTO","CA",0,0
"7166642",0,0,2016,"3404","0","6","4","12",0,3,"C",,,,,,300,1,"D","C","A","FRANKLIN BL","SHINING STAR DR",0,,"Y","2016-02-08",3404,"2016-01-16",3,"0929","P5","5","7","0","0",,"0","05B","-","N",,0,0,,,0,,,,"Y",2,"A","-",21453,"A","N","B","H","-","C","A","0","Y","-","-",0,0,3,0,0,0,0,0,0,"-","-","SACRAMENTO","SACRAMENTO","CA",0,0
"7166469",-121.423453,38.611095,2016,"3404","0","3","3","09",0,3,"A",,,,,,1200,1,"D","C","A","EL CAMINO AV","ALBATROSS WY",0,,"Y","2016-02-04",3404,"2016-01-27",1024,"0298",,"5","7","0","0",,"0",,"-","N",,0,0,,,0,,,,"Y",4,"A","-",21802,"A","N","A","H","-","A","A","0","Y","D","22",0,1,2,0,0,0,0,0,0,"-","-","SACRAMENTO","SACRAMENTO","CA",0,0
"7166465",-121.4372244,38.5581177,2016,"3404","0","2","4","03",0,1,"A",,,,,,1800,1,"C","C","A","FOLSOM BL","57TH ST",6,"E","N","2016-02-04",3404,"2016-01-26",1537,"0649",,"5","7","0","0",,"0",,"-","N",,0,0,,,0,,,,"N",2,"A","-",22350,,"N","A","H","-","A","D","0","Y","A","01",0,0,1,0,0,0,0,0,0,"-","-","SACRAMENTO","SACRAMENTO","CA",0,0
"7166115",0,0,2016,"3404","0","4","4","03",0,1,"C",,,,,,1800,1,"C","C","A","ARCADE BL","KENWOOD ST",1180,"E","N","2016-03-03",3404,"2016-01-14",1526,"536",,"5","7","0","0",,"0","02C","-","N",,0,0,,,0,,,,"Y",2,"A","-",22350,,"N","B","H","-","A","A","0","Y","A","01",0,0,1,0,0,0,0,0,0,"-","-","SACRAMENTO","SACRAMENTO","CA",0,0
"7166087",0,0,2016,"3404","0","7","4","00",0,2,"A",,,,,,2100,1,"E","-","A","ARROYO VISTA DR","ARROYO VISTA DR 8178",21,"W","N","2016-02-29",3404,"2016-01-10",1839,"520","P5","5","7","0","0",,"0","05C","-","N",,0,0,,,0,,,,"Y",1,"A","-",23103,,"N","A","H","-","C","D","0","Y","A","01",0,0,2,0,0,0,0,0,0,"-","-","SACRAMENTO","SACRAMENTO","CA",0,0
"7166080",-121.4825432,38.577425,2016,"3404","0","5","3","09",0,1,"A",,,,,,300,1,"D","C","A","J ST","18TH ST",0,,"Y","2016-01-25",3404,"2016-01-01",156,"0532","3","5","7","0","0",,"0","00B","-","N",,0,0,,,0,,,,"Y",2,"A","-",21802,"A","N","-","H","-","C","A","0","Y","A","01",0,1,0,0,0,0,0,0,0,"-","-","SACRAMENTO","SACRAMENTO","CA",0,0
"7166076",-121.4972733,38.5714799,2016,"3404","0","6","4","08",0,1,"C","Y",,,,,300,1,"G","B","B","R ST","10TH ST",6,"E","N","2016-01-25",3404,"2016-01-16",105,"8168","3","5","7","0","0",,"0","00A","-","N",,0,0,,,0,,,,"N",2,"A","-",22107,,"F","B","H","-","C","A","0","Y","-","99",0,0,1,0,1,0,0,0,0,"-","-","SACRAMENTO","SACRAMENTO","CA",0,0
"7166072",-121.5218731,38.491745,2016,"3404","0","7","4","12",0,2,"A",,,,,,1500,1,"D","C","A","GREEN HAVEN DR","WINDBRIDGE DR",0,,"Y","2016-01-25",3404,"2016-01-10",1217,"8167",,"5","7","0","0",,"0","04C","-","N",,0,0,,,0,,,,"Y",2,"A","-",21453,"A","N","A","H","-","A","A","0","Y","A","01",0,0,2,0,0,0,0,0,0,"-","-","SACRAMENTO","SACRAMENTO","CA",0,0
"7166064",-121.4268532,38.618385,2016,"3404","0","5","4","03",0,2,"A",,,,,,2100,1,"H","I","A","AUBURN BL","IRIS AV",0,"N","N","2016-01-28",3404,"2016-01-15",2053,"0794",,"5","7","0","0",,"0",,"-","N",,0,0,,,0,,,,"N",1,"A","-",22350,,"N","A","H","-","D","D","0","Y","A","01",0,0,2,0,0,0,0,0,0,"-","-","SACRAMENTO","SACRAMENTO","CA",0,0
"7166060",-121.498523,38.563215,2016,"3404","0","7","1","12",1,0,"B",,"Y",,,,1200,1,"D","G","A","BROADWAY","RIVERSIDE BL",0,,"Y","2016-10-05",3404,"2016-01-10",917,"8167","4A","5","7","0","0",,"0",,"-","N",,0,0,,,0,,,,"N",2,"A","-",21453,"A","N","B","H","-","A","A","0","Y","L","04",0,0,0,0,0,1,0,0,0,"-","-","SACRAMENTO","SACRAMENTO","CA",0,0
"7166056",-121.482724,38.4956226,2016,"3404","0","4","4","03",0,1,"A",,,,,,2100,1,"E","I","A","24TH ST","24TH ST BYPASS",81,"S","N","2016-01-22",3404,"2016-01-14",2034,"0356","5","5","7","0","0",,"0","00A","-","N",,0,0,,,0,,,,"Y",1,"A","-",22350,,"N","B","H","-","D","-","0","Y","A","01",0,0,1,0,0,0,0,0,0,"-","-","SACRAMENTO","SACRAMENTO","CA",0,0
"7166052",-121.458243,38.474735,2016,"3404","0","2","4","09",0,1,"A",,,,,,2400,1,"D","C","A","DEER MEADOW DR","MACK RD",0,,"Y","2016-01-22",3404,"2016-01-12",2124,"0253","5","5","7","0","0",,"0","00B","-","N",,0,0,,,0,,,,"Y",2,"A","-",21801,"A","N","A","H","-","C","A","0","Y","A","01",0,0,1,0,0,0,0,0,0,"-","-","SACRAMENTO","SACRAMENTO","CA",0,0
"7166044",-121.438193,38.5447551,2016,"3404","0","5","3","00",0,1,"A",,"Y",,,,1800,1,"D","G","A","58TH ST","8TH AV",0,,"Y","2016-02-08",3404,"2016-01-08",1527,"3800","6B","5","7","0","0",,"0",,"-","N",,0,0,,,0,,,,"N",2,"A","-",21453,,"N","A","H","-","A","D","0","Y","A","01",0,1,0,0,0,0,1,0,0,"-","-","SACRAMENTO","SACRAMENTO","CA",0,0
"7166040",-121.4722032,38.5635751,2016,"3404","0","2","4","12",0,2,"A",,,,,,1200,1,"D","C","A","29TH ST","S ST",0,,"Y","2016-01-25",3404,"2016-01-12",1135,"8193","3","5","7","0","0",,"0","00B","-","N",,0,0,,,0,,,,"Y",2,"A","-",21453,"A","N","A","H","-","A","A","0","Y","A","01",0,0,2,0,0,0,0,0,0,"-","-","SACRAMENTO","SACRAMENTO","CA",0,0
"7166036",-121.4969931,38.5824951,2016,"3404","0","6","4","17",0,4,"C",,,,,,300,1,"D","C","A","I ST","7TH ST",0,,"Y","2016-01-25",3404,"2016-01-09",8,"0665","3","5","7","0","0",,"0","00A","-","N",,0,0,,,0,,,,"Y",2,"A","-",21657,,"F","B","H","-","C","A","0","Y","A","01",0,0,4,0,0,0,0,0,0,"-","-","SACRAMENTO","SACRAMENTO","CA",0,0
"7166032",0,0,2016,"3404","0","1","4","12",0,1,"A",,,,,,2400,1,"D","C","A","E COMMERCE WY","DEL PASO RD",18,"S","N","2016-01-25",3404,"2016-01-11",2159,"602","1","5","7","0","0",,"0","00A","-","N",,0,0,,,0,,,,"Y",2,"A","-",21453,"A","N","A","H","-","C","A","0","Y","-","-",0,0,1,0,0,0,0,0,0,"-","-","SACRAMENTO","SACRAMENTO","CA",0,0
"7166028",-121.4971946,38.5752598,2016,"3404","0","4","4","21",0,1,"B",,,,,,900,1,"C","E","A","9TH ST","O ST",45,"N","N","2016-01-22",3404,"2016-01-07",615,"8207","3A","5","7","0","0",,"0","00A","-","N",,0,0,,,0,,,,"N",2,"A","-",22106,,"N","B","H","-","B","A","0","Y","A","01",0,0,1,0,0,0,0,0,0,"-","-","SACRAMENTO","SACRAMENTO","CA",0,0
"7166016",-121.5045816,38.6126902,2016,"3404","0","7","4","03",0,1,"B",,,,,,1200,1,"E","I","A","WEST EL CAMINO AV","AZEVEDO DR",155,"E","N","2016-01-25",3404,"2016-01-17",1016,"0835",,"5","7","0","0",,"0","01B","-","N",,0,0,,,0,,,,"Y",1,"A","-",22350,,"N","B","H","-","A","A","0","Y","A","01",0,0,1,0,0,0,0,0,0,"-","-","SACRAMENTO","SACRAMENTO","CA",0,0
"7166008",-121.5073129,38.5655525,2016,"3404","0","4","4","03",0,1,"C",,,,,,2100,1,"E","I","A","5TH ST","BROADWAY",21,"S","N","2016-01-25",3404,"2016-01-14",1821,"416","4A","5","7","0","0",,"0",,"-","N",,0,0,,,0,,,,"Y",1,"A","-",22350,,"N","B","H","-","C","A","0","Y","A","01",0,0,1,0,0,0,0,0,0,"-","-","SACRAMENTO","SACRAMENTO","CA",0,0
"7166004",-121.4641431,38.578585,2016,"3404","0","6","4","00",0,2,"C",,,,,,1200,1,"D","C","A","30TH ST","E ST",0,,"Y","2016-01-25",3404,"2016-01-16",1004,"8193","6","5","7","0","0",,"0","00D","-","N",,0,0,,,0,,,,"Y",2,"A","-",21450,,"N","B","H","-","A","A","0","Y","A","07",0,0,2,0,0,0,0,0,0,"-","-","SACRAMENTO","SACRAMENTO","CA",0,0
"7165537",-121.1698219,38.7066655,2016,"3401","0","5","3","03",0,1,"B",,,,,,1800,1,"C","C","A","FOLSOM-AUBURN RD","FOLSOM DAM RD",150,"N","N","2016-01-25",3401,"2016-01-08",1732,"177","3401","5","5","0","0",,"0","001","-","N",,0,0,,,0,,,,"Y",4,"A","-",22350,,"N","A","H","-","C","A","0","Y","A","01",0,1,0,0,0,0,0,0,0,"-","-","FOLSOM","SACRAMENTO","CA",0,0
"7165533",-121.482724,38.4959027,2016,"3404","0","4","3","10",0,1,"B","Y",,,,,2100,1,"G","B","B","24TH ST","FLORIN RD",21,"N","N","2016-01-25",3404,"2016-01-07",1814,"8169",,"5","7","0","0",,"0",,"-","N",,0,0,,,0,,,,"N",2,"A","-",21950,"A","F","B","H","-","C","A","0","Y","A","01",0,1,0,0,1,0,0,0,0,"-","-","SACRAMENTO","SACRAMENTO","CA",0,0
"7165529",-121.4920037,38.5247651,2016,"3404","0","1","3","03",0,2,"A",,,,,,2100,1,"C","C","A","FRUITRIDGE RD","HELEN WY",17,"E","N","2016-01-25",3404,"2016-01-11",1901,"883","4","5","7","0","0",,"0","00B","-","N",,0,0,,,0,,,,"Y",2,"A","-",22350,,"N","A","H","-","C","A","0","Y","A","01",0,1,1,0,0,0,0,0,0,"-","-","SACRAMENTO","SACRAMENTO","CA",0,0
"7165525",-121.4954931,38.530175,2016,"3404","0","2","4","09",0,1,"A",,,,,,900,1,"D","C","A","FREEPORT BL","POTRERO WY",0,,"Y","2016-01-25",3404,"2016-01-12",859,"0729","4","5","7","0","0",,"0","00A","-","N",,0,0,,,0,,,,"N",2,"A","-",21801,"A","N","A","H","-","A","D","0","Y","A","01",0,0,1,0,0,0,0,0,0,"-","-","SACRAMENTO","SACRAMENTO","CA",0,0
"7164797",0,0,2016,"3401","0","1","4","08",0,2,"B",,,,,,1500,1,"D","C","A","FOLSOM-AUBURN RD","FOLSOM LAKE CROSSING",860,"S","N","2016-01-29",3401,"2016-01-04",1335,"180","CA034","5","5","0","0",,"0","001","-","N",,0,0,,,0,,,,"Y",2,"A","-",22107,,"N","B","H","-","A","D","0","Y","A","01",0,0,2,0,0,0,0,0,0,"-","-","FOLSOM","SACRAMENTO","CA",-121.17031,38.70518
"7164794",-121.4722032,38.5635751,2016,"3404","0","6","4","12",0,1,"A",,,,,,1800,1,"D","C","A","29TH ST","S ST",0,,"Y","2016-01-29",3404,"2016-01-23",1617,"321","3","5","7","0","0",,"0","00B","-","N",,0,0,,,0,,,,"Y",2,"A","-",21453,"A","N","A","H","-","B","A","0","Y","A","01",0,0,1,0,0,0,0,0,0,"-","-","SACRAMENTO","SACRAMENTO","CA",0,0
"7164793",-121.161024,38.6718499,2016,"3401","0","1","3","01",0,1,"-",,,,,"Y",1500,1,"-","I","A","E BIDWELL ST","WALES DR",75,"S","N","2016-01-29",3401,"2016-01-11",1234,"163","CA034","5","5","0","0",,"0","002","-","N",,0,0,,,0,,,,"N",1,"A","-",23152,"A","N","A","H","-","A","D","0","Y","A","01",0,1,0,0,0,0,0,0,0,"-","-","FOLSOM","SACRAMENTO","CA",0,0
"7164790",-121.42749,38.5527952,2016,"3404","0","5","4","10",0,1,"B","Y",,,,,2100,1,"G","B","C","Q ST","65TH ST",125,"E","N","2016-01-29",3404,"2016-01-22",2036,"346","6","5","7","0","0",,"0","00D","-","N",,0,0,,,0,,,,"N",2,"A","-",21950,"A","F","B","H","-","C","D","0","Y","A","01",0,0,1,0,1,0,0,0,0,"-","-","SACRAMENTO","SACRAMENTO","CA",0,0
"7164789",-121.1233205,38.6908348,2016,"3401","0","4","3","03",0,1,"B",,,,,,1500,1,"D","C","A","E NATOMA ST","BLUE RAVINE RD",21,"E","N","2016-01-29",3401,"2016-01-07",1358,"163","CA034","5","5","0","0",,"0","003","-","N",,0,0,,,0,,,,"Y",2,"A","-",22350,,"N","B","H","-","A","A","0","Y","A","01",0,1,0,0,0,0,0,0,0,"-","-","FOLSOM","SACRAMENTO","CA",0,0
"7164786",0,0,2016,"3404","0","5","4","11",0,1,"B","Y",,,,,1800,1,"G","B","D","54TH ST","FOLSOM BL",117,"N","N","2016-01-29",3404,"2016-01-22",1507,"417",,"5","7","0","0",,"0",,"-","N",,0,0,,,0,,,,"N",2,"A","-",21954,"A","N","B","H","-","A","D","0","Y","N","60",0,0,1,0,1,0,0,0,0,"-","-","SACRAMENTO","SACRAMENTO","CA",0,0
"7164785",0,0,2016,"3401","0","5","4","04",0,1,"A",,,,,,1800,1,"C","C","A","FOLSOM-AUBURN RD","GREENBACK LN",20,"S","N","2016-01-29",3401,"2016-01-15",1600,"230","CA034","5","5","0","0",,"0","001","-","N",,0,0,,,0,,,,"N",2,"A","-",21703,,"N","A","H","-","A","A","0","Y","A","01",0,0,1,0,0,0,0,0,0,"-","-","FOLSOM","SACRAMENTO","CA",-121.1792,38.68418
"7164782",-121.449743,38.539455,2016,"3404","0","5","4","00",0,1,"B",,,,,,1200,1,"C","C","A","14TH AV","STOCKTON BL",0,"E","N","2016-01-29",3404,"2016-01-22",1137,"0842","6","5","7","0","0",,"0","00B","-","N",,0,0,,,0,,,,"Y",2,"A","-",22350,"A","N","B","H","-","A","D","0","Y","A","01",0,0,1,0,0,0,0,0,0,"-","-","SACRAMENTO","SACRAMENTO","CA",0,0
"7164781",0,0,2016,"3401","0","4","4","03",0,1,"A",,,,,,1800,1,"C","C","A","FOLSOM-AUBURN RD","FOLSOM DAM RD N",135,"S","N","2016-01-29",3401,"2016-01-14",1739,"233","CA034","5","5","0","0",,"0","001","-","N",,0,0,,,0,,,,"N",3,"A","-",22350,,"N","A","H","-","C","D","0","Y","A","01",0,0,1,0,0,0,0,0,0,"-","-","FOLSOM","SACRAMENTO","CA",-121.17657,38.70921
"7164778",-121.4838994,38.5814254,2016,"3404","0","4","4","08",0,1,"A",,,,,,1800,1,"B","E","A","G ST","16TH ST",23,"W","N","2016-01-29",3404,"2016-01-21",1508,"0300","3","5","7","0","0",,"0","03A","-","N",,0,0,,,0,,,,"Y",2,"A","-",22107,,"N","A","H","-","A","A","0","Y","A","08",0,0,1,0,0,0,0,0,0,"-","-","SACRAMENTO","SACRAMENTO","CA",0,0
"7164777",-121.169299,38.6781123,2016,"3401","0","3","4","03",0,1,"C",,,,,,1500,1,"C","-","A","NATOMA ST","COLOMA ST",306,"E","N","2016-01-29",3401,"2016-01-13",1357,"203","3401","5","5","0","0",,"0","002","-","N",,0,0,,,0,,,,"N",2,"A","-",22350,,"N","B","H","-","A","A","0","Y","A","07",0,0,1,0,0,0,0,0,0,"-","-","FOLSOM","SACRAMENTO","CA",0,0
"7164773",-121.1702043,38.6654489,2016,"3401","0","3","4","03",0,1,"C",,,,,,900,1,"E","I","A","GLENN DR","VIERRA CIR",405,"E","N","2016-01-29",3401,"2016-01-13",819,"227",,"5","5","0","0",,"0",,"-","N",,0,0,,,0,,,,"N",1,"A","-",22350,,"N","B","H","-","A","D","0","Y","A","01",0,0,1,0,0,0,0,0,0,"-","-","FOLSOM","SACRAMENTO","CA",0,0
"7164774",-121.5103331,38.6112951,2016,"3404","0","1","4","12",0,1,"A",,,,,,1500,1,"D","C","A","WEST EL CAMINO AV","RT 5",0,,"Y","2017-02-10",3404,"2016-01-18",1406,"559","1","5","7","0","0",,"0","01B","-","Y","SAC",3,5,"-","-",25.777,"R","4","N","Y",2,"A","-",21453,"A","N","A","H","-","A","A","0","Y","A","07",0,0,1,0,0,0,0,0,0,"-","WF","SACRAMENTO","SACRAMENTO","CA",0,0
"7164770",0,0,2016,"3404","0","4","4","00",0,1,"A",,,,,,1200,1,"-","E","A","COLCHESTER AV","GIBRALTAR ST",0,"E","N","2016-01-29",3404,"2016-01-21",1119,"835",,"5","7","0","0",,"0","01A","-","N",,0,0,,,0,,,,"Y",2,"A","-",21658,,"N","A","H","-","A","D","0","Y","A","01",0,0,1,0,0,0,0,0,0,"-","-","SACRAMENTO","SACRAMENTO","CA",0,0
"7164769",-121.1729224,38.6741341,2016,"3401","0","5","4","03",0,1,"A",,,,,"Y",1500,1,"C","C","A","RILEY ST","PERSIFER ST",205,"S","N","2016-01-29",3401,"2016-01-15",1220,"216","CA034","5","5","0","0",,"0","002","-","N",,0,0,,,0,,,,"N",2,"A","-",22350,,"F","A","H","-","A","D","0","Y","A","01",0,0,1,0,0,0,0,0,0,"-","-","FOLSOM","SACRAMENTO","CA",0,0
"7164766",-121.4923031,38.565265,2016,"3404","0","4","4","09",0,1,"A",,,,,,1800,1,"D","C","A","15TH ST","V ST",0,,"Y","2016-01-29",3404,"2016-01-14",1711,"533","SACRA","5","7","0","0",,"0","03A","-","N",,0,0,,,0,,,,"Y",2,"A","-",21802,"A","N","A","H","-","C","A","0","Y","A","01",0,0,1,0,0,0,0,0,0,"-","-","SACRAMENTO","SACRAMENTO","CA",0,0
"7164765",0,0,2016,"3401","0","7","3","03",0,1,"C",,,,,,2100,1,"E","I","A","E NATOMA ST","BOWEN DR",330,"S","N","2016-01-29",3401,"2016-01-17",2046,"230","CA034","5","5","0","0",,"0","003","-","N",,0,0,,,0,,,,"Y",1,"A","-",22350,,"N","B","H","-","C","D","0","Y","A","01",0,1,0,0,0,0,0,0,0,"-","-","FOLSOM","SACRAMENTO","CA",-121.11127,38.6806
"7164762",-121.4755432,38.6332074,2016,"3404","0","1","4","09",0,1,"A",,,,,,2100,1,"D","C","A","NORTHGATE BL","PATIO AV",72,"S","N","2016-01-29",3404,"2016-01-11",1829,"0573",,"5","7","0","0",,"0",,"-","N",,0,0,,,0,,,,"N",2,"A","-",21804,"A","N","A","H","-","C","D","0","Y","A","07",0,0,1,0,0,0,0,0,0,"-","-","SACRAMENTO","SACRAMENTO","CA",0,0
"7164761",0,0,2016,"3401","0","4","4","21",0,1,"C",,,,,,1800,1,"C","C","A","FOLSOM-AUBURN RD","GREENBACK LN",65,"N","N","2016-01-29",3401,"2016-01-14",1655,"225","CA034","5","5","0","0",,"0","001","-","N",,0,0,,,0,,,,"Y",2,"A","-",22106,,"N","B","H","-","C","A","0","Y","A","01",0,0,1,0,0,0,0,0,0,"-","-","FOLSOM","SACRAMENTO","CA",-121.1792,38.68418
"7164757",-121.164843,38.651295,2016,"3401","0","5","4","03",0,2,"B",,,,,,900,1,"C","C","A","PRAIRIE CITY RD","WILLARD DR",0,,"Y","2016-01-29",3401,"2016-01-15",730,"222","CA034","5","5","0","0",,"0","004","-","N",,0,0,,,0,,,,"Y",3,"A","-",22350,,"N","B","H","-","A","A","0","Y","A","01",0,0,2,0,0,0,0,0,0,"-","-","FOLSOM","SACRAMENTO","CA",-121.16481,38.65136
"7164753",-121.1879487,38.6467668,2016,"3401","0","3","4","03",0,1,"A",,,"Y",,,1200,1,"C","-","A","FOLSOM BL","NATOMA STATION DR",362,"N","N","2016-01-29",3401,"2016-01-20",930,"159","CA034","5","5","0","0",,"0","004","-","N",,0,0,,,0,,,,"Y",2,"A","-",22350,,"N","B","H","-","A","A","0","Y","C","02",0,0,1,0,0,0,0,0,1,"-","-","FOLSOM","SACRAMENTO","CA",-121.18874,38.64594
"7164729",0,0,2016,"3450","0","2","4","08",0,1,"A",,,,,,1800,1,"D","C","A","WHITELOCK PKWY","SCHULER RANCH RD",150,"E","N","2016-01-29",340,"2016-01-12",1526,"10076","4302","5","5","0","0",,"0","004","-","N",,0,0,,,0,,,,"N",2,"A","-",22107,,"N","A","H","-","A","D","0","Y","A","01",0,0,1,0,0,0,0,0,0,"-","-","ELK GROVE","SACRAMENTO","CA",0,0
"7164710",-121.1839831,38.6639351,2016,"3401","0","2","3","03",0,2,"B",,,,,,1500,1,"C","C","A","FOLSOM BL","GLENN DR",0,,"Y","2016-01-29",3401,"2016-01-12",1337,"203","3401","5","5","0","0",,"0","004","-","N",,0,0,,,0,,,,"Y",2,"A","-",22350,,"N","A","H","-","A","A","0","Y","D","22",0,1,1,0,0,0,0,0,0,"-","-","FOLSOM","SACRAMENTO","CA",-121.18396,38.66396
"7164674",-121.3923856,38.4091142,2016,"3450","0","5","4","03",0,1,"B",,,,,,1200,1,"C","C","A","ELK GROVE BL","AUTO CENTER DR",48,"E","N","2016-01-29",340,"2016-01-15",1042,"10068","4203","5","5","0","0",,"0","004","-","N",,0,0,,,0,,,,"N",2,"A","-",22350,,"N","A","H","-","A","A","0","Y","D","22",0,0,1,0,0,0,0,0,0,"-","-","ELK GROVE","SACRAMENTO","CA",0,0
"7164652",-121.5049105,38.566189,2016,"3404","0","6","4","07",0,1,"B",,,,,,1500,1,"B","C","A","X ST","6TH ST",176,"E","N","2016-01-29",3404,"2016-01-23",1236,"0732","4","5","7","0","0",,"0","00A","-","N",,0,0,,,0,,,,"Y",2,"A","-",21658,"A","N","A","H","-","A","D","0","Y","A","07",0,0,1,0,0,0,0,0,0,"-","-","SACRAMENTO","SACRAMENTO","CA",0,0
"7164648",0,0,2016,"3404","0","5","3","09",0,1,"C",,,,,,600,1,"D","C","A","FLORIN PERKINS RD","RAMOS CT",0,,"Y","2016-02-26",3404,"2016-01-22",532,"991","6","5","7","0","0",,"0","00C","-","N",,0,0,,,0,,,,"Y",2,"A","-",21801,"A","N","B","H","-","B","A","0","Y","-",,0,1,0,0,0,0,0,0,0,"-","-","SACRAMENTO","SACRAMENTO","CA",0,0
"7164644",-121.4444347,38.5333599,2016,"3404","0","5","3","21",0,1,"A","Y",,,,,1800,1,"G","E","D","53RD AV","20TH AV",60,"N","N","2016-01-29",3404,"2016-01-15",1502,"0902","6","5","7","0","0",,"0","06B","-","N",,0,0,,,0,,,,"N",3,"A","-",22106,,"N","A","H","-","A","D","0","Y","D","22",0,1,0,0,1,0,0,0,0,"-","-","SACRAMENTO","SACRAMENTO","CA",0,0
"7164181",-121.4461032,38.6330551,2016,"3404","0","1","4","22",0,1,"A",,,,,,2400,1,"D","C","A","SOUTH AV","RIO LINDA BL",0,,"Y","2016-02-04",3404,"2016-01-11",2318,"0307","SACRA","5","7","0","0",,"0","02A","-","N",,0,0,,,0,,,,"N",2,"B","-",0,,"N","A","H","-","C","A","0","Y","-","-",0,0,1,0,0,0,0,0,0,"-","-","SACRAMENTO","SACRAMENTO","CA",0,0